{"event": "split_lite_step", "task_id": 0, "batch": 0, "projected": 0, "collected": 25, "mean_removed_ratio": 0.0, "strict_current_topk": true, "project_active_experts": null}
{"event": "split_lite_step", "task_id": 0, "batch": 20, "projected": 0, "collected": 25, "mean_removed_ratio": 0.0, "strict_current_topk": true, "project_active_experts": null}
{"event": "split_lite_step", "task_id": 0, "batch": 40, "projected": 0, "collected": 25, "mean_removed_ratio": 0.0, "strict_current_topk": true, "project_active_experts": null}
{"event": "split_lite_step", "task_id": 0, "batch": 60, "projected": 0, "collected": 25, "mean_removed_ratio": 0.0, "strict_current_topk": true, "project_active_experts": null}
{"event": "split_lite_step", "task_id": 0, "batch": 80, "projected": 0, "collected": 25, "mean_removed_ratio": 0.0, "strict_current_topk": true, "project_active_experts": null}
{"event": "split_lite_step", "task_id": 0, "batch": 100, "projected": 0, "collected": 25, "mean_removed_ratio": 0.0, "strict_current_topk": true, "project_active_experts": null}
{"event": "split_lite_step", "task_id": 0, "batch": 120, "projected": 0, "collected": 25, "mean_removed_ratio": 0.0, "strict_current_topk": true, "project_active_experts": null}
{"event": "split_lite_step", "task_id": 0, "batch": 140, "projected": 0, "collected": 25, "mean_removed_ratio": 0.0, "strict_current_topk": true, "project_active_experts": null}
{"event": "split_lite_step", "task_id": 0, "batch": 160, "projected": 0, "collected": 25, "mean_removed_ratio": 0.0, "strict_current_topk": true, "project_active_experts": null}
{"event": "split_lite_step", "task_id": 0, "batch": 180, "projected": 0, "collected": 25, "mean_removed_ratio": 0.0, "strict_current_topk": true, "project_active_experts": null}
{"event": "split_lite_step", "task_id": 0, "batch": 200, "projected": 0, "collected": 25, "mean_removed_ratio": 0.0, "strict_current_topk": true, "project_active_experts": null}
{"event": "split_lite_step", "task_id": 0, "batch": 220, "projected": 0, "collected": 25, "mean_removed_ratio": 0.0, "strict_current_topk": true, "project_active_experts": null}
{"event": "split_lite_step", "task_id": 0, "batch": 240, "projected": 0, "collected": 25, "mean_removed_ratio": 0.0, "strict_current_topk": true, "project_active_experts": null}
{"event": "split_lite_step", "task_id": 0, "batch": 260, "projected": 0, "collected": 25, "mean_removed_ratio": 0.0, "strict_current_topk": true, "project_active_experts": null}
{"event": "split_lite_step", "task_id": 0, "batch": 280, "projected": 0, "collected": 25, "mean_removed_ratio": 0.0, "strict_current_topk": true, "project_active_experts": null}
{"event": "split_lite_step", "task_id": 0, "batch": 300, "projected": 0, "collected": 25, "mean_removed_ratio": 0.0, "strict_current_topk": true, "project_active_experts": null}
{"event": "split_lite_step", "task_id": 0, "batch": 320, "projected": 0, "collected": 25, "mean_removed_ratio": 0.0, "strict_current_topk": true, "project_active_experts": null}
{"event": "split_lite_step", "task_id": 0, "batch": 340, "projected": 0, "collected": 25, "mean_removed_ratio": 0.0, "strict_current_topk": true, "project_active_experts": null}
{"event": "split_lite_step", "task_id": 0, "batch": 360, "projected": 0, "collected": 25, "mean_removed_ratio": 0.0, "strict_current_topk": true, "project_active_experts": null}
{"event": "split_lite_step", "task_id": 0, "batch": 380, "projected": 0, "collected": 25, "mean_removed_ratio": 0.0, "strict_current_topk": true, "project_active_experts": null}
{"event": "split_lite_step", "task_id": 0, "batch": 400, "projected": 0, "collected": 25, "mean_removed_ratio": 0.0, "strict_current_topk": true, "project_active_experts": null}
{"event": "split_lite_step", "task_id": 0, "batch": 420, "projected": 0, "collected": 25, "mean_removed_ratio": 0.0, "strict_current_topk": true, "project_active_experts": null}
{"event": "split_lite_step", "task_id": 0, "batch": 440, "projected": 0, "collected": 25, "mean_removed_ratio": 0.0, "strict_current_topk": true, "project_active_experts": null}
{"event": "split_lite_step", "task_id": 0, "batch": 460, "projected": 0, "collected": 25, "mean_removed_ratio": 0.0, "strict_current_topk": true, "project_active_experts": null}
{"event": "split_lite_step", "task_id": 0, "batch": 480, "projected": 0, "collected": 25, "mean_removed_ratio": 0.0, "strict_current_topk": true, "project_active_experts": null}
{"event": "split_lite_step", "task_id": 0, "batch": 500, "projected": 0, "collected": 25, "mean_removed_ratio": 0.0, "strict_current_topk": true, "project_active_experts": null}
{"event": "split_lite_step", "task_id": 0, "batch": 520, "projected": 0, "collected": 25, "mean_removed_ratio": 0.0, "strict_current_topk": true, "project_active_experts": null}
{"event": "split_lite_step", "task_id": 0, "batch": 540, "projected": 0, "collected": 25, "mean_removed_ratio": 0.0, "strict_current_topk": true, "project_active_experts": null}
{"event": "split_lite_step", "task_id": 0, "batch": 560, "projected": 0, "collected": 25, "mean_removed_ratio": 0.0, "strict_current_topk": true, "project_active_experts": null}
{"event": "split_lite_step", "task_id": 0, "batch": 580, "projected": 0, "collected": 25, "mean_removed_ratio": 0.0, "strict_current_topk": true, "project_active_experts": null}
{"event": "split_lite_step", "task_id": 0, "batch": 600, "projected": 0, "collected": 25, "mean_removed_ratio": 0.0, "strict_current_topk": true, "project_active_experts": null}
{"event": "split_lite_step", "task_id": 0, "batch": 620, "projected": 0, "collected": 25, "mean_removed_ratio": 0.0, "strict_current_topk": true, "project_active_experts": null}
{"event": "split_lite_step", "task_id": 0, "batch": 640, "projected": 0, "collected": 25, "mean_removed_ratio": 0.0, "strict_current_topk": true, "project_active_experts": null}
{"event": "split_lite_step", "task_id": 0, "batch": 660, "projected": 0, "collected": 25, "mean_removed_ratio": 0.0, "strict_current_topk": true, "project_active_experts": null}
{"event": "split_lite_step", "task_id": 0, "batch": 680, "projected": 0, "collected": 25, "mean_removed_ratio": 0.0, "strict_current_topk": true, "project_active_experts": null}
{"event": "split_lite_step", "task_id": 0, "batch": 700, "projected": 0, "collected": 25, "mean_removed_ratio": 0.0, "strict_current_topk": true, "project_active_experts": null}
{"event": "split_lite_step", "task_id": 0, "batch": 720, "projected": 0, "collected": 25, "mean_removed_ratio": 0.0, "strict_current_topk": true, "project_active_experts": null}
{"event": "split_lite_step", "task_id": 0, "batch": 740, "projected": 0, "collected": 25, "mean_removed_ratio": 0.0, "strict_current_topk": true, "project_active_experts": null}
{"event": "split_lite_step", "task_id": 0, "batch": 760, "projected": 0, "collected": 25, "mean_removed_ratio": 0.0, "strict_current_topk": true, "project_active_experts": null}
{"event": "split_lite_step", "task_id": 0, "batch": 780, "projected": 0, "collected": 25, "mean_removed_ratio": 0.0, "strict_current_topk": true, "project_active_experts": null}
{"event": "split_lite_step", "task_id": 0, "batch": 800, "projected": 0, "collected": 25, "mean_removed_ratio": 0.0, "strict_current_topk": true, "project_active_experts": null}
{"event": "split_lite_step", "task_id": 0, "batch": 820, "projected": 0, "collected": 25, "mean_removed_ratio": 0.0, "strict_current_topk": true, "project_active_experts": null}
{"event": "split_lite_step", "task_id": 0, "batch": 840, "projected": 0, "collected": 25, "mean_removed_ratio": 0.0, "strict_current_topk": true, "project_active_experts": null}
{"event": "split_lite_step", "task_id": 0, "batch": 860, "projected": 0, "collected": 25, "mean_removed_ratio": 0.0, "strict_current_topk": true, "project_active_experts": null}
{"event": "split_lite_step", "task_id": 0, "batch": 880, "projected": 0, "collected": 25, "mean_removed_ratio": 0.0, "strict_current_topk": true, "project_active_experts": null}
{"event": "split_lite_step", "task_id": 0, "batch": 900, "projected": 0, "collected": 25, "mean_removed_ratio": 0.0, "strict_current_topk": true, "project_active_experts": null}
{"event": "split_lite_step", "task_id": 0, "batch": 920, "projected": 0, "collected": 25, "mean_removed_ratio": 0.0, "strict_current_topk": true, "project_active_experts": null}
{"event": "split_lite_step", "task_id": 0, "batch": 940, "projected": 0, "collected": 25, "mean_removed_ratio": 0.0, "strict_current_topk": true, "project_active_experts": null}
{"event": "split_lite_step", "task_id": 0, "batch": 960, "projected": 0, "collected": 25, "mean_removed_ratio": 0.0, "strict_current_topk": true, "project_active_experts": null}
{"event": "split_lite_step", "task_id": 0, "batch": 980, "projected": 0, "collected": 25, "mean_removed_ratio": 0.0, "strict_current_topk": true, "project_active_experts": null}
{"event": "split_lite_step", "task_id": 0, "batch": 1000, "projected": 0, "collected": 25, "mean_removed_ratio": 0.0, "strict_current_topk": true, "project_active_experts": null}
{"event": "split_lite_step", "task_id": 0, "batch": 1020, "projected": 0, "collected": 25, "mean_removed_ratio": 0.0, "strict_current_topk": true, "project_active_experts": null}
{"event": "split_lite_step", "task_id": 0, "batch": 1040, "projected": 0, "collected": 25, "mean_removed_ratio": 0.0, "strict_current_topk": true, "project_active_experts": null}
{"event": "split_lite_step", "task_id": 0, "batch": 1060, "projected": 0, "collected": 25, "mean_removed_ratio": 0.0, "strict_current_topk": true, "project_active_experts": null}
{"event": "split_lite_step", "task_id": 0, "batch": 1080, "projected": 0, "collected": 25, "mean_removed_ratio": 0.0, "strict_current_topk": true, "project_active_experts": null}
{"event": "split_lite_step", "task_id": 0, "batch": 1100, "projected": 0, "collected": 25, "mean_removed_ratio": 0.0, "strict_current_topk": true, "project_active_experts": null}
{"event": "split_lite_step", "task_id": 0, "batch": 1120, "projected": 0, "collected": 25, "mean_removed_ratio": 0.0, "strict_current_topk": true, "project_active_experts": null}
{"event": "split_lite_step", "task_id": 0, "batch": 1140, "projected": 0, "collected": 25, "mean_removed_ratio": 0.0, "strict_current_topk": true, "project_active_experts": null}
{"event": "split_lite_step", "task_id": 0, "batch": 1160, "projected": 0, "collected": 25, "mean_removed_ratio": 0.0, "strict_current_topk": true, "project_active_experts": null}
{"event": "split_lite_task_finish", "task_id": 0, "rank": 4, "alpha": 0.2, "interval": 20, "buffer_size": 24, "expert_threshold": 0.03, "active_topk": 16, "strict_current_topk": true, "active_experts": [0, 2, 4, 6, 8, 9, 11, 12, 13, 14, 15, 17, 19, 21, 22, 24], "usage": {"vector": [0.04444444552063942, 0.025048967450857162, 0.05838397145271301, 0.03641437366604805, 0.04984419420361519, 0.03333333507180214, 0.05208110809326172, 0.03611111268401146, 0.03888889029622078, 0.0416666679084301, 0.036120012402534485, 0.04444444552063942, 0.03888889029622078, 0.04995771124958992, 0.041634950786828995, 0.047213319689035416, 0.02500000037252903, 0.04721610248088837, 0.030695224180817604, 0.03953436762094498, 0.02500000037252903, 0.03888889029622078, 0.04696069285273552, 0.03333945572376251, 0.03888889029622078], "top3": [2, 6, 13], "top5": [2, 6, 13, 4, 17], "top3_mass": 0.16042278707027435, "top5_mass": 0.2574830949306488, "entropy": 3.196197509765625, "max_entropy": 3.2188758248682006}, "basis_sizes": {"e_pv": {"0": 4, "2": 4, "4": 4, "6": 4, "8": 4, "9": 4, "11": 4, "12": 4, "13": 4, "14": 4, "15": 4, "17": 4, "19": 4, "21": 4, "22": 4, "24": 4}}, "stats": {"project_calls": 59, "projected_vectors": 0, "collected_vectors": 1475, "skipped_steps": 1111}, "diagnostics": {"expert_usage_mode": "cumulative", "previous_selected_jaccard": 0.0, "cp_overlap": null}}
{"event": "split_lite_step", "task_id": 1, "batch": 1180, "projected": 16, "collected": 25, "mean_removed_ratio": 0.10473605641163886, "strict_current_topk": true, "project_active_experts": [0, 2, 4, 6, 8, 9, 11, 12, 13, 14, 15, 17, 19, 21, 22, 24]}
{"event": "split_lite_step", "task_id": 1, "batch": 1200, "projected": 16, "collected": 25, "mean_removed_ratio": 0.10200629686005414, "strict_current_topk": true, "project_active_experts": [0, 2, 4, 6, 8, 9, 11, 12, 13, 14, 15, 17, 19, 21, 22, 24]}
{"event": "split_lite_step", "task_id": 1, "batch": 1220, "projected": 16, "collected": 25, "mean_removed_ratio": 0.10285611497238278, "strict_current_topk": true, "project_active_experts": [0, 2, 4, 6, 8, 9, 11, 12, 13, 14, 15, 17, 19, 21, 22, 24]}
{"event": "split_lite_step", "task_id": 1, "batch": 1240, "projected": 16, "collected": 25, "mean_removed_ratio": 0.1038439313415438, "strict_current_topk": true, "project_active_experts": [0, 2, 4, 6, 8, 9, 11, 12, 13, 14, 15, 17, 19, 21, 22, 24]}
{"event": "split_lite_step", "task_id": 1, "batch": 1260, "projected": 16, "collected": 25, "mean_removed_ratio": 0.04077315592439845, "strict_current_topk": true, "project_active_experts": [0, 2, 4, 6, 8, 9, 11, 12, 13, 14, 15, 17, 19, 21, 22, 24]}
{"event": "split_lite_step", "task_id": 1, "batch": 1280, "projected": 16, "collected": 25, "mean_removed_ratio": 0.03816175676183775, "strict_current_topk": true, "project_active_experts": [0, 2, 4, 6, 8, 9, 11, 12, 13, 14, 15, 17, 19, 21, 22, 24]}
{"event": "split_lite_step", "task_id": 1, "batch": 1300, "projected": 16, "collected": 25, "mean_removed_ratio": 0.04651649680454284, "strict_current_topk": true, "project_active_experts": [0, 2, 4, 6, 8, 9, 11, 12, 13, 14, 15, 17, 19, 21, 22, 24]}
{"event": "split_lite_step", "task_id": 1, "batch": 1320, "projected": 16, "collected": 25, "mean_removed_ratio": 0.05424604774452746, "strict_current_topk": true, "project_active_experts": [0, 2, 4, 6, 8, 9, 11, 12, 13, 14, 15, 17, 19, 21, 22, 24]}
{"event": "split_lite_step", "task_id": 1, "batch": 1340, "projected": 16, "collected": 25, "mean_removed_ratio": 0.06461344414856285, "strict_current_topk": true, "project_active_experts": [0, 2, 4, 6, 8, 9, 11, 12, 13, 14, 15, 17, 19, 21, 22, 24]}
{"event": "split_lite_step", "task_id": 1, "batch": 1360, "projected": 16, "collected": 25, "mean_removed_ratio": 0.048048788914456964, "strict_current_topk": true, "project_active_experts": [0, 2, 4, 6, 8, 9, 11, 12, 13, 14, 15, 17, 19, 21, 22, 24]}
{"event": "split_lite_step", "task_id": 1, "batch": 1380, "projected": 16, "collected": 25, "mean_removed_ratio": 0.03435555152827874, "strict_current_topk": true, "project_active_experts": [0, 2, 4, 6, 8, 9, 11, 12, 13, 14, 15, 17, 19, 21, 22, 24]}
{"event": "split_lite_step", "task_id": 1, "batch": 1400, "projected": 16, "collected": 25, "mean_removed_ratio": 0.031887331686448306, "strict_current_topk": true, "project_active_experts": [0, 2, 4, 6, 8, 9, 11, 12, 13, 14, 15, 17, 19, 21, 22, 24]}
{"event": "split_lite_step", "task_id": 1, "batch": 1420, "projected": 16, "collected": 25, "mean_removed_ratio": 0.04903337953146547, "strict_current_topk": true, "project_active_experts": [0, 2, 4, 6, 8, 9, 11, 12, 13, 14, 15, 17, 19, 21, 22, 24]}
{"event": "split_lite_step", "task_id": 1, "batch": 1440, "projected": 16, "collected": 25, "mean_removed_ratio": 0.03256458468968049, "strict_current_topk": true, "project_active_experts": [0, 2, 4, 6, 8, 9, 11, 12, 13, 14, 15, 17, 19, 21, 22, 24]}
{"event": "split_lite_step", "task_id": 1, "batch": 1460, "projected": 16, "collected": 25, "mean_removed_ratio": 0.032750037556979805, "strict_current_topk": true, "project_active_experts": [0, 2, 4, 6, 8, 9, 11, 12, 13, 14, 15, 17, 19, 21, 22, 24]}
{"event": "split_lite_step", "task_id": 1, "batch": 1480, "projected": 16, "collected": 25, "mean_removed_ratio": 0.05065848340746015, "strict_current_topk": true, "project_active_experts": [0, 2, 4, 6, 8, 9, 11, 12, 13, 14, 15, 17, 19, 21, 22, 24]}
{"event": "split_lite_step", "task_id": 1, "batch": 1500, "projected": 16, "collected": 25, "mean_removed_ratio": 0.0367510755895637, "strict_current_topk": true, "project_active_experts": [0, 2, 4, 6, 8, 9, 11, 12, 13, 14, 15, 17, 19, 21, 22, 24]}
{"event": "split_lite_step", "task_id": 1, "batch": 1520, "projected": 16, "collected": 25, "mean_removed_ratio": 0.030366782273631543, "strict_current_topk": true, "project_active_experts": [0, 2, 4, 6, 8, 9, 11, 12, 13, 14, 15, 17, 19, 21, 22, 24]}
{"event": "split_lite_step", "task_id": 1, "batch": 1540, "projected": 16, "collected": 25, "mean_removed_ratio": 0.03205168226850219, "strict_current_topk": true, "project_active_experts": [0, 2, 4, 6, 8, 9, 11, 12, 13, 14, 15, 17, 19, 21, 22, 24]}
{"event": "split_lite_step", "task_id": 1, "batch": 1560, "projected": 16, "collected": 25, "mean_removed_ratio": 0.033487800508737564, "strict_current_topk": true, "project_active_experts": [0, 2, 4, 6, 8, 9, 11, 12, 13, 14, 15, 17, 19, 21, 22, 24]}
{"event": "split_lite_step", "task_id": 1, "batch": 1580, "projected": 16, "collected": 25, "mean_removed_ratio": 0.02383717492921278, "strict_current_topk": true, "project_active_experts": [0, 2, 4, 6, 8, 9, 11, 12, 13, 14, 15, 17, 19, 21, 22, 24]}
{"event": "split_lite_step", "task_id": 1, "batch": 1600, "projected": 16, "collected": 25, "mean_removed_ratio": 0.017964214042876847, "strict_current_topk": true, "project_active_experts": [0, 2, 4, 6, 8, 9, 11, 12, 13, 14, 15, 17, 19, 21, 22, 24]}
{"event": "split_lite_step", "task_id": 1, "batch": 1620, "projected": 16, "collected": 25, "mean_removed_ratio": 0.022239082667510957, "strict_current_topk": true, "project_active_experts": [0, 2, 4, 6, 8, 9, 11, 12, 13, 14, 15, 17, 19, 21, 22, 24]}
{"event": "split_lite_step", "task_id": 1, "batch": 1640, "projected": 16, "collected": 25, "mean_removed_ratio": 0.03354632665286772, "strict_current_topk": true, "project_active_experts": [0, 2, 4, 6, 8, 9, 11, 12, 13, 14, 15, 17, 19, 21, 22, 24]}
{"event": "split_lite_step", "task_id": 1, "batch": 1660, "projected": 16, "collected": 25, "mean_removed_ratio": 0.024424436895060353, "strict_current_topk": true, "project_active_experts": [0, 2, 4, 6, 8, 9, 11, 12, 13, 14, 15, 17, 19, 21, 22, 24]}
{"event": "split_lite_step", "task_id": 1, "batch": 1680, "projected": 16, "collected": 25, "mean_removed_ratio": 0.0305460425443016, "strict_current_topk": true, "project_active_experts": [0, 2, 4, 6, 8, 9, 11, 12, 13, 14, 15, 17, 19, 21, 22, 24]}
{"event": "split_lite_step", "task_id": 1, "batch": 1700, "projected": 16, "collected": 25, "mean_removed_ratio": 0.045909752836450934, "strict_current_topk": true, "project_active_experts": [0, 2, 4, 6, 8, 9, 11, 12, 13, 14, 15, 17, 19, 21, 22, 24]}
{"event": "split_lite_step", "task_id": 1, "batch": 1720, "projected": 16, "collected": 25, "mean_removed_ratio": 0.033615470165386796, "strict_current_topk": true, "project_active_experts": [0, 2, 4, 6, 8, 9, 11, 12, 13, 14, 15, 17, 19, 21, 22, 24]}
{"event": "split_lite_step", "task_id": 1, "batch": 1740, "projected": 16, "collected": 25, "mean_removed_ratio": 0.027654758363496512, "strict_current_topk": true, "project_active_experts": [0, 2, 4, 6, 8, 9, 11, 12, 13, 14, 15, 17, 19, 21, 22, 24]}
{"event": "split_lite_step", "task_id": 1, "batch": 1760, "projected": 16, "collected": 25, "mean_removed_ratio": 0.024561228550737724, "strict_current_topk": true, "project_active_experts": [0, 2, 4, 6, 8, 9, 11, 12, 13, 14, 15, 17, 19, 21, 22, 24]}
{"event": "split_lite_step", "task_id": 1, "batch": 1780, "projected": 16, "collected": 25, "mean_removed_ratio": 0.03264185014995746, "strict_current_topk": true, "project_active_experts": [0, 2, 4, 6, 8, 9, 11, 12, 13, 14, 15, 17, 19, 21, 22, 24]}
{"event": "split_lite_step", "task_id": 1, "batch": 1800, "projected": 16, "collected": 25, "mean_removed_ratio": 0.0390985103440471, "strict_current_topk": true, "project_active_experts": [0, 2, 4, 6, 8, 9, 11, 12, 13, 14, 15, 17, 19, 21, 22, 24]}
{"event": "split_lite_step", "task_id": 1, "batch": 1820, "projected": 16, "collected": 25, "mean_removed_ratio": 0.04011928057298064, "strict_current_topk": true, "project_active_experts": [0, 2, 4, 6, 8, 9, 11, 12, 13, 14, 15, 17, 19, 21, 22, 24]}
{"event": "split_lite_step", "task_id": 1, "batch": 1840, "projected": 16, "collected": 25, "mean_removed_ratio": 0.03542702185222879, "strict_current_topk": true, "project_active_experts": [0, 2, 4, 6, 8, 9, 11, 12, 13, 14, 15, 17, 19, 21, 22, 24]}
{"event": "split_lite_step", "task_id": 1, "batch": 1860, "projected": 16, "collected": 25, "mean_removed_ratio": 0.02478223413345404, "strict_current_topk": true, "project_active_experts": [0, 2, 4, 6, 8, 9, 11, 12, 13, 14, 15, 17, 19, 21, 22, 24]}
{"event": "split_lite_step", "task_id": 1, "batch": 1880, "projected": 16, "collected": 25, "mean_removed_ratio": 0.02206773468060419, "strict_current_topk": true, "project_active_experts": [0, 2, 4, 6, 8, 9, 11, 12, 13, 14, 15, 17, 19, 21, 22, 24]}
{"event": "split_lite_step", "task_id": 1, "batch": 1900, "projected": 16, "collected": 25, "mean_removed_ratio": 0.022088576020905748, "strict_current_topk": true, "project_active_experts": [0, 2, 4, 6, 8, 9, 11, 12, 13, 14, 15, 17, 19, 21, 22, 24]}
{"event": "split_lite_step", "task_id": 1, "batch": 1920, "projected": 16, "collected": 25, "mean_removed_ratio": 0.026439300156198442, "strict_current_topk": true, "project_active_experts": [0, 2, 4, 6, 8, 9, 11, 12, 13, 14, 15, 17, 19, 21, 22, 24]}
{"event": "split_lite_step", "task_id": 1, "batch": 1940, "projected": 16, "collected": 25, "mean_removed_ratio": 0.030960858828620985, "strict_current_topk": true, "project_active_experts": [0, 2, 4, 6, 8, 9, 11, 12, 13, 14, 15, 17, 19, 21, 22, 24]}
{"event": "split_lite_task_finish", "task_id": 1, "rank": 4, "alpha": 0.2, "interval": 20, "buffer_size": 24, "expert_threshold": 0.03, "active_topk": 16, "strict_current_topk": true, "active_experts": [0, 2, 3, 4, 6, 7, 8, 9, 11, 12, 13, 15, 17, 21, 22, 24], "usage": {"vector": [0.04583333432674408, 0.027685130015015602, 0.05593811348080635, 0.03857922554016113, 0.049922097474336624, 0.03150707855820656, 0.05224025249481201, 0.040275830775499344, 0.03996811434626579, 0.04109686613082886, 0.03750500828027725, 0.04214882850646973, 0.03947009518742561, 0.04780426621437073, 0.03751029446721077, 0.04590122029185295, 0.02775607630610466, 0.04457409679889679, 0.033406782895326614, 0.03797409310936928, 0.024996383115649223, 0.03997701779007912, 0.045701734721660614, 0.03333945572376251, 0.038888610899448395], "top3": [2, 6, 4], "top5": [2, 6, 4, 13, 15], "top3_mass": 0.1581004559993744, "top5_mass": 0.25180596113204956, "entropy": 3.201084613800049, "max_entropy": 3.2188758248682006}, "basis_sizes": {"e_pv": {"0": 4, "2": 4, "3": 4, "4": 4, "6": 4, "7": 4, "8": 4, "9": 4, "11": 4, "12": 4, "13": 4, "15": 4, "17": 4, "21": 4, "22": 4, "24": 4}}, "stats": {"project_calls": 98, "projected_vectors": 624, "collected_vectors": 2450, "skipped_steps": 1852}, "diagnostics": {"expert_usage_mode": "cumulative", "previous_selected_jaccard": 0.7777777777777778, "cp_overlap": null}}
{"event": "split_lite_step", "task_id": 2, "batch": 1960, "projected": 16, "collected": 25, "mean_removed_ratio": 0.06114636152051389, "strict_current_topk": true, "project_active_experts": [0, 2, 3, 4, 6, 7, 8, 9, 11, 12, 13, 15, 17, 21, 22, 24]}
{"event": "split_lite_step", "task_id": 2, "batch": 1980, "projected": 16, "collected": 25, "mean_removed_ratio": 0.06327019422315061, "strict_current_topk": true, "project_active_experts": [0, 2, 3, 4, 6, 7, 8, 9, 11, 12, 13, 15, 17, 21, 22, 24]}
{"event": "split_lite_step", "task_id": 2, "batch": 2000, "projected": 16, "collected": 25, "mean_removed_ratio": 0.05650145933032036, "strict_current_topk": true, "project_active_experts": [0, 2, 3, 4, 6, 7, 8, 9, 11, 12, 13, 15, 17, 21, 22, 24]}
{"event": "split_lite_step", "task_id": 2, "batch": 2020, "projected": 16, "collected": 25, "mean_removed_ratio": 0.04709827760234475, "strict_current_topk": true, "project_active_experts": [0, 2, 3, 4, 6, 7, 8, 9, 11, 12, 13, 15, 17, 21, 22, 24]}
{"event": "split_lite_step", "task_id": 2, "batch": 2040, "projected": 16, "collected": 25, "mean_removed_ratio": 0.052361031295731664, "strict_current_topk": true, "project_active_experts": [0, 2, 3, 4, 6, 7, 8, 9, 11, 12, 13, 15, 17, 21, 22, 24]}
{"event": "split_lite_step", "task_id": 2, "batch": 2060, "projected": 16, "collected": 25, "mean_removed_ratio": 0.06242305669002235, "strict_current_topk": true, "project_active_experts": [0, 2, 3, 4, 6, 7, 8, 9, 11, 12, 13, 15, 17, 21, 22, 24]}
{"event": "split_lite_step", "task_id": 2, "batch": 2080, "projected": 16, "collected": 25, "mean_removed_ratio": 0.04402269085403532, "strict_current_topk": true, "project_active_experts": [0, 2, 3, 4, 6, 7, 8, 9, 11, 12, 13, 15, 17, 21, 22, 24]}
{"event": "split_lite_step", "task_id": 2, "batch": 2100, "projected": 16, "collected": 25, "mean_removed_ratio": 0.044927197275683284, "strict_current_topk": true, "project_active_experts": [0, 2, 3, 4, 6, 7, 8, 9, 11, 12, 13, 15, 17, 21, 22, 24]}
{"event": "split_lite_step", "task_id": 2, "batch": 2120, "projected": 16, "collected": 25, "mean_removed_ratio": 0.04034020326798782, "strict_current_topk": true, "project_active_experts": [0, 2, 3, 4, 6, 7, 8, 9, 11, 12, 13, 15, 17, 21, 22, 24]}
{"event": "split_lite_step", "task_id": 2, "batch": 2140, "projected": 16, "collected": 25, "mean_removed_ratio": 0.07404639373999089, "strict_current_topk": true, "project_active_experts": [0, 2, 3, 4, 6, 7, 8, 9, 11, 12, 13, 15, 17, 21, 22, 24]}
{"event": "split_lite_step", "task_id": 2, "batch": 2160, "projected": 16, "collected": 25, "mean_removed_ratio": 0.034336041018832475, "strict_current_topk": true, "project_active_experts": [0, 2, 3, 4, 6, 7, 8, 9, 11, 12, 13, 15, 17, 21, 22, 24]}
{"event": "split_lite_step", "task_id": 2, "batch": 2180, "projected": 16, "collected": 25, "mean_removed_ratio": 0.061582805356010795, "strict_current_topk": true, "project_active_experts": [0, 2, 3, 4, 6, 7, 8, 9, 11, 12, 13, 15, 17, 21, 22, 24]}
{"event": "split_lite_step", "task_id": 2, "batch": 2200, "projected": 16, "collected": 25, "mean_removed_ratio": 0.049487306794617325, "strict_current_topk": true, "project_active_experts": [0, 2, 3, 4, 6, 7, 8, 9, 11, 12, 13, 15, 17, 21, 22, 24]}
{"event": "split_lite_step", "task_id": 2, "batch": 2220, "projected": 16, "collected": 25, "mean_removed_ratio": 0.03191913024056703, "strict_current_topk": true, "project_active_experts": [0, 2, 3, 4, 6, 7, 8, 9, 11, 12, 13, 15, 17, 21, 22, 24]}
{"event": "split_lite_step", "task_id": 2, "batch": 2240, "projected": 16, "collected": 25, "mean_removed_ratio": 0.04661862179636955, "strict_current_topk": true, "project_active_experts": [0, 2, 3, 4, 6, 7, 8, 9, 11, 12, 13, 15, 17, 21, 22, 24]}
{"event": "split_lite_step", "task_id": 2, "batch": 2260, "projected": 16, "collected": 25, "mean_removed_ratio": 0.05272895051166415, "strict_current_topk": true, "project_active_experts": [0, 2, 3, 4, 6, 7, 8, 9, 11, 12, 13, 15, 17, 21, 22, 24]}
{"event": "split_lite_step", "task_id": 2, "batch": 2280, "projected": 16, "collected": 25, "mean_removed_ratio": 0.04092980839777738, "strict_current_topk": true, "project_active_experts": [0, 2, 3, 4, 6, 7, 8, 9, 11, 12, 13, 15, 17, 21, 22, 24]}
{"event": "split_lite_step", "task_id": 2, "batch": 2300, "projected": 16, "collected": 25, "mean_removed_ratio": 0.0596663155592978, "strict_current_topk": true, "project_active_experts": [0, 2, 3, 4, 6, 7, 8, 9, 11, 12, 13, 15, 17, 21, 22, 24]}
{"event": "split_lite_step", "task_id": 2, "batch": 2320, "projected": 16, "collected": 25, "mean_removed_ratio": 0.035206940839998424, "strict_current_topk": true, "project_active_experts": [0, 2, 3, 4, 6, 7, 8, 9, 11, 12, 13, 15, 17, 21, 22, 24]}
{"event": "split_lite_step", "task_id": 2, "batch": 2340, "projected": 16, "collected": 25, "mean_removed_ratio": 0.050938405212946236, "strict_current_topk": true, "project_active_experts": [0, 2, 3, 4, 6, 7, 8, 9, 11, 12, 13, 15, 17, 21, 22, 24]}
{"event": "split_lite_step", "task_id": 2, "batch": 2360, "projected": 16, "collected": 25, "mean_removed_ratio": 0.04812818125355989, "strict_current_topk": true, "project_active_experts": [0, 2, 3, 4, 6, 7, 8, 9, 11, 12, 13, 15, 17, 21, 22, 24]}
{"event": "split_lite_step", "task_id": 2, "batch": 2380, "projected": 16, "collected": 25, "mean_removed_ratio": 0.06113405502401292, "strict_current_topk": true, "project_active_experts": [0, 2, 3, 4, 6, 7, 8, 9, 11, 12, 13, 15, 17, 21, 22, 24]}
{"event": "split_lite_step", "task_id": 2, "batch": 2400, "projected": 16, "collected": 25, "mean_removed_ratio": 0.05952119478024542, "strict_current_topk": true, "project_active_experts": [0, 2, 3, 4, 6, 7, 8, 9, 11, 12, 13, 15, 17, 21, 22, 24]}
{"event": "split_lite_step", "task_id": 2, "batch": 2420, "projected": 16, "collected": 25, "mean_removed_ratio": 0.041837719501927495, "strict_current_topk": true, "project_active_experts": [0, 2, 3, 4, 6, 7, 8, 9, 11, 12, 13, 15, 17, 21, 22, 24]}
{"event": "split_lite_step", "task_id": 2, "batch": 2440, "projected": 16, "collected": 25, "mean_removed_ratio": 0.064442730974406, "strict_current_topk": true, "project_active_experts": [0, 2, 3, 4, 6, 7, 8, 9, 11, 12, 13, 15, 17, 21, 22, 24]}
{"event": "split_lite_step", "task_id": 2, "batch": 2460, "projected": 16, "collected": 25, "mean_removed_ratio": 0.0587695442372933, "strict_current_topk": true, "project_active_experts": [0, 2, 3, 4, 6, 7, 8, 9, 11, 12, 13, 15, 17, 21, 22, 24]}
{"event": "split_lite_step", "task_id": 2, "batch": 2480, "projected": 16, "collected": 25, "mean_removed_ratio": 0.0760072823613882, "strict_current_topk": true, "project_active_experts": [0, 2, 3, 4, 6, 7, 8, 9, 11, 12, 13, 15, 17, 21, 22, 24]}
{"event": "split_lite_step", "task_id": 2, "batch": 2500, "projected": 16, "collected": 25, "mean_removed_ratio": 0.040450166910886765, "strict_current_topk": true, "project_active_experts": [0, 2, 3, 4, 6, 7, 8, 9, 11, 12, 13, 15, 17, 21, 22, 24]}
{"event": "split_lite_step", "task_id": 2, "batch": 2520, "projected": 16, "collected": 25, "mean_removed_ratio": 0.03986370179336518, "strict_current_topk": true, "project_active_experts": [0, 2, 3, 4, 6, 7, 8, 9, 11, 12, 13, 15, 17, 21, 22, 24]}
{"event": "split_lite_step", "task_id": 2, "batch": 2540, "projected": 16, "collected": 25, "mean_removed_ratio": 0.03425625438103452, "strict_current_topk": true, "project_active_experts": [0, 2, 3, 4, 6, 7, 8, 9, 11, 12, 13, 15, 17, 21, 22, 24]}
{"event": "split_lite_step", "task_id": 2, "batch": 2560, "projected": 16, "collected": 25, "mean_removed_ratio": 0.04007230850402266, "strict_current_topk": true, "project_active_experts": [0, 2, 3, 4, 6, 7, 8, 9, 11, 12, 13, 15, 17, 21, 22, 24]}
{"event": "split_lite_step", "task_id": 2, "batch": 2580, "projected": 16, "collected": 25, "mean_removed_ratio": 0.03524524375097826, "strict_current_topk": true, "project_active_experts": [0, 2, 3, 4, 6, 7, 8, 9, 11, 12, 13, 15, 17, 21, 22, 24]}
{"event": "split_lite_step", "task_id": 2, "batch": 2600, "projected": 16, "collected": 25, "mean_removed_ratio": 0.038932712632231414, "strict_current_topk": true, "project_active_experts": [0, 2, 3, 4, 6, 7, 8, 9, 11, 12, 13, 15, 17, 21, 22, 24]}
{"event": "split_lite_step", "task_id": 2, "batch": 2620, "projected": 16, "collected": 25, "mean_removed_ratio": 0.06337394332513213, "strict_current_topk": true, "project_active_experts": [0, 2, 3, 4, 6, 7, 8, 9, 11, 12, 13, 15, 17, 21, 22, 24]}
{"event": "split_lite_step", "task_id": 2, "batch": 2640, "projected": 16, "collected": 25, "mean_removed_ratio": 0.05886675580404699, "strict_current_topk": true, "project_active_experts": [0, 2, 3, 4, 6, 7, 8, 9, 11, 12, 13, 15, 17, 21, 22, 24]}
{"event": "split_lite_step", "task_id": 2, "batch": 2660, "projected": 16, "collected": 25, "mean_removed_ratio": 0.05234400136396289, "strict_current_topk": true, "project_active_experts": [0, 2, 3, 4, 6, 7, 8, 9, 11, 12, 13, 15, 17, 21, 22, 24]}
{"event": "split_lite_step", "task_id": 2, "batch": 2680, "projected": 16, "collected": 25, "mean_removed_ratio": 0.05065509711857885, "strict_current_topk": true, "project_active_experts": [0, 2, 3, 4, 6, 7, 8, 9, 11, 12, 13, 15, 17, 21, 22, 24]}
{"event": "split_lite_step", "task_id": 2, "batch": 2700, "projected": 16, "collected": 25, "mean_removed_ratio": 0.04368893150240183, "strict_current_topk": true, "project_active_experts": [0, 2, 3, 4, 6, 7, 8, 9, 11, 12, 13, 15, 17, 21, 22, 24]}
{"event": "split_lite_step", "task_id": 2, "batch": 2720, "projected": 16, "collected": 25, "mean_removed_ratio": 0.06213744403794408, "strict_current_topk": true, "project_active_experts": [0, 2, 3, 4, 6, 7, 8, 9, 11, 12, 13, 15, 17, 21, 22, 24]}
{"event": "split_lite_task_finish", "task_id": 2, "rank": 4, "alpha": 0.2, "interval": 20, "buffer_size": 24, "expert_threshold": 0.03, "active_topk": 16, "strict_current_topk": true, "active_experts": [0, 2, 3, 4, 6, 7, 8, 9, 10, 11, 12, 13, 15, 17, 22, 24], "usage": {"vector": [0.0471126027405262, 0.029594574123620987, 0.05493994057178497, 0.03981295973062515, 0.049022138118743896, 0.030295323580503464, 0.05056757479906082, 0.0425434410572052, 0.04052391275763512, 0.04220549017190933, 0.03985395282506943, 0.042902905493974686, 0.04010787606239319, 0.04761210456490517, 0.03572586551308632, 0.047581687569618225, 0.02880479209125042, 0.045459214597940445, 0.03153360262513161, 0.03760405629873276, 0.024997588247060776, 0.038596197962760925, 0.03972708061337471, 0.033337414264678955, 0.0395377054810524], "top3": [2, 6, 4], "top5": [2, 6, 4, 13, 15], "top3_mass": 0.1545296609401703, "top5_mass": 0.2497234344482422, "entropy": 3.2019267082214355, "max_entropy": 3.2188758248682006}, "basis_sizes": {"e_pv": {"0": 4, "2": 4, "3": 4, "4": 4, "6": 4, "7": 4, "8": 4, "9": 4, "10": 4, "11": 4, "12": 4, "13": 4, "15": 4, "17": 4, "22": 4, "24": 4}}, "stats": {"project_calls": 137, "projected_vectors": 1248, "collected_vectors": 3425, "skipped_steps": 2593}, "diagnostics": {"expert_usage_mode": "cumulative", "previous_selected_jaccard": 0.8823529411764706, "cp_overlap": null}}
{"event": "split_lite_step", "task_id": 3, "batch": 2740, "projected": 16, "collected": 25, "mean_removed_ratio": 0.05290931893978268, "strict_current_topk": true, "project_active_experts": [0, 2, 3, 4, 6, 7, 8, 9, 10, 11, 12, 13, 15, 17, 22, 24]}
{"event": "split_lite_step", "task_id": 3, "batch": 2760, "projected": 16, "collected": 25, "mean_removed_ratio": 0.05622438224963844, "strict_current_topk": true, "project_active_experts": [0, 2, 3, 4, 6, 7, 8, 9, 10, 11, 12, 13, 15, 17, 22, 24]}
{"event": "split_lite_step", "task_id": 3, "batch": 2780, "projected": 16, "collected": 25, "mean_removed_ratio": 0.051886215107515454, "strict_current_topk": true, "project_active_experts": [0, 2, 3, 4, 6, 7, 8, 9, 10, 11, 12, 13, 15, 17, 22, 24]}
{"event": "split_lite_step", "task_id": 3, "batch": 2800, "projected": 16, "collected": 25, "mean_removed_ratio": 0.03802717156941071, "strict_current_topk": true, "project_active_experts": [0, 2, 3, 4, 6, 7, 8, 9, 10, 11, 12, 13, 15, 17, 22, 24]}
{"event": "split_lite_step", "task_id": 3, "batch": 2820, "projected": 16, "collected": 25, "mean_removed_ratio": 0.047717129811644554, "strict_current_topk": true, "project_active_experts": [0, 2, 3, 4, 6, 7, 8, 9, 10, 11, 12, 13, 15, 17, 22, 24]}
{"event": "split_lite_step", "task_id": 3, "batch": 2840, "projected": 16, "collected": 25, "mean_removed_ratio": 0.058591544860973954, "strict_current_topk": true, "project_active_experts": [0, 2, 3, 4, 6, 7, 8, 9, 10, 11, 12, 13, 15, 17, 22, 24]}
{"event": "split_lite_step", "task_id": 3, "batch": 2860, "projected": 16, "collected": 25, "mean_removed_ratio": 0.03555631265044212, "strict_current_topk": true, "project_active_experts": [0, 2, 3, 4, 6, 7, 8, 9, 10, 11, 12, 13, 15, 17, 22, 24]}
{"event": "split_lite_step", "task_id": 3, "batch": 2880, "projected": 16, "collected": 25, "mean_removed_ratio": 0.05002110672648996, "strict_current_topk": true, "project_active_experts": [0, 2, 3, 4, 6, 7, 8, 9, 10, 11, 12, 13, 15, 17, 22, 24]}
{"event": "split_lite_step", "task_id": 3, "batch": 2900, "projected": 16, "collected": 25, "mean_removed_ratio": 0.03691844595596194, "strict_current_topk": true, "project_active_experts": [0, 2, 3, 4, 6, 7, 8, 9, 10, 11, 12, 13, 15, 17, 22, 24]}
{"event": "split_lite_step", "task_id": 3, "batch": 2920, "projected": 16, "collected": 25, "mean_removed_ratio": 0.055494562606327236, "strict_current_topk": true, "project_active_experts": [0, 2, 3, 4, 6, 7, 8, 9, 10, 11, 12, 13, 15, 17, 22, 24]}
{"event": "split_lite_step", "task_id": 3, "batch": 2940, "projected": 16, "collected": 25, "mean_removed_ratio": 0.0580198613461107, "strict_current_topk": true, "project_active_experts": [0, 2, 3, 4, 6, 7, 8, 9, 10, 11, 12, 13, 15, 17, 22, 24]}
{"event": "split_lite_step", "task_id": 3, "batch": 2960, "projected": 16, "collected": 25, "mean_removed_ratio": 0.07263308856636286, "strict_current_topk": true, "project_active_experts": [0, 2, 3, 4, 6, 7, 8, 9, 10, 11, 12, 13, 15, 17, 22, 24]}
{"event": "split_lite_step", "task_id": 3, "batch": 2980, "projected": 16, "collected": 25, "mean_removed_ratio": 0.029403574881143868, "strict_current_topk": true, "project_active_experts": [0, 2, 3, 4, 6, 7, 8, 9, 10, 11, 12, 13, 15, 17, 22, 24]}
{"event": "split_lite_step", "task_id": 3, "batch": 3000, "projected": 16, "collected": 25, "mean_removed_ratio": 0.05592359940055758, "strict_current_topk": true, "project_active_experts": [0, 2, 3, 4, 6, 7, 8, 9, 10, 11, 12, 13, 15, 17, 22, 24]}
{"event": "split_lite_step", "task_id": 3, "batch": 3020, "projected": 16, "collected": 25, "mean_removed_ratio": 0.051946480642072856, "strict_current_topk": true, "project_active_experts": [0, 2, 3, 4, 6, 7, 8, 9, 10, 11, 12, 13, 15, 17, 22, 24]}
{"event": "split_lite_step", "task_id": 3, "batch": 3040, "projected": 16, "collected": 25, "mean_removed_ratio": 0.0735371804330498, "strict_current_topk": true, "project_active_experts": [0, 2, 3, 4, 6, 7, 8, 9, 10, 11, 12, 13, 15, 17, 22, 24]}
{"event": "split_lite_step", "task_id": 3, "batch": 3060, "projected": 16, "collected": 25, "mean_removed_ratio": 0.03943768749013543, "strict_current_topk": true, "project_active_experts": [0, 2, 3, 4, 6, 7, 8, 9, 10, 11, 12, 13, 15, 17, 22, 24]}
{"event": "split_lite_step", "task_id": 3, "batch": 3080, "projected": 16, "collected": 25, "mean_removed_ratio": 0.05125991569366306, "strict_current_topk": true, "project_active_experts": [0, 2, 3, 4, 6, 7, 8, 9, 10, 11, 12, 13, 15, 17, 22, 24]}
{"event": "split_lite_step", "task_id": 3, "batch": 3100, "projected": 16, "collected": 25, "mean_removed_ratio": 0.05346134433057159, "strict_current_topk": true, "project_active_experts": [0, 2, 3, 4, 6, 7, 8, 9, 10, 11, 12, 13, 15, 17, 22, 24]}
{"event": "split_lite_step", "task_id": 3, "batch": 3120, "projected": 16, "collected": 25, "mean_removed_ratio": 0.057994590140879154, "strict_current_topk": true, "project_active_experts": [0, 2, 3, 4, 6, 7, 8, 9, 10, 11, 12, 13, 15, 17, 22, 24]}
{"event": "split_lite_step", "task_id": 3, "batch": 3140, "projected": 16, "collected": 25, "mean_removed_ratio": 0.08301690081134439, "strict_current_topk": true, "project_active_experts": [0, 2, 3, 4, 6, 7, 8, 9, 10, 11, 12, 13, 15, 17, 22, 24]}
{"event": "split_lite_step", "task_id": 3, "batch": 3160, "projected": 16, "collected": 25, "mean_removed_ratio": 0.05566548788920045, "strict_current_topk": true, "project_active_experts": [0, 2, 3, 4, 6, 7, 8, 9, 10, 11, 12, 13, 15, 17, 22, 24]}
{"event": "split_lite_step", "task_id": 3, "batch": 3180, "projected": 16, "collected": 25, "mean_removed_ratio": 0.04364426014944911, "strict_current_topk": true, "project_active_experts": [0, 2, 3, 4, 6, 7, 8, 9, 10, 11, 12, 13, 15, 17, 22, 24]}
{"event": "split_lite_step", "task_id": 3, "batch": 3200, "projected": 16, "collected": 25, "mean_removed_ratio": 0.033912181097548455, "strict_current_topk": true, "project_active_experts": [0, 2, 3, 4, 6, 7, 8, 9, 10, 11, 12, 13, 15, 17, 22, 24]}
{"event": "split_lite_step", "task_id": 3, "batch": 3220, "projected": 16, "collected": 25, "mean_removed_ratio": 0.0449129706248641, "strict_current_topk": true, "project_active_experts": [0, 2, 3, 4, 6, 7, 8, 9, 10, 11, 12, 13, 15, 17, 22, 24]}
{"event": "split_lite_step", "task_id": 3, "batch": 3240, "projected": 16, "collected": 25, "mean_removed_ratio": 0.03572170273400843, "strict_current_topk": true, "project_active_experts": [0, 2, 3, 4, 6, 7, 8, 9, 10, 11, 12, 13, 15, 17, 22, 24]}
{"event": "split_lite_step", "task_id": 3, "batch": 3260, "projected": 16, "collected": 25, "mean_removed_ratio": 0.06981369806453586, "strict_current_topk": true, "project_active_experts": [0, 2, 3, 4, 6, 7, 8, 9, 10, 11, 12, 13, 15, 17, 22, 24]}
{"event": "split_lite_step", "task_id": 3, "batch": 3280, "projected": 16, "collected": 25, "mean_removed_ratio": 0.05625972605776042, "strict_current_topk": true, "project_active_experts": [0, 2, 3, 4, 6, 7, 8, 9, 10, 11, 12, 13, 15, 17, 22, 24]}
{"event": "split_lite_step", "task_id": 3, "batch": 3300, "projected": 16, "collected": 25, "mean_removed_ratio": 0.06414184917230159, "strict_current_topk": true, "project_active_experts": [0, 2, 3, 4, 6, 7, 8, 9, 10, 11, 12, 13, 15, 17, 22, 24]}
{"event": "split_lite_step", "task_id": 3, "batch": 3320, "projected": 16, "collected": 25, "mean_removed_ratio": 0.06925535039044917, "strict_current_topk": true, "project_active_experts": [0, 2, 3, 4, 6, 7, 8, 9, 10, 11, 12, 13, 15, 17, 22, 24]}
{"event": "split_lite_step", "task_id": 3, "batch": 3340, "projected": 16, "collected": 25, "mean_removed_ratio": 0.036000301013700664, "strict_current_topk": true, "project_active_experts": [0, 2, 3, 4, 6, 7, 8, 9, 10, 11, 12, 13, 15, 17, 22, 24]}
{"event": "split_lite_step", "task_id": 3, "batch": 3360, "projected": 16, "collected": 25, "mean_removed_ratio": 0.054024980519898236, "strict_current_topk": true, "project_active_experts": [0, 2, 3, 4, 6, 7, 8, 9, 10, 11, 12, 13, 15, 17, 22, 24]}
{"event": "split_lite_step", "task_id": 3, "batch": 3380, "projected": 16, "collected": 25, "mean_removed_ratio": 0.04989120631944388, "strict_current_topk": true, "project_active_experts": [0, 2, 3, 4, 6, 7, 8, 9, 10, 11, 12, 13, 15, 17, 22, 24]}
{"event": "split_lite_step", "task_id": 3, "batch": 3400, "projected": 16, "collected": 25, "mean_removed_ratio": 0.04980642767623067, "strict_current_topk": true, "project_active_experts": [0, 2, 3, 4, 6, 7, 8, 9, 10, 11, 12, 13, 15, 17, 22, 24]}
{"event": "split_lite_step", "task_id": 3, "batch": 3420, "projected": 16, "collected": 25, "mean_removed_ratio": 0.03356849396368489, "strict_current_topk": true, "project_active_experts": [0, 2, 3, 4, 6, 7, 8, 9, 10, 11, 12, 13, 15, 17, 22, 24]}
{"event": "split_lite_step", "task_id": 3, "batch": 3440, "projected": 16, "collected": 25, "mean_removed_ratio": 0.04252354346681386, "strict_current_topk": true, "project_active_experts": [0, 2, 3, 4, 6, 7, 8, 9, 10, 11, 12, 13, 15, 17, 22, 24]}
{"event": "split_lite_step", "task_id": 3, "batch": 3460, "projected": 16, "collected": 25, "mean_removed_ratio": 0.06762303947471082, "strict_current_topk": true, "project_active_experts": [0, 2, 3, 4, 6, 7, 8, 9, 10, 11, 12, 13, 15, 17, 22, 24]}
{"event": "split_lite_step", "task_id": 3, "batch": 3480, "projected": 16, "collected": 25, "mean_removed_ratio": 0.038511419552378356, "strict_current_topk": true, "project_active_experts": [0, 2, 3, 4, 6, 7, 8, 9, 10, 11, 12, 13, 15, 17, 22, 24]}
{"event": "split_lite_step", "task_id": 3, "batch": 3500, "projected": 16, "collected": 25, "mean_removed_ratio": 0.06728778826072812, "strict_current_topk": true, "project_active_experts": [0, 2, 3, 4, 6, 7, 8, 9, 10, 11, 12, 13, 15, 17, 22, 24]}
{"event": "split_lite_task_finish", "task_id": 3, "rank": 4, "alpha": 0.2, "interval": 20, "buffer_size": 24, "expert_threshold": 0.03, "active_topk": 16, "strict_current_topk": true, "active_experts": [0, 2, 3, 4, 6, 7, 8, 9, 10, 11, 13, 15, 17, 19, 21, 24], "usage": {"vector": [0.04736550524830818, 0.03113815374672413, 0.05557558685541153, 0.04058744013309479, 0.04924045130610466, 0.029726451262831688, 0.04905640706419945, 0.043015770614147186, 0.04144756495952606, 0.04146439954638481, 0.04032229259610176, 0.04328661784529686, 0.03772786632180214, 0.047514356672763824, 0.03543739393353462, 0.04815273731946945, 0.02993539720773697, 0.045726217329502106, 0.030620798468589783, 0.03821739926934242, 0.024303747341036797, 0.04137954115867615, 0.03673975542187691, 0.034030839800834656, 0.03798730671405792], "top3": [2, 4, 6], "top5": [2, 4, 6, 15, 13], "top3_mass": 0.15387244522571564, "top5_mass": 0.2495395541191101, "entropy": 3.20170521736145, "max_entropy": 3.2188758248682006}, "basis_sizes": {"e_pv": {"0": 4, "2": 4, "3": 4, "4": 4, "6": 4, "7": 4, "8": 4, "9": 4, "10": 4, "11": 4, "13": 4, "15": 4, "17": 4, "19": 4, "21": 4, "24": 4}}, "stats": {"project_calls": 176, "projected_vectors": 1872, "collected_vectors": 4400, "skipped_steps": 3334}, "diagnostics": {"expert_usage_mode": "cumulative", "previous_selected_jaccard": 0.7777777777777778, "cp_overlap": null}}
{"event": "split_lite_step", "task_id": 4, "batch": 3520, "projected": 16, "collected": 25, "mean_removed_ratio": 0.0759268740657717, "strict_current_topk": true, "project_active_experts": [0, 2, 3, 4, 6, 7, 8, 9, 10, 11, 13, 15, 17, 19, 21, 24]}
{"event": "split_lite_step", "task_id": 4, "batch": 3540, "projected": 16, "collected": 25, "mean_removed_ratio": 0.07399528659880161, "strict_current_topk": true, "project_active_experts": [0, 2, 3, 4, 6, 7, 8, 9, 10, 11, 13, 15, 17, 19, 21, 24]}
{"event": "split_lite_step", "task_id": 4, "batch": 3560, "projected": 16, "collected": 25, "mean_removed_ratio": 0.06223148666322231, "strict_current_topk": true, "project_active_experts": [0, 2, 3, 4, 6, 7, 8, 9, 10, 11, 13, 15, 17, 19, 21, 24]}
{"event": "split_lite_step", "task_id": 4, "batch": 3580, "projected": 16, "collected": 25, "mean_removed_ratio": 0.06658165133558214, "strict_current_topk": true, "project_active_experts": [0, 2, 3, 4, 6, 7, 8, 9, 10, 11, 13, 15, 17, 19, 21, 24]}
{"event": "split_lite_step", "task_id": 4, "batch": 3600, "projected": 16, "collected": 25, "mean_removed_ratio": 0.06330745876766741, "strict_current_topk": true, "project_active_experts": [0, 2, 3, 4, 6, 7, 8, 9, 10, 11, 13, 15, 17, 19, 21, 24]}
{"event": "split_lite_step", "task_id": 4, "batch": 3620, "projected": 16, "collected": 25, "mean_removed_ratio": 0.045899161719717085, "strict_current_topk": true, "project_active_experts": [0, 2, 3, 4, 6, 7, 8, 9, 10, 11, 13, 15, 17, 19, 21, 24]}
{"event": "split_lite_step", "task_id": 4, "batch": 3640, "projected": 16, "collected": 25, "mean_removed_ratio": 0.02714934083633125, "strict_current_topk": true, "project_active_experts": [0, 2, 3, 4, 6, 7, 8, 9, 10, 11, 13, 15, 17, 19, 21, 24]}
{"event": "split_lite_step", "task_id": 4, "batch": 3660, "projected": 16, "collected": 25, "mean_removed_ratio": 0.06319208873901516, "strict_current_topk": true, "project_active_experts": [0, 2, 3, 4, 6, 7, 8, 9, 10, 11, 13, 15, 17, 19, 21, 24]}
{"event": "split_lite_step", "task_id": 4, "batch": 3680, "projected": 16, "collected": 25, "mean_removed_ratio": 0.0809910490643233, "strict_current_topk": true, "project_active_experts": [0, 2, 3, 4, 6, 7, 8, 9, 10, 11, 13, 15, 17, 19, 21, 24]}
{"event": "split_lite_step", "task_id": 4, "batch": 3700, "projected": 16, "collected": 25, "mean_removed_ratio": 0.07544392277486622, "strict_current_topk": true, "project_active_experts": [0, 2, 3, 4, 6, 7, 8, 9, 10, 11, 13, 15, 17, 19, 21, 24]}
{"event": "split_lite_step", "task_id": 4, "batch": 3720, "projected": 16, "collected": 25, "mean_removed_ratio": 0.04738685523625463, "strict_current_topk": true, "project_active_experts": [0, 2, 3, 4, 6, 7, 8, 9, 10, 11, 13, 15, 17, 19, 21, 24]}
{"event": "split_lite_step", "task_id": 4, "batch": 3740, "projected": 16, "collected": 25, "mean_removed_ratio": 0.04460854211356491, "strict_current_topk": true, "project_active_experts": [0, 2, 3, 4, 6, 7, 8, 9, 10, 11, 13, 15, 17, 19, 21, 24]}
{"event": "split_lite_step", "task_id": 4, "batch": 3760, "projected": 16, "collected": 25, "mean_removed_ratio": 0.05941144283860922, "strict_current_topk": true, "project_active_experts": [0, 2, 3, 4, 6, 7, 8, 9, 10, 11, 13, 15, 17, 19, 21, 24]}
{"event": "split_lite_step", "task_id": 4, "batch": 3780, "projected": 16, "collected": 25, "mean_removed_ratio": 0.0500352440867573, "strict_current_topk": true, "project_active_experts": [0, 2, 3, 4, 6, 7, 8, 9, 10, 11, 13, 15, 17, 19, 21, 24]}
{"event": "split_lite_step", "task_id": 4, "batch": 3800, "projected": 16, "collected": 25, "mean_removed_ratio": 0.039066458703018725, "strict_current_topk": true, "project_active_experts": [0, 2, 3, 4, 6, 7, 8, 9, 10, 11, 13, 15, 17, 19, 21, 24]}
{"event": "split_lite_step", "task_id": 4, "batch": 3820, "projected": 16, "collected": 25, "mean_removed_ratio": 0.03521101037040353, "strict_current_topk": true, "project_active_experts": [0, 2, 3, 4, 6, 7, 8, 9, 10, 11, 13, 15, 17, 19, 21, 24]}
{"event": "split_lite_step", "task_id": 4, "batch": 3840, "projected": 16, "collected": 25, "mean_removed_ratio": 0.05971988243982196, "strict_current_topk": true, "project_active_experts": [0, 2, 3, 4, 6, 7, 8, 9, 10, 11, 13, 15, 17, 19, 21, 24]}
{"event": "split_lite_step", "task_id": 4, "batch": 3860, "projected": 16, "collected": 25, "mean_removed_ratio": 0.04530439787777141, "strict_current_topk": true, "project_active_experts": [0, 2, 3, 4, 6, 7, 8, 9, 10, 11, 13, 15, 17, 19, 21, 24]}
{"event": "split_lite_step", "task_id": 4, "batch": 3880, "projected": 16, "collected": 25, "mean_removed_ratio": 0.04416209808550775, "strict_current_topk": true, "project_active_experts": [0, 2, 3, 4, 6, 7, 8, 9, 10, 11, 13, 15, 17, 19, 21, 24]}
{"event": "split_lite_step", "task_id": 4, "batch": 3900, "projected": 16, "collected": 25, "mean_removed_ratio": 0.040528311277739704, "strict_current_topk": true, "project_active_experts": [0, 2, 3, 4, 6, 7, 8, 9, 10, 11, 13, 15, 17, 19, 21, 24]}
{"event": "split_lite_step", "task_id": 4, "batch": 3920, "projected": 16, "collected": 25, "mean_removed_ratio": 0.04203663277439773, "strict_current_topk": true, "project_active_experts": [0, 2, 3, 4, 6, 7, 8, 9, 10, 11, 13, 15, 17, 19, 21, 24]}
{"event": "split_lite_step", "task_id": 4, "batch": 3940, "projected": 16, "collected": 25, "mean_removed_ratio": 0.029004361858824268, "strict_current_topk": true, "project_active_experts": [0, 2, 3, 4, 6, 7, 8, 9, 10, 11, 13, 15, 17, 19, 21, 24]}
{"event": "split_lite_step", "task_id": 4, "batch": 3960, "projected": 16, "collected": 25, "mean_removed_ratio": 0.031076634797500446, "strict_current_topk": true, "project_active_experts": [0, 2, 3, 4, 6, 7, 8, 9, 10, 11, 13, 15, 17, 19, 21, 24]}
{"event": "split_lite_step", "task_id": 4, "batch": 3980, "projected": 16, "collected": 25, "mean_removed_ratio": 0.03632081893738359, "strict_current_topk": true, "project_active_experts": [0, 2, 3, 4, 6, 7, 8, 9, 10, 11, 13, 15, 17, 19, 21, 24]}
{"event": "split_lite_step", "task_id": 4, "batch": 4000, "projected": 16, "collected": 25, "mean_removed_ratio": 0.09009288274683058, "strict_current_topk": true, "project_active_experts": [0, 2, 3, 4, 6, 7, 8, 9, 10, 11, 13, 15, 17, 19, 21, 24]}
{"event": "split_lite_step", "task_id": 4, "batch": 4020, "projected": 16, "collected": 25, "mean_removed_ratio": 0.04267883230932057, "strict_current_topk": true, "project_active_experts": [0, 2, 3, 4, 6, 7, 8, 9, 10, 11, 13, 15, 17, 19, 21, 24]}
{"event": "split_lite_step", "task_id": 4, "batch": 4040, "projected": 16, "collected": 25, "mean_removed_ratio": 0.05618121393490583, "strict_current_topk": true, "project_active_experts": [0, 2, 3, 4, 6, 7, 8, 9, 10, 11, 13, 15, 17, 19, 21, 24]}
{"event": "split_lite_step", "task_id": 4, "batch": 4060, "projected": 16, "collected": 25, "mean_removed_ratio": 0.029077540850266814, "strict_current_topk": true, "project_active_experts": [0, 2, 3, 4, 6, 7, 8, 9, 10, 11, 13, 15, 17, 19, 21, 24]}
{"event": "split_lite_step", "task_id": 4, "batch": 4080, "projected": 16, "collected": 25, "mean_removed_ratio": 0.06376892141997814, "strict_current_topk": true, "project_active_experts": [0, 2, 3, 4, 6, 7, 8, 9, 10, 11, 13, 15, 17, 19, 21, 24]}
{"event": "split_lite_step", "task_id": 4, "batch": 4100, "projected": 16, "collected": 25, "mean_removed_ratio": 0.030413754779146984, "strict_current_topk": true, "project_active_experts": [0, 2, 3, 4, 6, 7, 8, 9, 10, 11, 13, 15, 17, 19, 21, 24]}
{"event": "split_lite_step", "task_id": 4, "batch": 4120, "projected": 16, "collected": 25, "mean_removed_ratio": 0.050133436219766736, "strict_current_topk": true, "project_active_experts": [0, 2, 3, 4, 6, 7, 8, 9, 10, 11, 13, 15, 17, 19, 21, 24]}
{"event": "split_lite_step", "task_id": 4, "batch": 4140, "projected": 16, "collected": 25, "mean_removed_ratio": 0.05009343835990876, "strict_current_topk": true, "project_active_experts": [0, 2, 3, 4, 6, 7, 8, 9, 10, 11, 13, 15, 17, 19, 21, 24]}
{"event": "split_lite_step", "task_id": 4, "batch": 4160, "projected": 16, "collected": 25, "mean_removed_ratio": 0.06108333985321224, "strict_current_topk": true, "project_active_experts": [0, 2, 3, 4, 6, 7, 8, 9, 10, 11, 13, 15, 17, 19, 21, 24]}
{"event": "split_lite_step", "task_id": 4, "batch": 4180, "projected": 16, "collected": 25, "mean_removed_ratio": 0.048943268426228315, "strict_current_topk": true, "project_active_experts": [0, 2, 3, 4, 6, 7, 8, 9, 10, 11, 13, 15, 17, 19, 21, 24]}
{"event": "split_lite_step", "task_id": 4, "batch": 4200, "projected": 16, "collected": 25, "mean_removed_ratio": 0.06782099639531225, "strict_current_topk": true, "project_active_experts": [0, 2, 3, 4, 6, 7, 8, 9, 10, 11, 13, 15, 17, 19, 21, 24]}
{"event": "split_lite_step", "task_id": 4, "batch": 4220, "projected": 16, "collected": 25, "mean_removed_ratio": 0.039405559247825295, "strict_current_topk": true, "project_active_experts": [0, 2, 3, 4, 6, 7, 8, 9, 10, 11, 13, 15, 17, 19, 21, 24]}
{"event": "split_lite_step", "task_id": 4, "batch": 4240, "projected": 16, "collected": 25, "mean_removed_ratio": 0.04863041586941108, "strict_current_topk": true, "project_active_experts": [0, 2, 3, 4, 6, 7, 8, 9, 10, 11, 13, 15, 17, 19, 21, 24]}
{"event": "split_lite_step", "task_id": 4, "batch": 4260, "projected": 16, "collected": 25, "mean_removed_ratio": 0.03818310477072373, "strict_current_topk": true, "project_active_experts": [0, 2, 3, 4, 6, 7, 8, 9, 10, 11, 13, 15, 17, 19, 21, 24]}
{"event": "split_lite_step", "task_id": 4, "batch": 4280, "projected": 16, "collected": 25, "mean_removed_ratio": 0.05081014131428674, "strict_current_topk": true, "project_active_experts": [0, 2, 3, 4, 6, 7, 8, 9, 10, 11, 13, 15, 17, 19, 21, 24]}
{"event": "split_lite_task_finish", "task_id": 4, "rank": 4, "alpha": 0.2, "interval": 20, "buffer_size": 24, "expert_threshold": 0.03, "active_topk": 16, "strict_current_topk": true, "active_experts": [0, 2, 3, 4, 6, 7, 8, 9, 10, 11, 13, 15, 17, 19, 21, 24], "usage": {"vector": [0.04733685404062271, 0.03243133798241615, 0.056145504117012024, 0.04245181381702423, 0.048836808651685715, 0.02983039803802967, 0.048452526330947876, 0.04274595156311989, 0.040935833007097244, 0.040949299931526184, 0.04113292694091797, 0.04351818934082985, 0.036366190761327744, 0.046899933367967606, 0.03612769767642021, 0.04686075821518898, 0.030614985153079033, 0.04602430760860443, 0.03010205365717411, 0.03836171701550484, 0.024925772100687027, 0.04305399954319, 0.034947365522384644, 0.03389134258031845, 0.037056516855955124], "top3": [2, 4, 6], "top5": [2, 4, 6, 0, 13], "top3_mass": 0.1534348428249359, "top5_mass": 0.24767163395881653, "entropy": 3.2022366523742676, "max_entropy": 3.2188758248682006}, "basis_sizes": {"e_pv": {"0": 4, "2": 4, "3": 4, "4": 4, "6": 4, "7": 4, "8": 4, "9": 4, "10": 4, "11": 4, "13": 4, "15": 4, "17": 4, "19": 4, "21": 4, "24": 4}}, "stats": {"project_calls": 215, "projected_vectors": 2496, "collected_vectors": 5375, "skipped_steps": 4075}, "diagnostics": {"expert_usage_mode": "cumulative", "previous_selected_jaccard": 1.0, "cp_overlap": null}}
{"event": "split_lite_step", "task_id": 5, "batch": 4300, "projected": 16, "collected": 25, "mean_removed_ratio": 0.07606311771087348, "strict_current_topk": true, "project_active_experts": [0, 2, 3, 4, 6, 7, 8, 9, 10, 11, 13, 15, 17, 19, 21, 24]}
{"event": "split_lite_step", "task_id": 5, "batch": 4320, "projected": 16, "collected": 25, "mean_removed_ratio": 0.06287080980837345, "strict_current_topk": true, "project_active_experts": [0, 2, 3, 4, 6, 7, 8, 9, 10, 11, 13, 15, 17, 19, 21, 24]}
{"event": "split_lite_step", "task_id": 5, "batch": 4340, "projected": 16, "collected": 25, "mean_removed_ratio": 0.07840725639835, "strict_current_topk": true, "project_active_experts": [0, 2, 3, 4, 6, 7, 8, 9, 10, 11, 13, 15, 17, 19, 21, 24]}
{"event": "split_lite_step", "task_id": 5, "batch": 4360, "projected": 16, "collected": 25, "mean_removed_ratio": 0.0629791603423655, "strict_current_topk": true, "project_active_experts": [0, 2, 3, 4, 6, 7, 8, 9, 10, 11, 13, 15, 17, 19, 21, 24]}
{"event": "split_lite_step", "task_id": 5, "batch": 4380, "projected": 16, "collected": 25, "mean_removed_ratio": 0.0652363789267838, "strict_current_topk": true, "project_active_experts": [0, 2, 3, 4, 6, 7, 8, 9, 10, 11, 13, 15, 17, 19, 21, 24]}
{"event": "split_lite_step", "task_id": 5, "batch": 4400, "projected": 16, "collected": 25, "mean_removed_ratio": 0.04565446870401502, "strict_current_topk": true, "project_active_experts": [0, 2, 3, 4, 6, 7, 8, 9, 10, 11, 13, 15, 17, 19, 21, 24]}
{"event": "split_lite_step", "task_id": 5, "batch": 4420, "projected": 16, "collected": 25, "mean_removed_ratio": 0.03514757566154003, "strict_current_topk": true, "project_active_experts": [0, 2, 3, 4, 6, 7, 8, 9, 10, 11, 13, 15, 17, 19, 21, 24]}
{"event": "split_lite_step", "task_id": 5, "batch": 4440, "projected": 16, "collected": 25, "mean_removed_ratio": 0.053219717810861766, "strict_current_topk": true, "project_active_experts": [0, 2, 3, 4, 6, 7, 8, 9, 10, 11, 13, 15, 17, 19, 21, 24]}
{"event": "split_lite_step", "task_id": 5, "batch": 4460, "projected": 16, "collected": 25, "mean_removed_ratio": 0.04398755595320836, "strict_current_topk": true, "project_active_experts": [0, 2, 3, 4, 6, 7, 8, 9, 10, 11, 13, 15, 17, 19, 21, 24]}
{"event": "split_lite_step", "task_id": 5, "batch": 4480, "projected": 16, "collected": 25, "mean_removed_ratio": 0.04179279104573652, "strict_current_topk": true, "project_active_experts": [0, 2, 3, 4, 6, 7, 8, 9, 10, 11, 13, 15, 17, 19, 21, 24]}
{"event": "split_lite_step", "task_id": 5, "batch": 4500, "projected": 16, "collected": 25, "mean_removed_ratio": 0.052113605197519064, "strict_current_topk": true, "project_active_experts": [0, 2, 3, 4, 6, 7, 8, 9, 10, 11, 13, 15, 17, 19, 21, 24]}
{"event": "split_lite_step", "task_id": 5, "batch": 4520, "projected": 16, "collected": 25, "mean_removed_ratio": 0.056293972535058856, "strict_current_topk": true, "project_active_experts": [0, 2, 3, 4, 6, 7, 8, 9, 10, 11, 13, 15, 17, 19, 21, 24]}
{"event": "split_lite_step", "task_id": 5, "batch": 4540, "projected": 16, "collected": 25, "mean_removed_ratio": 0.06708636903204024, "strict_current_topk": true, "project_active_experts": [0, 2, 3, 4, 6, 7, 8, 9, 10, 11, 13, 15, 17, 19, 21, 24]}
{"event": "split_lite_step", "task_id": 5, "batch": 4560, "projected": 16, "collected": 25, "mean_removed_ratio": 0.035598304064478725, "strict_current_topk": true, "project_active_experts": [0, 2, 3, 4, 6, 7, 8, 9, 10, 11, 13, 15, 17, 19, 21, 24]}
{"event": "split_lite_step", "task_id": 5, "batch": 4580, "projected": 16, "collected": 25, "mean_removed_ratio": 0.0443471057806164, "strict_current_topk": true, "project_active_experts": [0, 2, 3, 4, 6, 7, 8, 9, 10, 11, 13, 15, 17, 19, 21, 24]}
{"event": "split_lite_step", "task_id": 5, "batch": 4600, "projected": 16, "collected": 25, "mean_removed_ratio": 0.03288419940508902, "strict_current_topk": true, "project_active_experts": [0, 2, 3, 4, 6, 7, 8, 9, 10, 11, 13, 15, 17, 19, 21, 24]}
{"event": "split_lite_step", "task_id": 5, "batch": 4620, "projected": 16, "collected": 25, "mean_removed_ratio": 0.05461628036573529, "strict_current_topk": true, "project_active_experts": [0, 2, 3, 4, 6, 7, 8, 9, 10, 11, 13, 15, 17, 19, 21, 24]}
{"event": "split_lite_step", "task_id": 5, "batch": 4640, "projected": 16, "collected": 25, "mean_removed_ratio": 0.06289191101677716, "strict_current_topk": true, "project_active_experts": [0, 2, 3, 4, 6, 7, 8, 9, 10, 11, 13, 15, 17, 19, 21, 24]}
{"event": "split_lite_step", "task_id": 5, "batch": 4660, "projected": 16, "collected": 25, "mean_removed_ratio": 0.04593152808956802, "strict_current_topk": true, "project_active_experts": [0, 2, 3, 4, 6, 7, 8, 9, 10, 11, 13, 15, 17, 19, 21, 24]}
{"event": "split_lite_step", "task_id": 5, "batch": 4680, "projected": 16, "collected": 25, "mean_removed_ratio": 0.04582154180388898, "strict_current_topk": true, "project_active_experts": [0, 2, 3, 4, 6, 7, 8, 9, 10, 11, 13, 15, 17, 19, 21, 24]}
{"event": "split_lite_step", "task_id": 5, "batch": 4700, "projected": 16, "collected": 25, "mean_removed_ratio": 0.06255117407999933, "strict_current_topk": true, "project_active_experts": [0, 2, 3, 4, 6, 7, 8, 9, 10, 11, 13, 15, 17, 19, 21, 24]}
{"event": "split_lite_step", "task_id": 5, "batch": 4720, "projected": 16, "collected": 25, "mean_removed_ratio": 0.04159816022729501, "strict_current_topk": true, "project_active_experts": [0, 2, 3, 4, 6, 7, 8, 9, 10, 11, 13, 15, 17, 19, 21, 24]}
{"event": "split_lite_step", "task_id": 5, "batch": 4740, "projected": 16, "collected": 25, "mean_removed_ratio": 0.043344926729332656, "strict_current_topk": true, "project_active_experts": [0, 2, 3, 4, 6, 7, 8, 9, 10, 11, 13, 15, 17, 19, 21, 24]}
{"event": "split_lite_step", "task_id": 5, "batch": 4760, "projected": 16, "collected": 25, "mean_removed_ratio": 0.03509433980798349, "strict_current_topk": true, "project_active_experts": [0, 2, 3, 4, 6, 7, 8, 9, 10, 11, 13, 15, 17, 19, 21, 24]}
{"event": "split_lite_step", "task_id": 5, "batch": 4780, "projected": 16, "collected": 25, "mean_removed_ratio": 0.038913030293770134, "strict_current_topk": true, "project_active_experts": [0, 2, 3, 4, 6, 7, 8, 9, 10, 11, 13, 15, 17, 19, 21, 24]}
{"event": "split_lite_step", "task_id": 5, "batch": 4800, "projected": 16, "collected": 25, "mean_removed_ratio": 0.029057135456241667, "strict_current_topk": true, "project_active_experts": [0, 2, 3, 4, 6, 7, 8, 9, 10, 11, 13, 15, 17, 19, 21, 24]}
{"event": "split_lite_step", "task_id": 5, "batch": 4820, "projected": 16, "collected": 25, "mean_removed_ratio": 0.050331226317211986, "strict_current_topk": true, "project_active_experts": [0, 2, 3, 4, 6, 7, 8, 9, 10, 11, 13, 15, 17, 19, 21, 24]}
{"event": "split_lite_step", "task_id": 5, "batch": 4840, "projected": 16, "collected": 25, "mean_removed_ratio": 0.03947433247230947, "strict_current_topk": true, "project_active_experts": [0, 2, 3, 4, 6, 7, 8, 9, 10, 11, 13, 15, 17, 19, 21, 24]}
{"event": "split_lite_step", "task_id": 5, "batch": 4860, "projected": 16, "collected": 25, "mean_removed_ratio": 0.03852704062592238, "strict_current_topk": true, "project_active_experts": [0, 2, 3, 4, 6, 7, 8, 9, 10, 11, 13, 15, 17, 19, 21, 24]}
{"event": "split_lite_step", "task_id": 5, "batch": 4880, "projected": 16, "collected": 25, "mean_removed_ratio": 0.04074022168060765, "strict_current_topk": true, "project_active_experts": [0, 2, 3, 4, 6, 7, 8, 9, 10, 11, 13, 15, 17, 19, 21, 24]}
{"event": "split_lite_step", "task_id": 5, "batch": 4900, "projected": 16, "collected": 25, "mean_removed_ratio": 0.04225531930569559, "strict_current_topk": true, "project_active_experts": [0, 2, 3, 4, 6, 7, 8, 9, 10, 11, 13, 15, 17, 19, 21, 24]}
{"event": "split_lite_step", "task_id": 5, "batch": 4920, "projected": 16, "collected": 25, "mean_removed_ratio": 0.049378572148270905, "strict_current_topk": true, "project_active_experts": [0, 2, 3, 4, 6, 7, 8, 9, 10, 11, 13, 15, 17, 19, 21, 24]}
{"event": "split_lite_step", "task_id": 5, "batch": 4940, "projected": 16, "collected": 25, "mean_removed_ratio": 0.05003330041654408, "strict_current_topk": true, "project_active_experts": [0, 2, 3, 4, 6, 7, 8, 9, 10, 11, 13, 15, 17, 19, 21, 24]}
{"event": "split_lite_step", "task_id": 5, "batch": 4960, "projected": 16, "collected": 25, "mean_removed_ratio": 0.056769626680761576, "strict_current_topk": true, "project_active_experts": [0, 2, 3, 4, 6, 7, 8, 9, 10, 11, 13, 15, 17, 19, 21, 24]}
{"event": "split_lite_step", "task_id": 5, "batch": 4980, "projected": 16, "collected": 25, "mean_removed_ratio": 0.06085303577128798, "strict_current_topk": true, "project_active_experts": [0, 2, 3, 4, 6, 7, 8, 9, 10, 11, 13, 15, 17, 19, 21, 24]}
{"event": "split_lite_step", "task_id": 5, "batch": 5000, "projected": 16, "collected": 25, "mean_removed_ratio": 0.0675290038343519, "strict_current_topk": true, "project_active_experts": [0, 2, 3, 4, 6, 7, 8, 9, 10, 11, 13, 15, 17, 19, 21, 24]}
{"event": "split_lite_step", "task_id": 5, "batch": 5020, "projected": 16, "collected": 25, "mean_removed_ratio": 0.04819811449851841, "strict_current_topk": true, "project_active_experts": [0, 2, 3, 4, 6, 7, 8, 9, 10, 11, 13, 15, 17, 19, 21, 24]}
{"event": "split_lite_step", "task_id": 5, "batch": 5040, "projected": 16, "collected": 25, "mean_removed_ratio": 0.055012319004163146, "strict_current_topk": true, "project_active_experts": [0, 2, 3, 4, 6, 7, 8, 9, 10, 11, 13, 15, 17, 19, 21, 24]}
{"event": "split_lite_step", "task_id": 5, "batch": 5060, "projected": 16, "collected": 25, "mean_removed_ratio": 0.059885094640776515, "strict_current_topk": true, "project_active_experts": [0, 2, 3, 4, 6, 7, 8, 9, 10, 11, 13, 15, 17, 19, 21, 24]}
{"event": "split_lite_task_finish", "task_id": 5, "rank": 4, "alpha": 0.2, "interval": 20, "buffer_size": 24, "expert_threshold": 0.03, "active_topk": 16, "strict_current_topk": true, "active_experts": [0, 2, 3, 4, 6, 7, 8, 9, 10, 11, 13, 15, 17, 19, 21, 24], "usage": {"vector": [0.047780707478523254, 0.03400171920657158, 0.05652933567762375, 0.0436847098171711, 0.04856770858168602, 0.029937436804175377, 0.047800276428461075, 0.0429382398724556, 0.04013171046972275, 0.040142931044101715, 0.04093967005610466, 0.04274672642350197, 0.036142922937870026, 0.04648539423942566, 0.03751131519675255, 0.04602104052901268, 0.031068041920661926, 0.0457606241106987, 0.029838204383850098, 0.03798661008477211, 0.025368275120854378, 0.04375055804848671, 0.033752430230379105, 0.0333353728055954, 0.037778038531541824], "top3": [2, 4, 6], "top5": [2, 4, 6, 0, 13], "top3_mass": 0.15289731323719025, "top5_mass": 0.24716341495513916, "entropy": 3.2027664184570312, "max_entropy": 3.2188758248682006}, "basis_sizes": {"e_pv": {"0": 4, "2": 4, "3": 4, "4": 4, "6": 4, "7": 4, "8": 4, "9": 4, "10": 4, "11": 4, "13": 4, "15": 4, "17": 4, "19": 4, "21": 4, "24": 4}}, "stats": {"project_calls": 254, "projected_vectors": 3120, "collected_vectors": 6350, "skipped_steps": 4816}, "diagnostics": {"expert_usage_mode": "cumulative", "previous_selected_jaccard": 1.0, "cp_overlap": null}}
{"event": "split_lite_step", "task_id": 6, "batch": 5080, "projected": 16, "collected": 25, "mean_removed_ratio": 0.07658496568910778, "strict_current_topk": true, "project_active_experts": [0, 2, 3, 4, 6, 7, 8, 9, 10, 11, 13, 15, 17, 19, 21, 24]}
{"event": "split_lite_step", "task_id": 6, "batch": 5100, "projected": 16, "collected": 25, "mean_removed_ratio": 0.03235365520231426, "strict_current_topk": true, "project_active_experts": [0, 2, 3, 4, 6, 7, 8, 9, 10, 11, 13, 15, 17, 19, 21, 24]}
{"event": "split_lite_step", "task_id": 6, "batch": 5120, "projected": 16, "collected": 25, "mean_removed_ratio": 0.05154612893238664, "strict_current_topk": true, "project_active_experts": [0, 2, 3, 4, 6, 7, 8, 9, 10, 11, 13, 15, 17, 19, 21, 24]}
{"event": "split_lite_step", "task_id": 6, "batch": 5140, "projected": 16, "collected": 25, "mean_removed_ratio": 0.04306482709944248, "strict_current_topk": true, "project_active_experts": [0, 2, 3, 4, 6, 7, 8, 9, 10, 11, 13, 15, 17, 19, 21, 24]}
{"event": "split_lite_step", "task_id": 6, "batch": 5160, "projected": 16, "collected": 25, "mean_removed_ratio": 0.040767635218799114, "strict_current_topk": true, "project_active_experts": [0, 2, 3, 4, 6, 7, 8, 9, 10, 11, 13, 15, 17, 19, 21, 24]}
{"event": "split_lite_step", "task_id": 6, "batch": 5180, "projected": 16, "collected": 25, "mean_removed_ratio": 0.04290590947493911, "strict_current_topk": true, "project_active_experts": [0, 2, 3, 4, 6, 7, 8, 9, 10, 11, 13, 15, 17, 19, 21, 24]}
{"event": "split_lite_step", "task_id": 6, "batch": 5200, "projected": 16, "collected": 25, "mean_removed_ratio": 0.04560562619008124, "strict_current_topk": true, "project_active_experts": [0, 2, 3, 4, 6, 7, 8, 9, 10, 11, 13, 15, 17, 19, 21, 24]}
{"event": "split_lite_step", "task_id": 6, "batch": 5220, "projected": 16, "collected": 25, "mean_removed_ratio": 0.04587739857379347, "strict_current_topk": true, "project_active_experts": [0, 2, 3, 4, 6, 7, 8, 9, 10, 11, 13, 15, 17, 19, 21, 24]}
{"event": "split_lite_step", "task_id": 6, "batch": 5240, "projected": 16, "collected": 25, "mean_removed_ratio": 0.035795484902337193, "strict_current_topk": true, "project_active_experts": [0, 2, 3, 4, 6, 7, 8, 9, 10, 11, 13, 15, 17, 19, 21, 24]}
{"event": "split_lite_step", "task_id": 6, "batch": 5260, "projected": 16, "collected": 25, "mean_removed_ratio": 0.04454868542961776, "strict_current_topk": true, "project_active_experts": [0, 2, 3, 4, 6, 7, 8, 9, 10, 11, 13, 15, 17, 19, 21, 24]}
{"event": "split_lite_step", "task_id": 6, "batch": 5280, "projected": 16, "collected": 25, "mean_removed_ratio": 0.05296796222683042, "strict_current_topk": true, "project_active_experts": [0, 2, 3, 4, 6, 7, 8, 9, 10, 11, 13, 15, 17, 19, 21, 24]}
{"event": "split_lite_step", "task_id": 6, "batch": 5300, "projected": 16, "collected": 25, "mean_removed_ratio": 0.039131975383497775, "strict_current_topk": true, "project_active_experts": [0, 2, 3, 4, 6, 7, 8, 9, 10, 11, 13, 15, 17, 19, 21, 24]}
{"event": "split_lite_step", "task_id": 6, "batch": 5320, "projected": 16, "collected": 25, "mean_removed_ratio": 0.05259223032044247, "strict_current_topk": true, "project_active_experts": [0, 2, 3, 4, 6, 7, 8, 9, 10, 11, 13, 15, 17, 19, 21, 24]}
{"event": "split_lite_step", "task_id": 6, "batch": 5340, "projected": 16, "collected": 25, "mean_removed_ratio": 0.06411663861945271, "strict_current_topk": true, "project_active_experts": [0, 2, 3, 4, 6, 7, 8, 9, 10, 11, 13, 15, 17, 19, 21, 24]}
{"event": "split_lite_step", "task_id": 6, "batch": 5360, "projected": 16, "collected": 25, "mean_removed_ratio": 0.03454593219794333, "strict_current_topk": true, "project_active_experts": [0, 2, 3, 4, 6, 7, 8, 9, 10, 11, 13, 15, 17, 19, 21, 24]}
{"event": "split_lite_step", "task_id": 6, "batch": 5380, "projected": 16, "collected": 25, "mean_removed_ratio": 0.038869294396135956, "strict_current_topk": true, "project_active_experts": [0, 2, 3, 4, 6, 7, 8, 9, 10, 11, 13, 15, 17, 19, 21, 24]}
{"event": "split_lite_step", "task_id": 6, "batch": 5400, "projected": 16, "collected": 25, "mean_removed_ratio": 0.03588204551488161, "strict_current_topk": true, "project_active_experts": [0, 2, 3, 4, 6, 7, 8, 9, 10, 11, 13, 15, 17, 19, 21, 24]}
{"event": "split_lite_step", "task_id": 6, "batch": 5420, "projected": 16, "collected": 25, "mean_removed_ratio": 0.03834381641354412, "strict_current_topk": true, "project_active_experts": [0, 2, 3, 4, 6, 7, 8, 9, 10, 11, 13, 15, 17, 19, 21, 24]}
{"event": "split_lite_step", "task_id": 6, "batch": 5440, "projected": 16, "collected": 25, "mean_removed_ratio": 0.040546400006860495, "strict_current_topk": true, "project_active_experts": [0, 2, 3, 4, 6, 7, 8, 9, 10, 11, 13, 15, 17, 19, 21, 24]}
{"event": "split_lite_step", "task_id": 6, "batch": 5460, "projected": 16, "collected": 25, "mean_removed_ratio": 0.05327549763023853, "strict_current_topk": true, "project_active_experts": [0, 2, 3, 4, 6, 7, 8, 9, 10, 11, 13, 15, 17, 19, 21, 24]}
{"event": "split_lite_step", "task_id": 6, "batch": 5480, "projected": 16, "collected": 25, "mean_removed_ratio": 0.035076571395620704, "strict_current_topk": true, "project_active_experts": [0, 2, 3, 4, 6, 7, 8, 9, 10, 11, 13, 15, 17, 19, 21, 24]}
{"event": "split_lite_step", "task_id": 6, "batch": 5500, "projected": 16, "collected": 25, "mean_removed_ratio": 0.02892343164421618, "strict_current_topk": true, "project_active_experts": [0, 2, 3, 4, 6, 7, 8, 9, 10, 11, 13, 15, 17, 19, 21, 24]}
{"event": "split_lite_step", "task_id": 6, "batch": 5520, "projected": 16, "collected": 25, "mean_removed_ratio": 0.0385900370310992, "strict_current_topk": true, "project_active_experts": [0, 2, 3, 4, 6, 7, 8, 9, 10, 11, 13, 15, 17, 19, 21, 24]}
{"event": "split_lite_step", "task_id": 6, "batch": 5540, "projected": 16, "collected": 25, "mean_removed_ratio": 0.05088917398825288, "strict_current_topk": true, "project_active_experts": [0, 2, 3, 4, 6, 7, 8, 9, 10, 11, 13, 15, 17, 19, 21, 24]}
{"event": "split_lite_step", "task_id": 6, "batch": 5560, "projected": 16, "collected": 25, "mean_removed_ratio": 0.04003225121414289, "strict_current_topk": true, "project_active_experts": [0, 2, 3, 4, 6, 7, 8, 9, 10, 11, 13, 15, 17, 19, 21, 24]}
{"event": "split_lite_step", "task_id": 6, "batch": 5580, "projected": 16, "collected": 25, "mean_removed_ratio": 0.03548484400380403, "strict_current_topk": true, "project_active_experts": [0, 2, 3, 4, 6, 7, 8, 9, 10, 11, 13, 15, 17, 19, 21, 24]}
{"event": "split_lite_step", "task_id": 6, "batch": 5600, "projected": 16, "collected": 25, "mean_removed_ratio": 0.05787647853139788, "strict_current_topk": true, "project_active_experts": [0, 2, 3, 4, 6, 7, 8, 9, 10, 11, 13, 15, 17, 19, 21, 24]}
{"event": "split_lite_step", "task_id": 6, "batch": 5620, "projected": 16, "collected": 25, "mean_removed_ratio": 0.048554947366937995, "strict_current_topk": true, "project_active_experts": [0, 2, 3, 4, 6, 7, 8, 9, 10, 11, 13, 15, 17, 19, 21, 24]}
{"event": "split_lite_step", "task_id": 6, "batch": 5640, "projected": 16, "collected": 25, "mean_removed_ratio": 0.03192110650707036, "strict_current_topk": true, "project_active_experts": [0, 2, 3, 4, 6, 7, 8, 9, 10, 11, 13, 15, 17, 19, 21, 24]}
{"event": "split_lite_step", "task_id": 6, "batch": 5660, "projected": 16, "collected": 25, "mean_removed_ratio": 0.040911175892688334, "strict_current_topk": true, "project_active_experts": [0, 2, 3, 4, 6, 7, 8, 9, 10, 11, 13, 15, 17, 19, 21, 24]}
{"event": "split_lite_step", "task_id": 6, "batch": 5680, "projected": 16, "collected": 25, "mean_removed_ratio": 0.03196460462640971, "strict_current_topk": true, "project_active_experts": [0, 2, 3, 4, 6, 7, 8, 9, 10, 11, 13, 15, 17, 19, 21, 24]}
{"event": "split_lite_step", "task_id": 6, "batch": 5700, "projected": 16, "collected": 25, "mean_removed_ratio": 0.041864812723360956, "strict_current_topk": true, "project_active_experts": [0, 2, 3, 4, 6, 7, 8, 9, 10, 11, 13, 15, 17, 19, 21, 24]}
{"event": "split_lite_step", "task_id": 6, "batch": 5720, "projected": 16, "collected": 25, "mean_removed_ratio": 0.045855366392061114, "strict_current_topk": true, "project_active_experts": [0, 2, 3, 4, 6, 7, 8, 9, 10, 11, 13, 15, 17, 19, 21, 24]}
{"event": "split_lite_step", "task_id": 6, "batch": 5740, "projected": 16, "collected": 25, "mean_removed_ratio": 0.04286380426492542, "strict_current_topk": true, "project_active_experts": [0, 2, 3, 4, 6, 7, 8, 9, 10, 11, 13, 15, 17, 19, 21, 24]}
{"event": "split_lite_step", "task_id": 6, "batch": 5760, "projected": 16, "collected": 25, "mean_removed_ratio": 0.036677175434306264, "strict_current_topk": true, "project_active_experts": [0, 2, 3, 4, 6, 7, 8, 9, 10, 11, 13, 15, 17, 19, 21, 24]}
{"event": "split_lite_step", "task_id": 6, "batch": 5780, "projected": 16, "collected": 25, "mean_removed_ratio": 0.038163415156304836, "strict_current_topk": true, "project_active_experts": [0, 2, 3, 4, 6, 7, 8, 9, 10, 11, 13, 15, 17, 19, 21, 24]}
{"event": "split_lite_step", "task_id": 6, "batch": 5800, "projected": 16, "collected": 25, "mean_removed_ratio": 0.03413865121547133, "strict_current_topk": true, "project_active_experts": [0, 2, 3, 4, 6, 7, 8, 9, 10, 11, 13, 15, 17, 19, 21, 24]}
{"event": "split_lite_step", "task_id": 6, "batch": 5820, "projected": 16, "collected": 25, "mean_removed_ratio": 0.03463288489729166, "strict_current_topk": true, "project_active_experts": [0, 2, 3, 4, 6, 7, 8, 9, 10, 11, 13, 15, 17, 19, 21, 24]}
{"event": "split_lite_step", "task_id": 6, "batch": 5840, "projected": 16, "collected": 25, "mean_removed_ratio": 0.03733195434324443, "strict_current_topk": true, "project_active_experts": [0, 2, 3, 4, 6, 7, 8, 9, 10, 11, 13, 15, 17, 19, 21, 24]}
{"event": "split_lite_task_finish", "task_id": 6, "rank": 4, "alpha": 0.2, "interval": 20, "buffer_size": 24, "expert_threshold": 0.03, "active_topk": 16, "strict_current_topk": true, "active_experts": [0, 2, 3, 4, 6, 7, 8, 9, 10, 11, 13, 15, 17, 19, 21, 24], "usage": {"vector": [0.04851468652486801, 0.03540347144007683, 0.05687965825200081, 0.04418196156620979, 0.048683688044548035, 0.03040762059390545, 0.04731101542711258, 0.0427565835416317, 0.039557259529829025, 0.03956695646047592, 0.04058843478560448, 0.04220832511782646, 0.0361328125, 0.04617666080594063, 0.037712324410676956, 0.04579756036400795, 0.03178776428103447, 0.04518729820847511, 0.02955697290599346, 0.037719160318374634, 0.02568689174950123, 0.04385588318109512, 0.032898906618356705, 0.033326100558042526, 0.03810199350118637], "top3": [2, 4, 0], "top5": [2, 4, 0, 6, 13], "top3_mass": 0.15407803654670715, "top5_mass": 0.24756571650505066, "entropy": 3.203131675720215, "max_entropy": 3.2188758248682006}, "basis_sizes": {"e_pv": {"0": 4, "2": 4, "3": 4, "4": 4, "6": 4, "7": 4, "8": 4, "9": 4, "10": 4, "11": 4, "13": 4, "15": 4, "17": 4, "19": 4, "21": 4, "24": 4}}, "stats": {"project_calls": 293, "projected_vectors": 3744, "collected_vectors": 7325, "skipped_steps": 5557}, "diagnostics": {"expert_usage_mode": "cumulative", "previous_selected_jaccard": 1.0, "cp_overlap": null}}
{"event": "split_lite_step", "task_id": 7, "batch": 5860, "projected": 16, "collected": 25, "mean_removed_ratio": 0.046030105324462056, "strict_current_topk": true, "project_active_experts": [0, 2, 3, 4, 6, 7, 8, 9, 10, 11, 13, 15, 17, 19, 21, 24]}
{"event": "split_lite_step", "task_id": 7, "batch": 5880, "projected": 16, "collected": 25, "mean_removed_ratio": 0.04966627759858966, "strict_current_topk": true, "project_active_experts": [0, 2, 3, 4, 6, 7, 8, 9, 10, 11, 13, 15, 17, 19, 21, 24]}
{"event": "split_lite_step", "task_id": 7, "batch": 5900, "projected": 16, "collected": 25, "mean_removed_ratio": 0.05041389761026949, "strict_current_topk": true, "project_active_experts": [0, 2, 3, 4, 6, 7, 8, 9, 10, 11, 13, 15, 17, 19, 21, 24]}
{"event": "split_lite_step", "task_id": 7, "batch": 5920, "projected": 16, "collected": 25, "mean_removed_ratio": 0.06605733803007752, "strict_current_topk": true, "project_active_experts": [0, 2, 3, 4, 6, 7, 8, 9, 10, 11, 13, 15, 17, 19, 21, 24]}
{"event": "split_lite_step", "task_id": 7, "batch": 5940, "projected": 16, "collected": 25, "mean_removed_ratio": 0.05843528127297759, "strict_current_topk": true, "project_active_experts": [0, 2, 3, 4, 6, 7, 8, 9, 10, 11, 13, 15, 17, 19, 21, 24]}
{"event": "split_lite_step", "task_id": 7, "batch": 5960, "projected": 16, "collected": 25, "mean_removed_ratio": 0.03822921810206026, "strict_current_topk": true, "project_active_experts": [0, 2, 3, 4, 6, 7, 8, 9, 10, 11, 13, 15, 17, 19, 21, 24]}
{"event": "split_lite_step", "task_id": 7, "batch": 5980, "projected": 16, "collected": 25, "mean_removed_ratio": 0.0685142946895212, "strict_current_topk": true, "project_active_experts": [0, 2, 3, 4, 6, 7, 8, 9, 10, 11, 13, 15, 17, 19, 21, 24]}
{"event": "split_lite_step", "task_id": 7, "batch": 6000, "projected": 16, "collected": 25, "mean_removed_ratio": 0.0489598261192441, "strict_current_topk": true, "project_active_experts": [0, 2, 3, 4, 6, 7, 8, 9, 10, 11, 13, 15, 17, 19, 21, 24]}
{"event": "split_lite_step", "task_id": 7, "batch": 6020, "projected": 16, "collected": 25, "mean_removed_ratio": 0.052768803550861776, "strict_current_topk": true, "project_active_experts": [0, 2, 3, 4, 6, 7, 8, 9, 10, 11, 13, 15, 17, 19, 21, 24]}
{"event": "split_lite_step", "task_id": 7, "batch": 6040, "projected": 16, "collected": 25, "mean_removed_ratio": 0.04473814577795565, "strict_current_topk": true, "project_active_experts": [0, 2, 3, 4, 6, 7, 8, 9, 10, 11, 13, 15, 17, 19, 21, 24]}
{"event": "split_lite_step", "task_id": 7, "batch": 6060, "projected": 16, "collected": 25, "mean_removed_ratio": 0.05084275279659778, "strict_current_topk": true, "project_active_experts": [0, 2, 3, 4, 6, 7, 8, 9, 10, 11, 13, 15, 17, 19, 21, 24]}
{"event": "split_lite_step", "task_id": 7, "batch": 6080, "projected": 16, "collected": 25, "mean_removed_ratio": 0.06290169665589929, "strict_current_topk": true, "project_active_experts": [0, 2, 3, 4, 6, 7, 8, 9, 10, 11, 13, 15, 17, 19, 21, 24]}
{"event": "split_lite_step", "task_id": 7, "batch": 6100, "projected": 16, "collected": 25, "mean_removed_ratio": 0.04562308476306498, "strict_current_topk": true, "project_active_experts": [0, 2, 3, 4, 6, 7, 8, 9, 10, 11, 13, 15, 17, 19, 21, 24]}
{"event": "split_lite_step", "task_id": 7, "batch": 6120, "projected": 16, "collected": 25, "mean_removed_ratio": 0.053092557936906815, "strict_current_topk": true, "project_active_experts": [0, 2, 3, 4, 6, 7, 8, 9, 10, 11, 13, 15, 17, 19, 21, 24]}
{"event": "split_lite_step", "task_id": 7, "batch": 6140, "projected": 16, "collected": 25, "mean_removed_ratio": 0.05058814235962927, "strict_current_topk": true, "project_active_experts": [0, 2, 3, 4, 6, 7, 8, 9, 10, 11, 13, 15, 17, 19, 21, 24]}
{"event": "split_lite_step", "task_id": 7, "batch": 6160, "projected": 16, "collected": 25, "mean_removed_ratio": 0.05126679677050561, "strict_current_topk": true, "project_active_experts": [0, 2, 3, 4, 6, 7, 8, 9, 10, 11, 13, 15, 17, 19, 21, 24]}
{"event": "split_lite_step", "task_id": 7, "batch": 6180, "projected": 16, "collected": 25, "mean_removed_ratio": 0.03915380116086453, "strict_current_topk": true, "project_active_experts": [0, 2, 3, 4, 6, 7, 8, 9, 10, 11, 13, 15, 17, 19, 21, 24]}
{"event": "split_lite_step", "task_id": 7, "batch": 6200, "projected": 16, "collected": 25, "mean_removed_ratio": 0.032124901306815445, "strict_current_topk": true, "project_active_experts": [0, 2, 3, 4, 6, 7, 8, 9, 10, 11, 13, 15, 17, 19, 21, 24]}
{"event": "split_lite_step", "task_id": 7, "batch": 6220, "projected": 16, "collected": 25, "mean_removed_ratio": 0.033439102000556886, "strict_current_topk": true, "project_active_experts": [0, 2, 3, 4, 6, 7, 8, 9, 10, 11, 13, 15, 17, 19, 21, 24]}
{"event": "split_lite_step", "task_id": 7, "batch": 6240, "projected": 16, "collected": 25, "mean_removed_ratio": 0.040192243875935674, "strict_current_topk": true, "project_active_experts": [0, 2, 3, 4, 6, 7, 8, 9, 10, 11, 13, 15, 17, 19, 21, 24]}
{"event": "split_lite_step", "task_id": 7, "batch": 6260, "projected": 16, "collected": 25, "mean_removed_ratio": 0.04908325272845104, "strict_current_topk": true, "project_active_experts": [0, 2, 3, 4, 6, 7, 8, 9, 10, 11, 13, 15, 17, 19, 21, 24]}
{"event": "split_lite_step", "task_id": 7, "batch": 6280, "projected": 16, "collected": 25, "mean_removed_ratio": 0.048266190686263144, "strict_current_topk": true, "project_active_experts": [0, 2, 3, 4, 6, 7, 8, 9, 10, 11, 13, 15, 17, 19, 21, 24]}
{"event": "split_lite_step", "task_id": 7, "batch": 6300, "projected": 16, "collected": 25, "mean_removed_ratio": 0.04393471218645573, "strict_current_topk": true, "project_active_experts": [0, 2, 3, 4, 6, 7, 8, 9, 10, 11, 13, 15, 17, 19, 21, 24]}
{"event": "split_lite_step", "task_id": 7, "batch": 6320, "projected": 16, "collected": 25, "mean_removed_ratio": 0.04922325466759503, "strict_current_topk": true, "project_active_experts": [0, 2, 3, 4, 6, 7, 8, 9, 10, 11, 13, 15, 17, 19, 21, 24]}
{"event": "split_lite_step", "task_id": 7, "batch": 6340, "projected": 16, "collected": 25, "mean_removed_ratio": 0.034869504801463336, "strict_current_topk": true, "project_active_experts": [0, 2, 3, 4, 6, 7, 8, 9, 10, 11, 13, 15, 17, 19, 21, 24]}
{"event": "split_lite_step", "task_id": 7, "batch": 6360, "projected": 16, "collected": 25, "mean_removed_ratio": 0.03055349935311824, "strict_current_topk": true, "project_active_experts": [0, 2, 3, 4, 6, 7, 8, 9, 10, 11, 13, 15, 17, 19, 21, 24]}
{"event": "split_lite_step", "task_id": 7, "batch": 6380, "projected": 16, "collected": 25, "mean_removed_ratio": 0.04369028436485678, "strict_current_topk": true, "project_active_experts": [0, 2, 3, 4, 6, 7, 8, 9, 10, 11, 13, 15, 17, 19, 21, 24]}
{"event": "split_lite_step", "task_id": 7, "batch": 6400, "projected": 16, "collected": 25, "mean_removed_ratio": 0.03598168905591592, "strict_current_topk": true, "project_active_experts": [0, 2, 3, 4, 6, 7, 8, 9, 10, 11, 13, 15, 17, 19, 21, 24]}
{"event": "split_lite_step", "task_id": 7, "batch": 6420, "projected": 16, "collected": 25, "mean_removed_ratio": 0.052703391993418336, "strict_current_topk": true, "project_active_experts": [0, 2, 3, 4, 6, 7, 8, 9, 10, 11, 13, 15, 17, 19, 21, 24]}
{"event": "split_lite_step", "task_id": 7, "batch": 6440, "projected": 16, "collected": 25, "mean_removed_ratio": 0.03435817384161055, "strict_current_topk": true, "project_active_experts": [0, 2, 3, 4, 6, 7, 8, 9, 10, 11, 13, 15, 17, 19, 21, 24]}
{"event": "split_lite_step", "task_id": 7, "batch": 6460, "projected": 16, "collected": 25, "mean_removed_ratio": 0.04906498052878305, "strict_current_topk": true, "project_active_experts": [0, 2, 3, 4, 6, 7, 8, 9, 10, 11, 13, 15, 17, 19, 21, 24]}
{"event": "split_lite_step", "task_id": 7, "batch": 6480, "projected": 16, "collected": 25, "mean_removed_ratio": 0.05512232915498316, "strict_current_topk": true, "project_active_experts": [0, 2, 3, 4, 6, 7, 8, 9, 10, 11, 13, 15, 17, 19, 21, 24]}
{"event": "split_lite_step", "task_id": 7, "batch": 6500, "projected": 16, "collected": 25, "mean_removed_ratio": 0.054275605361908674, "strict_current_topk": true, "project_active_experts": [0, 2, 3, 4, 6, 7, 8, 9, 10, 11, 13, 15, 17, 19, 21, 24]}
{"event": "split_lite_step", "task_id": 7, "batch": 6520, "projected": 16, "collected": 25, "mean_removed_ratio": 0.0721211654599756, "strict_current_topk": true, "project_active_experts": [0, 2, 3, 4, 6, 7, 8, 9, 10, 11, 13, 15, 17, 19, 21, 24]}
{"event": "split_lite_step", "task_id": 7, "batch": 6540, "projected": 16, "collected": 25, "mean_removed_ratio": 0.04431329033104703, "strict_current_topk": true, "project_active_experts": [0, 2, 3, 4, 6, 7, 8, 9, 10, 11, 13, 15, 17, 19, 21, 24]}
{"event": "split_lite_step", "task_id": 7, "batch": 6560, "projected": 16, "collected": 25, "mean_removed_ratio": 0.053767551318742335, "strict_current_topk": true, "project_active_experts": [0, 2, 3, 4, 6, 7, 8, 9, 10, 11, 13, 15, 17, 19, 21, 24]}
{"event": "split_lite_step", "task_id": 7, "batch": 6580, "projected": 16, "collected": 25, "mean_removed_ratio": 0.03805833129445091, "strict_current_topk": true, "project_active_experts": [0, 2, 3, 4, 6, 7, 8, 9, 10, 11, 13, 15, 17, 19, 21, 24]}
{"event": "split_lite_step", "task_id": 7, "batch": 6600, "projected": 16, "collected": 25, "mean_removed_ratio": 0.04526612488552928, "strict_current_topk": true, "project_active_experts": [0, 2, 3, 4, 6, 7, 8, 9, 10, 11, 13, 15, 17, 19, 21, 24]}
{"event": "split_lite_step", "task_id": 7, "batch": 6620, "projected": 16, "collected": 25, "mean_removed_ratio": 0.058080996852368116, "strict_current_topk": true, "project_active_experts": [0, 2, 3, 4, 6, 7, 8, 9, 10, 11, 13, 15, 17, 19, 21, 24]}
{"event": "split_lite_task_finish", "task_id": 7, "rank": 4, "alpha": 0.2, "interval": 20, "buffer_size": 24, "expert_threshold": 0.03, "active_topk": 16, "strict_current_topk": true, "active_experts": [0, 2, 3, 4, 6, 7, 8, 9, 10, 11, 13, 15, 17, 19, 21, 24], "usage": {"vector": [0.049068789929151535, 0.03686162084341049, 0.05706881359219551, 0.04453772306442261, 0.0488482303917408, 0.030752122402191162, 0.04626743495464325, 0.04227340593934059, 0.03877941146492958, 0.03985369950532913, 0.03985369950532913, 0.04215829074382782, 0.036142416298389435, 0.04624837636947632, 0.03751217573881149, 0.04528120532631874, 0.03302158787846565, 0.04474729299545288, 0.029669487848877907, 0.03751815855503082, 0.026277462020516396, 0.043929457664489746, 0.03191154822707176, 0.03259813413023949, 0.03881954401731491], "top3": [2, 0, 4], "top5": [2, 0, 4, 6, 13], "top3_mass": 0.15498583018779755, "top5_mass": 0.24750164151191711, "entropy": 3.2036168575286865, "max_entropy": 3.2188758248682006}, "basis_sizes": {"e_pv": {"0": 4, "2": 4, "3": 4, "4": 4, "6": 4, "7": 4, "8": 4, "9": 4, "10": 4, "11": 4, "13": 4, "15": 4, "17": 4, "19": 4, "21": 4, "24": 4}}, "stats": {"project_calls": 332, "projected_vectors": 4368, "collected_vectors": 8300, "skipped_steps": 6298}, "diagnostics": {"expert_usage_mode": "cumulative", "previous_selected_jaccard": 1.0, "cp_overlap": null}}
{"event": "split_lite_step", "task_id": 8, "batch": 6640, "projected": 16, "collected": 25, "mean_removed_ratio": 0.05358518578577787, "strict_current_topk": true, "project_active_experts": [0, 2, 3, 4, 6, 7, 8, 9, 10, 11, 13, 15, 17, 19, 21, 24]}
{"event": "split_lite_step", "task_id": 8, "batch": 6660, "projected": 16, "collected": 25, "mean_removed_ratio": 0.04731781280133873, "strict_current_topk": true, "project_active_experts": [0, 2, 3, 4, 6, 7, 8, 9, 10, 11, 13, 15, 17, 19, 21, 24]}
{"event": "split_lite_step", "task_id": 8, "batch": 6680, "projected": 16, "collected": 25, "mean_removed_ratio": 0.03669905918650329, "strict_current_topk": true, "project_active_experts": [0, 2, 3, 4, 6, 7, 8, 9, 10, 11, 13, 15, 17, 19, 21, 24]}
{"event": "split_lite_step", "task_id": 8, "batch": 6700, "projected": 16, "collected": 25, "mean_removed_ratio": 0.04486409015953541, "strict_current_topk": true, "project_active_experts": [0, 2, 3, 4, 6, 7, 8, 9, 10, 11, 13, 15, 17, 19, 21, 24]}
{"event": "split_lite_step", "task_id": 8, "batch": 6720, "projected": 16, "collected": 25, "mean_removed_ratio": 0.06495824549347162, "strict_current_topk": true, "project_active_experts": [0, 2, 3, 4, 6, 7, 8, 9, 10, 11, 13, 15, 17, 19, 21, 24]}
{"event": "split_lite_step", "task_id": 8, "batch": 6740, "projected": 16, "collected": 25, "mean_removed_ratio": 0.04764537373557687, "strict_current_topk": true, "project_active_experts": [0, 2, 3, 4, 6, 7, 8, 9, 10, 11, 13, 15, 17, 19, 21, 24]}
{"event": "split_lite_step", "task_id": 8, "batch": 6760, "projected": 16, "collected": 25, "mean_removed_ratio": 0.030874230375047773, "strict_current_topk": true, "project_active_experts": [0, 2, 3, 4, 6, 7, 8, 9, 10, 11, 13, 15, 17, 19, 21, 24]}
{"event": "split_lite_step", "task_id": 8, "batch": 6780, "projected": 16, "collected": 25, "mean_removed_ratio": 0.036282547807786614, "strict_current_topk": true, "project_active_experts": [0, 2, 3, 4, 6, 7, 8, 9, 10, 11, 13, 15, 17, 19, 21, 24]}
{"event": "split_lite_step", "task_id": 8, "batch": 6800, "projected": 16, "collected": 25, "mean_removed_ratio": 0.04110923781991005, "strict_current_topk": true, "project_active_experts": [0, 2, 3, 4, 6, 7, 8, 9, 10, 11, 13, 15, 17, 19, 21, 24]}
{"event": "split_lite_step", "task_id": 8, "batch": 6820, "projected": 16, "collected": 25, "mean_removed_ratio": 0.03036808007163927, "strict_current_topk": true, "project_active_experts": [0, 2, 3, 4, 6, 7, 8, 9, 10, 11, 13, 15, 17, 19, 21, 24]}
{"event": "split_lite_step", "task_id": 8, "batch": 6840, "projected": 16, "collected": 25, "mean_removed_ratio": 0.0589375322451815, "strict_current_topk": true, "project_active_experts": [0, 2, 3, 4, 6, 7, 8, 9, 10, 11, 13, 15, 17, 19, 21, 24]}
{"event": "split_lite_step", "task_id": 8, "batch": 6860, "projected": 16, "collected": 25, "mean_removed_ratio": 0.0392408567131497, "strict_current_topk": true, "project_active_experts": [0, 2, 3, 4, 6, 7, 8, 9, 10, 11, 13, 15, 17, 19, 21, 24]}
{"event": "split_lite_step", "task_id": 8, "batch": 6880, "projected": 16, "collected": 25, "mean_removed_ratio": 0.03959813644178212, "strict_current_topk": true, "project_active_experts": [0, 2, 3, 4, 6, 7, 8, 9, 10, 11, 13, 15, 17, 19, 21, 24]}
{"event": "split_lite_step", "task_id": 8, "batch": 6900, "projected": 16, "collected": 25, "mean_removed_ratio": 0.04498405149206519, "strict_current_topk": true, "project_active_experts": [0, 2, 3, 4, 6, 7, 8, 9, 10, 11, 13, 15, 17, 19, 21, 24]}
{"event": "split_lite_step", "task_id": 8, "batch": 6920, "projected": 16, "collected": 25, "mean_removed_ratio": 0.0695854373043403, "strict_current_topk": true, "project_active_experts": [0, 2, 3, 4, 6, 7, 8, 9, 10, 11, 13, 15, 17, 19, 21, 24]}
{"event": "split_lite_step", "task_id": 8, "batch": 6940, "projected": 16, "collected": 25, "mean_removed_ratio": 0.051376580726355314, "strict_current_topk": true, "project_active_experts": [0, 2, 3, 4, 6, 7, 8, 9, 10, 11, 13, 15, 17, 19, 21, 24]}
{"event": "split_lite_step", "task_id": 8, "batch": 6960, "projected": 16, "collected": 25, "mean_removed_ratio": 0.04075702710542828, "strict_current_topk": true, "project_active_experts": [0, 2, 3, 4, 6, 7, 8, 9, 10, 11, 13, 15, 17, 19, 21, 24]}
{"event": "split_lite_step", "task_id": 8, "batch": 6980, "projected": 16, "collected": 25, "mean_removed_ratio": 0.06778566935099661, "strict_current_topk": true, "project_active_experts": [0, 2, 3, 4, 6, 7, 8, 9, 10, 11, 13, 15, 17, 19, 21, 24]}
{"event": "split_lite_step", "task_id": 8, "batch": 7000, "projected": 16, "collected": 25, "mean_removed_ratio": 0.03143413393991068, "strict_current_topk": true, "project_active_experts": [0, 2, 3, 4, 6, 7, 8, 9, 10, 11, 13, 15, 17, 19, 21, 24]}
{"event": "split_lite_step", "task_id": 8, "batch": 7020, "projected": 16, "collected": 25, "mean_removed_ratio": 0.03148337875609286, "strict_current_topk": true, "project_active_experts": [0, 2, 3, 4, 6, 7, 8, 9, 10, 11, 13, 15, 17, 19, 21, 24]}
{"event": "split_lite_step", "task_id": 8, "batch": 7040, "projected": 16, "collected": 25, "mean_removed_ratio": 0.04404705099295825, "strict_current_topk": true, "project_active_experts": [0, 2, 3, 4, 6, 7, 8, 9, 10, 11, 13, 15, 17, 19, 21, 24]}
{"event": "split_lite_step", "task_id": 8, "batch": 7060, "projected": 16, "collected": 25, "mean_removed_ratio": 0.06196374911814928, "strict_current_topk": true, "project_active_experts": [0, 2, 3, 4, 6, 7, 8, 9, 10, 11, 13, 15, 17, 19, 21, 24]}
{"event": "split_lite_step", "task_id": 8, "batch": 7080, "projected": 16, "collected": 25, "mean_removed_ratio": 0.05704836640506983, "strict_current_topk": true, "project_active_experts": [0, 2, 3, 4, 6, 7, 8, 9, 10, 11, 13, 15, 17, 19, 21, 24]}
{"event": "split_lite_step", "task_id": 8, "batch": 7100, "projected": 16, "collected": 25, "mean_removed_ratio": 0.06063458288554102, "strict_current_topk": true, "project_active_experts": [0, 2, 3, 4, 6, 7, 8, 9, 10, 11, 13, 15, 17, 19, 21, 24]}
{"event": "split_lite_step", "task_id": 8, "batch": 7120, "projected": 16, "collected": 25, "mean_removed_ratio": 0.04342198435915634, "strict_current_topk": true, "project_active_experts": [0, 2, 3, 4, 6, 7, 8, 9, 10, 11, 13, 15, 17, 19, 21, 24]}
{"event": "split_lite_step", "task_id": 8, "batch": 7140, "projected": 16, "collected": 25, "mean_removed_ratio": 0.06137013924308121, "strict_current_topk": true, "project_active_experts": [0, 2, 3, 4, 6, 7, 8, 9, 10, 11, 13, 15, 17, 19, 21, 24]}
{"event": "split_lite_step", "task_id": 8, "batch": 7160, "projected": 16, "collected": 25, "mean_removed_ratio": 0.03297640127129853, "strict_current_topk": true, "project_active_experts": [0, 2, 3, 4, 6, 7, 8, 9, 10, 11, 13, 15, 17, 19, 21, 24]}
{"event": "split_lite_step", "task_id": 8, "batch": 7180, "projected": 16, "collected": 25, "mean_removed_ratio": 0.053175913635641336, "strict_current_topk": true, "project_active_experts": [0, 2, 3, 4, 6, 7, 8, 9, 10, 11, 13, 15, 17, 19, 21, 24]}
{"event": "split_lite_step", "task_id": 8, "batch": 7200, "projected": 16, "collected": 25, "mean_removed_ratio": 0.03770481195533648, "strict_current_topk": true, "project_active_experts": [0, 2, 3, 4, 6, 7, 8, 9, 10, 11, 13, 15, 17, 19, 21, 24]}
{"event": "split_lite_step", "task_id": 8, "batch": 7220, "projected": 16, "collected": 25, "mean_removed_ratio": 0.05176476389169693, "strict_current_topk": true, "project_active_experts": [0, 2, 3, 4, 6, 7, 8, 9, 10, 11, 13, 15, 17, 19, 21, 24]}
{"event": "split_lite_step", "task_id": 8, "batch": 7240, "projected": 16, "collected": 25, "mean_removed_ratio": 0.06709548237267882, "strict_current_topk": true, "project_active_experts": [0, 2, 3, 4, 6, 7, 8, 9, 10, 11, 13, 15, 17, 19, 21, 24]}
{"event": "split_lite_step", "task_id": 8, "batch": 7260, "projected": 16, "collected": 25, "mean_removed_ratio": 0.040360937593504786, "strict_current_topk": true, "project_active_experts": [0, 2, 3, 4, 6, 7, 8, 9, 10, 11, 13, 15, 17, 19, 21, 24]}
{"event": "split_lite_step", "task_id": 8, "batch": 7280, "projected": 16, "collected": 25, "mean_removed_ratio": 0.04475118138361722, "strict_current_topk": true, "project_active_experts": [0, 2, 3, 4, 6, 7, 8, 9, 10, 11, 13, 15, 17, 19, 21, 24]}
{"event": "split_lite_step", "task_id": 8, "batch": 7300, "projected": 16, "collected": 25, "mean_removed_ratio": 0.03876638284418732, "strict_current_topk": true, "project_active_experts": [0, 2, 3, 4, 6, 7, 8, 9, 10, 11, 13, 15, 17, 19, 21, 24]}
{"event": "split_lite_step", "task_id": 8, "batch": 7320, "projected": 16, "collected": 25, "mean_removed_ratio": 0.03247701231157407, "strict_current_topk": true, "project_active_experts": [0, 2, 3, 4, 6, 7, 8, 9, 10, 11, 13, 15, 17, 19, 21, 24]}
{"event": "split_lite_step", "task_id": 8, "batch": 7340, "projected": 16, "collected": 25, "mean_removed_ratio": 0.033028382749762386, "strict_current_topk": true, "project_active_experts": [0, 2, 3, 4, 6, 7, 8, 9, 10, 11, 13, 15, 17, 19, 21, 24]}
{"event": "split_lite_step", "task_id": 8, "batch": 7360, "projected": 16, "collected": 25, "mean_removed_ratio": 0.048767746484372765, "strict_current_topk": true, "project_active_experts": [0, 2, 3, 4, 6, 7, 8, 9, 10, 11, 13, 15, 17, 19, 21, 24]}
{"event": "split_lite_step", "task_id": 8, "batch": 7380, "projected": 16, "collected": 25, "mean_removed_ratio": 0.04239410505397245, "strict_current_topk": true, "project_active_experts": [0, 2, 3, 4, 6, 7, 8, 9, 10, 11, 13, 15, 17, 19, 21, 24]}
{"event": "split_lite_step", "task_id": 8, "batch": 7400, "projected": 16, "collected": 25, "mean_removed_ratio": 0.03383476898306981, "strict_current_topk": true, "project_active_experts": [0, 2, 3, 4, 6, 7, 8, 9, 10, 11, 13, 15, 17, 19, 21, 24]}
{"event": "split_lite_task_finish", "task_id": 8, "rank": 4, "alpha": 0.2, "interval": 20, "buffer_size": 24, "expert_threshold": 0.03, "active_topk": 16, "strict_current_topk": true, "active_experts": [0, 1, 2, 3, 4, 6, 7, 8, 9, 10, 11, 13, 15, 17, 21, 24], "usage": {"vector": [0.0494849793612957, 0.038009148091077805, 0.05721290037035942, 0.044830434024333954, 0.04897620156407356, 0.030722489580512047, 0.045146554708480835, 0.04158870130777359, 0.03817429021000862, 0.04005761072039604, 0.039437852799892426, 0.04180113971233368, 0.03613893315196037, 0.046348974108695984, 0.03767292946577072, 0.04487958550453186, 0.03398215025663376, 0.044404998421669006, 0.02976546436548233, 0.03736181557178497, 0.027056870982050896, 0.04398667439818382, 0.0314522385597229, 0.03206253424286842, 0.03944453224539757], "top3": [2, 0, 4], "top5": [2, 0, 4, 13, 6], "top3_mass": 0.15567408502101898, "top5_mass": 0.2471696138381958, "entropy": 3.2040326595306396, "max_entropy": 3.2188758248682006}, "basis_sizes": {"e_pv": {"0": 4, "1": 4, "2": 4, "3": 4, "4": 4, "6": 4, "7": 4, "8": 4, "9": 4, "10": 4, "11": 4, "13": 4, "15": 4, "17": 4, "21": 4, "24": 4}}, "stats": {"project_calls": 371, "projected_vectors": 4992, "collected_vectors": 9275, "skipped_steps": 7039}, "diagnostics": {"expert_usage_mode": "cumulative", "previous_selected_jaccard": 0.8823529411764706, "cp_overlap": null}}
{"event": "split_lite_step", "task_id": 9, "batch": 7420, "projected": 16, "collected": 25, "mean_removed_ratio": 0.03714207583107054, "strict_current_topk": true, "project_active_experts": [0, 1, 2, 3, 4, 6, 7, 8, 9, 10, 11, 13, 15, 17, 21, 24]}
{"event": "split_lite_step", "task_id": 9, "batch": 7440, "projected": 16, "collected": 25, "mean_removed_ratio": 0.0349399134865962, "strict_current_topk": true, "project_active_experts": [0, 1, 2, 3, 4, 6, 7, 8, 9, 10, 11, 13, 15, 17, 21, 24]}
{"event": "split_lite_step", "task_id": 9, "batch": 7460, "projected": 16, "collected": 25, "mean_removed_ratio": 0.03948127955663949, "strict_current_topk": true, "project_active_experts": [0, 1, 2, 3, 4, 6, 7, 8, 9, 10, 11, 13, 15, 17, 21, 24]}
{"event": "split_lite_step", "task_id": 9, "batch": 7480, "projected": 16, "collected": 25, "mean_removed_ratio": 0.051956440787762403, "strict_current_topk": true, "project_active_experts": [0, 1, 2, 3, 4, 6, 7, 8, 9, 10, 11, 13, 15, 17, 21, 24]}
{"event": "split_lite_step", "task_id": 9, "batch": 7500, "projected": 16, "collected": 25, "mean_removed_ratio": 0.05459034442901611, "strict_current_topk": true, "project_active_experts": [0, 1, 2, 3, 4, 6, 7, 8, 9, 10, 11, 13, 15, 17, 21, 24]}
{"event": "split_lite_step", "task_id": 9, "batch": 7520, "projected": 16, "collected": 25, "mean_removed_ratio": 0.04112835694104433, "strict_current_topk": true, "project_active_experts": [0, 1, 2, 3, 4, 6, 7, 8, 9, 10, 11, 13, 15, 17, 21, 24]}
{"event": "split_lite_step", "task_id": 9, "batch": 7540, "projected": 16, "collected": 25, "mean_removed_ratio": 0.04385886120144278, "strict_current_topk": true, "project_active_experts": [0, 1, 2, 3, 4, 6, 7, 8, 9, 10, 11, 13, 15, 17, 21, 24]}
{"event": "split_lite_step", "task_id": 9, "batch": 7560, "projected": 16, "collected": 25, "mean_removed_ratio": 0.04950137948617339, "strict_current_topk": true, "project_active_experts": [0, 1, 2, 3, 4, 6, 7, 8, 9, 10, 11, 13, 15, 17, 21, 24]}
{"event": "split_lite_step", "task_id": 9, "batch": 7580, "projected": 16, "collected": 25, "mean_removed_ratio": 0.04100140993250534, "strict_current_topk": true, "project_active_experts": [0, 1, 2, 3, 4, 6, 7, 8, 9, 10, 11, 13, 15, 17, 21, 24]}
{"event": "split_lite_step", "task_id": 9, "batch": 7600, "projected": 16, "collected": 25, "mean_removed_ratio": 0.053570191259495914, "strict_current_topk": true, "project_active_experts": [0, 1, 2, 3, 4, 6, 7, 8, 9, 10, 11, 13, 15, 17, 21, 24]}
{"event": "split_lite_step", "task_id": 9, "batch": 7620, "projected": 16, "collected": 25, "mean_removed_ratio": 0.02639103727415204, "strict_current_topk": true, "project_active_experts": [0, 1, 2, 3, 4, 6, 7, 8, 9, 10, 11, 13, 15, 17, 21, 24]}
{"event": "split_lite_step", "task_id": 9, "batch": 7640, "projected": 16, "collected": 25, "mean_removed_ratio": 0.06330169294960797, "strict_current_topk": true, "project_active_experts": [0, 1, 2, 3, 4, 6, 7, 8, 9, 10, 11, 13, 15, 17, 21, 24]}
{"event": "split_lite_step", "task_id": 9, "batch": 7660, "projected": 16, "collected": 25, "mean_removed_ratio": 0.04343219817383215, "strict_current_topk": true, "project_active_experts": [0, 1, 2, 3, 4, 6, 7, 8, 9, 10, 11, 13, 15, 17, 21, 24]}
{"event": "split_lite_step", "task_id": 9, "batch": 7680, "projected": 16, "collected": 25, "mean_removed_ratio": 0.05292540602385998, "strict_current_topk": true, "project_active_experts": [0, 1, 2, 3, 4, 6, 7, 8, 9, 10, 11, 13, 15, 17, 21, 24]}
{"event": "split_lite_step", "task_id": 9, "batch": 7700, "projected": 16, "collected": 25, "mean_removed_ratio": 0.05353604268748313, "strict_current_topk": true, "project_active_experts": [0, 1, 2, 3, 4, 6, 7, 8, 9, 10, 11, 13, 15, 17, 21, 24]}
{"event": "split_lite_step", "task_id": 9, "batch": 7720, "projected": 16, "collected": 25, "mean_removed_ratio": 0.03138327685883269, "strict_current_topk": true, "project_active_experts": [0, 1, 2, 3, 4, 6, 7, 8, 9, 10, 11, 13, 15, 17, 21, 24]}
{"event": "split_lite_step", "task_id": 9, "batch": 7740, "projected": 16, "collected": 25, "mean_removed_ratio": 0.05961740983184427, "strict_current_topk": true, "project_active_experts": [0, 1, 2, 3, 4, 6, 7, 8, 9, 10, 11, 13, 15, 17, 21, 24]}
{"event": "split_lite_step", "task_id": 9, "batch": 7760, "projected": 16, "collected": 25, "mean_removed_ratio": 0.04513900124584325, "strict_current_topk": true, "project_active_experts": [0, 1, 2, 3, 4, 6, 7, 8, 9, 10, 11, 13, 15, 17, 21, 24]}
{"event": "split_lite_step", "task_id": 9, "batch": 7780, "projected": 16, "collected": 25, "mean_removed_ratio": 0.05123378161806613, "strict_current_topk": true, "project_active_experts": [0, 1, 2, 3, 4, 6, 7, 8, 9, 10, 11, 13, 15, 17, 21, 24]}
{"event": "split_lite_step", "task_id": 9, "batch": 7800, "projected": 16, "collected": 25, "mean_removed_ratio": 0.04215958452550694, "strict_current_topk": true, "project_active_experts": [0, 1, 2, 3, 4, 6, 7, 8, 9, 10, 11, 13, 15, 17, 21, 24]}
{"event": "split_lite_step", "task_id": 9, "batch": 7820, "projected": 16, "collected": 25, "mean_removed_ratio": 0.04777071252465248, "strict_current_topk": true, "project_active_experts": [0, 1, 2, 3, 4, 6, 7, 8, 9, 10, 11, 13, 15, 17, 21, 24]}
{"event": "split_lite_step", "task_id": 9, "batch": 7840, "projected": 16, "collected": 25, "mean_removed_ratio": 0.03141299507115036, "strict_current_topk": true, "project_active_experts": [0, 1, 2, 3, 4, 6, 7, 8, 9, 10, 11, 13, 15, 17, 21, 24]}
{"event": "split_lite_step", "task_id": 9, "batch": 7860, "projected": 16, "collected": 25, "mean_removed_ratio": 0.06507651414722204, "strict_current_topk": true, "project_active_experts": [0, 1, 2, 3, 4, 6, 7, 8, 9, 10, 11, 13, 15, 17, 21, 24]}
{"event": "split_lite_step", "task_id": 9, "batch": 7880, "projected": 16, "collected": 25, "mean_removed_ratio": 0.04747093713376671, "strict_current_topk": true, "project_active_experts": [0, 1, 2, 3, 4, 6, 7, 8, 9, 10, 11, 13, 15, 17, 21, 24]}
{"event": "split_lite_step", "task_id": 9, "batch": 7900, "projected": 16, "collected": 25, "mean_removed_ratio": 0.04611201328225434, "strict_current_topk": true, "project_active_experts": [0, 1, 2, 3, 4, 6, 7, 8, 9, 10, 11, 13, 15, 17, 21, 24]}
{"event": "split_lite_step", "task_id": 9, "batch": 7920, "projected": 16, "collected": 25, "mean_removed_ratio": 0.05086989724077284, "strict_current_topk": true, "project_active_experts": [0, 1, 2, 3, 4, 6, 7, 8, 9, 10, 11, 13, 15, 17, 21, 24]}
{"event": "split_lite_step", "task_id": 9, "batch": 7940, "projected": 16, "collected": 25, "mean_removed_ratio": 0.04027213546214625, "strict_current_topk": true, "project_active_experts": [0, 1, 2, 3, 4, 6, 7, 8, 9, 10, 11, 13, 15, 17, 21, 24]}
{"event": "split_lite_step", "task_id": 9, "batch": 7960, "projected": 16, "collected": 25, "mean_removed_ratio": 0.049372835201211274, "strict_current_topk": true, "project_active_experts": [0, 1, 2, 3, 4, 6, 7, 8, 9, 10, 11, 13, 15, 17, 21, 24]}
{"event": "split_lite_step", "task_id": 9, "batch": 7980, "projected": 16, "collected": 25, "mean_removed_ratio": 0.049265157082118094, "strict_current_topk": true, "project_active_experts": [0, 1, 2, 3, 4, 6, 7, 8, 9, 10, 11, 13, 15, 17, 21, 24]}
{"event": "split_lite_step", "task_id": 9, "batch": 8000, "projected": 16, "collected": 25, "mean_removed_ratio": 0.05299794033635408, "strict_current_topk": true, "project_active_experts": [0, 1, 2, 3, 4, 6, 7, 8, 9, 10, 11, 13, 15, 17, 21, 24]}
{"event": "split_lite_step", "task_id": 9, "batch": 8020, "projected": 16, "collected": 25, "mean_removed_ratio": 0.08696029358543456, "strict_current_topk": true, "project_active_experts": [0, 1, 2, 3, 4, 6, 7, 8, 9, 10, 11, 13, 15, 17, 21, 24]}
{"event": "split_lite_step", "task_id": 9, "batch": 8040, "projected": 16, "collected": 25, "mean_removed_ratio": 0.030919436365365982, "strict_current_topk": true, "project_active_experts": [0, 1, 2, 3, 4, 6, 7, 8, 9, 10, 11, 13, 15, 17, 21, 24]}
{"event": "split_lite_step", "task_id": 9, "batch": 8060, "projected": 16, "collected": 25, "mean_removed_ratio": 0.04872267157770693, "strict_current_topk": true, "project_active_experts": [0, 1, 2, 3, 4, 6, 7, 8, 9, 10, 11, 13, 15, 17, 21, 24]}
{"event": "split_lite_step", "task_id": 9, "batch": 8080, "projected": 16, "collected": 25, "mean_removed_ratio": 0.03032077243551612, "strict_current_topk": true, "project_active_experts": [0, 1, 2, 3, 4, 6, 7, 8, 9, 10, 11, 13, 15, 17, 21, 24]}
{"event": "split_lite_step", "task_id": 9, "batch": 8100, "projected": 16, "collected": 25, "mean_removed_ratio": 0.05234078399371356, "strict_current_topk": true, "project_active_experts": [0, 1, 2, 3, 4, 6, 7, 8, 9, 10, 11, 13, 15, 17, 21, 24]}
{"event": "split_lite_step", "task_id": 9, "batch": 8120, "projected": 16, "collected": 25, "mean_removed_ratio": 0.04144151689251885, "strict_current_topk": true, "project_active_experts": [0, 1, 2, 3, 4, 6, 7, 8, 9, 10, 11, 13, 15, 17, 21, 24]}
{"event": "split_lite_step", "task_id": 9, "batch": 8140, "projected": 16, "collected": 25, "mean_removed_ratio": 0.05438379547558725, "strict_current_topk": true, "project_active_experts": [0, 1, 2, 3, 4, 6, 7, 8, 9, 10, 11, 13, 15, 17, 21, 24]}
{"event": "split_lite_step", "task_id": 9, "batch": 8160, "projected": 16, "collected": 25, "mean_removed_ratio": 0.06385908112861216, "strict_current_topk": true, "project_active_experts": [0, 1, 2, 3, 4, 6, 7, 8, 9, 10, 11, 13, 15, 17, 21, 24]}
{"event": "split_lite_step", "task_id": 9, "batch": 8180, "projected": 16, "collected": 25, "mean_removed_ratio": 0.032590606017038226, "strict_current_topk": true, "project_active_experts": [0, 1, 2, 3, 4, 6, 7, 8, 9, 10, 11, 13, 15, 17, 21, 24]}
{"event": "split_lite_task_finish", "task_id": 9, "rank": 4, "alpha": 0.2, "interval": 20, "buffer_size": 24, "expert_threshold": 0.03, "active_topk": 16, "strict_current_topk": true, "active_experts": [0, 1, 2, 3, 4, 6, 7, 8, 9, 10, 11, 13, 15, 17, 21, 24], "usage": {"vector": [0.05009971559047699, 0.03919988498091698, 0.05733679607510567, 0.044783707708120346, 0.04963413625955582, 0.030976396054029465, 0.043965231627225876, 0.04158247634768486, 0.037690192461013794, 0.039947472512722015, 0.03938189893960953, 0.04123937338590622, 0.03613615036010742, 0.0461525097489357, 0.03752581775188446, 0.044558294117450714, 0.0344756618142128, 0.044131167232990265, 0.030110009014606476, 0.03723674640059471, 0.027677783742547035, 0.04375473037362099, 0.031362514942884445, 0.03135666996240616, 0.039684660732746124], "top3": [2, 0, 4], "top5": [2, 0, 4, 13, 3], "top3_mass": 0.15707063674926758, "top5_mass": 0.24800685048103333, "entropy": 3.2042763233184814, "max_entropy": 3.2188758248682006}, "basis_sizes": {"e_pv": {"0": 4, "1": 4, "2": 4, "3": 4, "4": 4, "6": 4, "7": 4, "8": 4, "9": 4, "10": 4, "11": 4, "13": 4, "15": 4, "17": 4, "21": 4, "24": 4}}, "stats": {"project_calls": 410, "projected_vectors": 5616, "collected_vectors": 10250, "skipped_steps": 7780}, "diagnostics": {"expert_usage_mode": "cumulative", "previous_selected_jaccard": 1.0, "cp_overlap": null}}
