{"event": "split_lite_step", "task_id": 0, "batch": 0, "projected": 0, "collected": 25, "mean_removed_ratio": 0.0, "strict_current_topk": false, "project_active_experts": null}
{"event": "split_lite_step", "task_id": 0, "batch": 20, "projected": 0, "collected": 25, "mean_removed_ratio": 0.0, "strict_current_topk": false, "project_active_experts": null}
{"event": "split_lite_step", "task_id": 0, "batch": 40, "projected": 0, "collected": 25, "mean_removed_ratio": 0.0, "strict_current_topk": false, "project_active_experts": null}
{"event": "split_lite_step", "task_id": 0, "batch": 60, "projected": 0, "collected": 25, "mean_removed_ratio": 0.0, "strict_current_topk": false, "project_active_experts": null}
{"event": "split_lite_step", "task_id": 0, "batch": 80, "projected": 0, "collected": 25, "mean_removed_ratio": 0.0, "strict_current_topk": false, "project_active_experts": null}
{"event": "split_lite_step", "task_id": 0, "batch": 100, "projected": 0, "collected": 25, "mean_removed_ratio": 0.0, "strict_current_topk": false, "project_active_experts": null}
{"event": "split_lite_step", "task_id": 0, "batch": 120, "projected": 0, "collected": 25, "mean_removed_ratio": 0.0, "strict_current_topk": false, "project_active_experts": null}
{"event": "split_lite_step", "task_id": 0, "batch": 140, "projected": 0, "collected": 25, "mean_removed_ratio": 0.0, "strict_current_topk": false, "project_active_experts": null}
{"event": "split_lite_step", "task_id": 0, "batch": 160, "projected": 0, "collected": 25, "mean_removed_ratio": 0.0, "strict_current_topk": false, "project_active_experts": null}
{"event": "split_lite_step", "task_id": 0, "batch": 180, "projected": 0, "collected": 25, "mean_removed_ratio": 0.0, "strict_current_topk": false, "project_active_experts": null}
{"event": "split_lite_step", "task_id": 0, "batch": 200, "projected": 0, "collected": 25, "mean_removed_ratio": 0.0, "strict_current_topk": false, "project_active_experts": null}
{"event": "split_lite_step", "task_id": 0, "batch": 220, "projected": 0, "collected": 25, "mean_removed_ratio": 0.0, "strict_current_topk": false, "project_active_experts": null}
{"event": "split_lite_step", "task_id": 0, "batch": 240, "projected": 0, "collected": 25, "mean_removed_ratio": 0.0, "strict_current_topk": false, "project_active_experts": null}
{"event": "split_lite_step", "task_id": 0, "batch": 260, "projected": 0, "collected": 25, "mean_removed_ratio": 0.0, "strict_current_topk": false, "project_active_experts": null}
{"event": "split_lite_step", "task_id": 0, "batch": 280, "projected": 0, "collected": 25, "mean_removed_ratio": 0.0, "strict_current_topk": false, "project_active_experts": null}
{"event": "split_lite_step", "task_id": 0, "batch": 300, "projected": 0, "collected": 25, "mean_removed_ratio": 0.0, "strict_current_topk": false, "project_active_experts": null}
{"event": "split_lite_step", "task_id": 0, "batch": 320, "projected": 0, "collected": 25, "mean_removed_ratio": 0.0, "strict_current_topk": false, "project_active_experts": null}
{"event": "split_lite_step", "task_id": 0, "batch": 340, "projected": 0, "collected": 25, "mean_removed_ratio": 0.0, "strict_current_topk": false, "project_active_experts": null}
{"event": "split_lite_step", "task_id": 0, "batch": 360, "projected": 0, "collected": 25, "mean_removed_ratio": 0.0, "strict_current_topk": false, "project_active_experts": null}
{"event": "split_lite_step", "task_id": 0, "batch": 380, "projected": 0, "collected": 25, "mean_removed_ratio": 0.0, "strict_current_topk": false, "project_active_experts": null}
{"event": "split_lite_step", "task_id": 0, "batch": 400, "projected": 0, "collected": 25, "mean_removed_ratio": 0.0, "strict_current_topk": false, "project_active_experts": null}
{"event": "split_lite_step", "task_id": 0, "batch": 420, "projected": 0, "collected": 25, "mean_removed_ratio": 0.0, "strict_current_topk": false, "project_active_experts": null}
{"event": "split_lite_step", "task_id": 0, "batch": 440, "projected": 0, "collected": 25, "mean_removed_ratio": 0.0, "strict_current_topk": false, "project_active_experts": null}
{"event": "split_lite_step", "task_id": 0, "batch": 460, "projected": 0, "collected": 25, "mean_removed_ratio": 0.0, "strict_current_topk": false, "project_active_experts": null}
{"event": "split_lite_step", "task_id": 0, "batch": 480, "projected": 0, "collected": 25, "mean_removed_ratio": 0.0, "strict_current_topk": false, "project_active_experts": null}
{"event": "split_lite_step", "task_id": 0, "batch": 500, "projected": 0, "collected": 25, "mean_removed_ratio": 0.0, "strict_current_topk": false, "project_active_experts": null}
{"event": "split_lite_step", "task_id": 0, "batch": 520, "projected": 0, "collected": 25, "mean_removed_ratio": 0.0, "strict_current_topk": false, "project_active_experts": null}
{"event": "split_lite_step", "task_id": 0, "batch": 540, "projected": 0, "collected": 25, "mean_removed_ratio": 0.0, "strict_current_topk": false, "project_active_experts": null}
{"event": "split_lite_step", "task_id": 0, "batch": 560, "projected": 0, "collected": 25, "mean_removed_ratio": 0.0, "strict_current_topk": false, "project_active_experts": null}
{"event": "split_lite_step", "task_id": 0, "batch": 580, "projected": 0, "collected": 25, "mean_removed_ratio": 0.0, "strict_current_topk": false, "project_active_experts": null}
{"event": "split_lite_step", "task_id": 0, "batch": 600, "projected": 0, "collected": 25, "mean_removed_ratio": 0.0, "strict_current_topk": false, "project_active_experts": null}
{"event": "split_lite_step", "task_id": 0, "batch": 620, "projected": 0, "collected": 25, "mean_removed_ratio": 0.0, "strict_current_topk": false, "project_active_experts": null}
{"event": "split_lite_step", "task_id": 0, "batch": 640, "projected": 0, "collected": 25, "mean_removed_ratio": 0.0, "strict_current_topk": false, "project_active_experts": null}
{"event": "split_lite_step", "task_id": 0, "batch": 660, "projected": 0, "collected": 25, "mean_removed_ratio": 0.0, "strict_current_topk": false, "project_active_experts": null}
{"event": "split_lite_step", "task_id": 0, "batch": 680, "projected": 0, "collected": 25, "mean_removed_ratio": 0.0, "strict_current_topk": false, "project_active_experts": null}
{"event": "split_lite_step", "task_id": 0, "batch": 700, "projected": 0, "collected": 25, "mean_removed_ratio": 0.0, "strict_current_topk": false, "project_active_experts": null}
{"event": "split_lite_step", "task_id": 0, "batch": 720, "projected": 0, "collected": 25, "mean_removed_ratio": 0.0, "strict_current_topk": false, "project_active_experts": null}
{"event": "split_lite_step", "task_id": 0, "batch": 740, "projected": 0, "collected": 25, "mean_removed_ratio": 0.0, "strict_current_topk": false, "project_active_experts": null}
{"event": "split_lite_step", "task_id": 0, "batch": 760, "projected": 0, "collected": 25, "mean_removed_ratio": 0.0, "strict_current_topk": false, "project_active_experts": null}
{"event": "split_lite_step", "task_id": 0, "batch": 780, "projected": 0, "collected": 25, "mean_removed_ratio": 0.0, "strict_current_topk": false, "project_active_experts": null}
{"event": "split_lite_step", "task_id": 0, "batch": 800, "projected": 0, "collected": 25, "mean_removed_ratio": 0.0, "strict_current_topk": false, "project_active_experts": null}
{"event": "split_lite_step", "task_id": 0, "batch": 820, "projected": 0, "collected": 25, "mean_removed_ratio": 0.0, "strict_current_topk": false, "project_active_experts": null}
{"event": "split_lite_step", "task_id": 0, "batch": 840, "projected": 0, "collected": 25, "mean_removed_ratio": 0.0, "strict_current_topk": false, "project_active_experts": null}
{"event": "split_lite_step", "task_id": 0, "batch": 860, "projected": 0, "collected": 25, "mean_removed_ratio": 0.0, "strict_current_topk": false, "project_active_experts": null}
{"event": "split_lite_step", "task_id": 0, "batch": 880, "projected": 0, "collected": 25, "mean_removed_ratio": 0.0, "strict_current_topk": false, "project_active_experts": null}
{"event": "split_lite_step", "task_id": 0, "batch": 900, "projected": 0, "collected": 25, "mean_removed_ratio": 0.0, "strict_current_topk": false, "project_active_experts": null}
{"event": "split_lite_step", "task_id": 0, "batch": 920, "projected": 0, "collected": 25, "mean_removed_ratio": 0.0, "strict_current_topk": false, "project_active_experts": null}
{"event": "split_lite_step", "task_id": 0, "batch": 940, "projected": 0, "collected": 25, "mean_removed_ratio": 0.0, "strict_current_topk": false, "project_active_experts": null}
{"event": "split_lite_step", "task_id": 0, "batch": 960, "projected": 0, "collected": 25, "mean_removed_ratio": 0.0, "strict_current_topk": false, "project_active_experts": null}
{"event": "split_lite_step", "task_id": 0, "batch": 980, "projected": 0, "collected": 25, "mean_removed_ratio": 0.0, "strict_current_topk": false, "project_active_experts": null}
{"event": "split_lite_step", "task_id": 0, "batch": 1000, "projected": 0, "collected": 25, "mean_removed_ratio": 0.0, "strict_current_topk": false, "project_active_experts": null}
{"event": "split_lite_step", "task_id": 0, "batch": 1020, "projected": 0, "collected": 25, "mean_removed_ratio": 0.0, "strict_current_topk": false, "project_active_experts": null}
{"event": "split_lite_step", "task_id": 0, "batch": 1040, "projected": 0, "collected": 25, "mean_removed_ratio": 0.0, "strict_current_topk": false, "project_active_experts": null}
{"event": "split_lite_step", "task_id": 0, "batch": 1060, "projected": 0, "collected": 25, "mean_removed_ratio": 0.0, "strict_current_topk": false, "project_active_experts": null}
{"event": "split_lite_step", "task_id": 0, "batch": 1080, "projected": 0, "collected": 25, "mean_removed_ratio": 0.0, "strict_current_topk": false, "project_active_experts": null}
{"event": "split_lite_step", "task_id": 0, "batch": 1100, "projected": 0, "collected": 25, "mean_removed_ratio": 0.0, "strict_current_topk": false, "project_active_experts": null}
{"event": "split_lite_step", "task_id": 0, "batch": 1120, "projected": 0, "collected": 25, "mean_removed_ratio": 0.0, "strict_current_topk": false, "project_active_experts": null}
{"event": "split_lite_step", "task_id": 0, "batch": 1140, "projected": 0, "collected": 25, "mean_removed_ratio": 0.0, "strict_current_topk": false, "project_active_experts": null}
{"event": "split_lite_step", "task_id": 0, "batch": 1160, "projected": 0, "collected": 25, "mean_removed_ratio": 0.0, "strict_current_topk": false, "project_active_experts": null}
{"event": "split_lite_task_finish", "task_id": 0, "rank": 4, "alpha": 0.2, "interval": 20, "buffer_size": 24, "expert_threshold": 0.03, "active_topk": 16, "strict_current_topk": false, "active_experts": [0, 2, 3, 4, 6, 8, 9, 10, 13, 14, 15, 18, 19, 21, 22, 24], "usage": {"vector": [0.10501107573509216, 0.0, 0.07651545852422714, 0.07106666266918182, 0.038238994777202606, 0.0, 0.06977754086256027, 0.0, 0.0374145545065403, 0.046790678054094315, 0.046355973929166794, 0.0, 0.0, 0.06443367153406143, 0.04900166764855385, 0.10771673172712326, 0.0, 0.0, 0.0374145545065403, 0.07428198307752609, 0.0, 0.0374145545065403, 0.06949273496866226, 0.0, 0.06907302141189575], "top3": [15, 0, 2], "top5": [15, 0, 2, 19, 3], "top3_mass": 0.28924328088760376, "top5_mass": 0.4345919191837311, "entropy": 2.713798999786377, "max_entropy": 3.2188758248682006}, "basis_sizes": {"e_pv": {"0": 4, "2": 4, "3": 4, "4": 4, "6": 4, "8": 4, "9": 4, "10": 4, "13": 4, "14": 4, "15": 4, "18": 4, "19": 4, "21": 4, "22": 4, "24": 4}}, "stats": {"project_calls": 59, "projected_vectors": 0, "collected_vectors": 1475, "skipped_steps": 1111}, "diagnostics": {"expert_usage_mode": "old_union", "previous_selected_jaccard": 0.0, "cp_overlap": null}}
{"event": "split_lite_step", "task_id": 1, "batch": 1180, "projected": 16, "collected": 25, "mean_removed_ratio": 0.10056534083560109, "strict_current_topk": false, "project_active_experts": [0, 2, 3, 4, 6, 8, 9, 10, 13, 14, 15, 18, 19, 21, 22, 24]}
{"event": "split_lite_step", "task_id": 1, "batch": 1200, "projected": 16, "collected": 25, "mean_removed_ratio": 0.09580564731732011, "strict_current_topk": false, "project_active_experts": [0, 2, 3, 4, 6, 8, 9, 10, 13, 14, 15, 18, 19, 21, 22, 24]}
{"event": "split_lite_step", "task_id": 1, "batch": 1220, "projected": 16, "collected": 25, "mean_removed_ratio": 0.09567071497440338, "strict_current_topk": false, "project_active_experts": [0, 2, 3, 4, 6, 8, 9, 10, 13, 14, 15, 18, 19, 21, 22, 24]}
{"event": "split_lite_step", "task_id": 1, "batch": 1240, "projected": 16, "collected": 25, "mean_removed_ratio": 0.09904807200655341, "strict_current_topk": false, "project_active_experts": [0, 2, 3, 4, 6, 8, 9, 10, 13, 14, 15, 18, 19, 21, 22, 24]}
{"event": "split_lite_step", "task_id": 1, "batch": 1260, "projected": 16, "collected": 25, "mean_removed_ratio": 0.04314049601089209, "strict_current_topk": false, "project_active_experts": [0, 2, 3, 4, 6, 8, 9, 10, 13, 14, 15, 18, 19, 21, 22, 24]}
{"event": "split_lite_step", "task_id": 1, "batch": 1280, "projected": 16, "collected": 25, "mean_removed_ratio": 0.0353081421344541, "strict_current_topk": false, "project_active_experts": [0, 2, 3, 4, 6, 8, 9, 10, 13, 14, 15, 18, 19, 21, 22, 24]}
{"event": "split_lite_step", "task_id": 1, "batch": 1300, "projected": 16, "collected": 25, "mean_removed_ratio": 0.05054036498768255, "strict_current_topk": false, "project_active_experts": [0, 2, 3, 4, 6, 8, 9, 10, 13, 14, 15, 18, 19, 21, 22, 24]}
{"event": "split_lite_step", "task_id": 1, "batch": 1320, "projected": 16, "collected": 25, "mean_removed_ratio": 0.042199122544843704, "strict_current_topk": false, "project_active_experts": [0, 2, 3, 4, 6, 8, 9, 10, 13, 14, 15, 18, 19, 21, 22, 24]}
{"event": "split_lite_step", "task_id": 1, "batch": 1340, "projected": 16, "collected": 25, "mean_removed_ratio": 0.06753752176882699, "strict_current_topk": false, "project_active_experts": [0, 2, 3, 4, 6, 8, 9, 10, 13, 14, 15, 18, 19, 21, 22, 24]}
{"event": "split_lite_step", "task_id": 1, "batch": 1360, "projected": 16, "collected": 25, "mean_removed_ratio": 0.05376899102702737, "strict_current_topk": false, "project_active_experts": [0, 2, 3, 4, 6, 8, 9, 10, 13, 14, 15, 18, 19, 21, 22, 24]}
{"event": "split_lite_step", "task_id": 1, "batch": 1380, "projected": 16, "collected": 25, "mean_removed_ratio": 0.0328457445721142, "strict_current_topk": false, "project_active_experts": [0, 2, 3, 4, 6, 8, 9, 10, 13, 14, 15, 18, 19, 21, 22, 24]}
{"event": "split_lite_step", "task_id": 1, "batch": 1400, "projected": 16, "collected": 25, "mean_removed_ratio": 0.03168952415580861, "strict_current_topk": false, "project_active_experts": [0, 2, 3, 4, 6, 8, 9, 10, 13, 14, 15, 18, 19, 21, 22, 24]}
{"event": "split_lite_step", "task_id": 1, "batch": 1420, "projected": 16, "collected": 25, "mean_removed_ratio": 0.05075357586611062, "strict_current_topk": false, "project_active_experts": [0, 2, 3, 4, 6, 8, 9, 10, 13, 14, 15, 18, 19, 21, 22, 24]}
{"event": "split_lite_step", "task_id": 1, "batch": 1440, "projected": 16, "collected": 25, "mean_removed_ratio": 0.04274516087025404, "strict_current_topk": false, "project_active_experts": [0, 2, 3, 4, 6, 8, 9, 10, 13, 14, 15, 18, 19, 21, 22, 24]}
{"event": "split_lite_step", "task_id": 1, "batch": 1460, "projected": 16, "collected": 25, "mean_removed_ratio": 0.02599917899351567, "strict_current_topk": false, "project_active_experts": [0, 2, 3, 4, 6, 8, 9, 10, 13, 14, 15, 18, 19, 21, 22, 24]}
{"event": "split_lite_step", "task_id": 1, "batch": 1480, "projected": 16, "collected": 25, "mean_removed_ratio": 0.049455663305707276, "strict_current_topk": false, "project_active_experts": [0, 2, 3, 4, 6, 8, 9, 10, 13, 14, 15, 18, 19, 21, 22, 24]}
{"event": "split_lite_step", "task_id": 1, "batch": 1500, "projected": 16, "collected": 25, "mean_removed_ratio": 0.03250932923401706, "strict_current_topk": false, "project_active_experts": [0, 2, 3, 4, 6, 8, 9, 10, 13, 14, 15, 18, 19, 21, 22, 24]}
{"event": "split_lite_step", "task_id": 1, "batch": 1520, "projected": 16, "collected": 25, "mean_removed_ratio": 0.03242432785918936, "strict_current_topk": false, "project_active_experts": [0, 2, 3, 4, 6, 8, 9, 10, 13, 14, 15, 18, 19, 21, 22, 24]}
{"event": "split_lite_step", "task_id": 1, "batch": 1540, "projected": 16, "collected": 25, "mean_removed_ratio": 0.030538729479303584, "strict_current_topk": false, "project_active_experts": [0, 2, 3, 4, 6, 8, 9, 10, 13, 14, 15, 18, 19, 21, 22, 24]}
{"event": "split_lite_step", "task_id": 1, "batch": 1560, "projected": 16, "collected": 25, "mean_removed_ratio": 0.03575064841425046, "strict_current_topk": false, "project_active_experts": [0, 2, 3, 4, 6, 8, 9, 10, 13, 14, 15, 18, 19, 21, 22, 24]}
{"event": "split_lite_step", "task_id": 1, "batch": 1580, "projected": 16, "collected": 25, "mean_removed_ratio": 0.025842944800388068, "strict_current_topk": false, "project_active_experts": [0, 2, 3, 4, 6, 8, 9, 10, 13, 14, 15, 18, 19, 21, 22, 24]}
{"event": "split_lite_step", "task_id": 1, "batch": 1600, "projected": 16, "collected": 25, "mean_removed_ratio": 0.02053156087640673, "strict_current_topk": false, "project_active_experts": [0, 2, 3, 4, 6, 8, 9, 10, 13, 14, 15, 18, 19, 21, 22, 24]}
{"event": "split_lite_step", "task_id": 1, "batch": 1620, "projected": 16, "collected": 25, "mean_removed_ratio": 0.02655696336296387, "strict_current_topk": false, "project_active_experts": [0, 2, 3, 4, 6, 8, 9, 10, 13, 14, 15, 18, 19, 21, 22, 24]}
{"event": "split_lite_step", "task_id": 1, "batch": 1640, "projected": 16, "collected": 25, "mean_removed_ratio": 0.03332890517776832, "strict_current_topk": false, "project_active_experts": [0, 2, 3, 4, 6, 8, 9, 10, 13, 14, 15, 18, 19, 21, 22, 24]}
{"event": "split_lite_step", "task_id": 1, "batch": 1660, "projected": 16, "collected": 25, "mean_removed_ratio": 0.031195655959891155, "strict_current_topk": false, "project_active_experts": [0, 2, 3, 4, 6, 8, 9, 10, 13, 14, 15, 18, 19, 21, 22, 24]}
{"event": "split_lite_step", "task_id": 1, "batch": 1680, "projected": 16, "collected": 25, "mean_removed_ratio": 0.029884837509598583, "strict_current_topk": false, "project_active_experts": [0, 2, 3, 4, 6, 8, 9, 10, 13, 14, 15, 18, 19, 21, 22, 24]}
{"event": "split_lite_step", "task_id": 1, "batch": 1700, "projected": 16, "collected": 25, "mean_removed_ratio": 0.04942741309059784, "strict_current_topk": false, "project_active_experts": [0, 2, 3, 4, 6, 8, 9, 10, 13, 14, 15, 18, 19, 21, 22, 24]}
{"event": "split_lite_step", "task_id": 1, "batch": 1720, "projected": 16, "collected": 25, "mean_removed_ratio": 0.03225556365214288, "strict_current_topk": false, "project_active_experts": [0, 2, 3, 4, 6, 8, 9, 10, 13, 14, 15, 18, 19, 21, 22, 24]}
{"event": "split_lite_step", "task_id": 1, "batch": 1740, "projected": 16, "collected": 25, "mean_removed_ratio": 0.02673598483670503, "strict_current_topk": false, "project_active_experts": [0, 2, 3, 4, 6, 8, 9, 10, 13, 14, 15, 18, 19, 21, 22, 24]}
{"event": "split_lite_step", "task_id": 1, "batch": 1760, "projected": 16, "collected": 25, "mean_removed_ratio": 0.02776839944999665, "strict_current_topk": false, "project_active_experts": [0, 2, 3, 4, 6, 8, 9, 10, 13, 14, 15, 18, 19, 21, 22, 24]}
{"event": "split_lite_step", "task_id": 1, "batch": 1780, "projected": 16, "collected": 25, "mean_removed_ratio": 0.038005105627235025, "strict_current_topk": false, "project_active_experts": [0, 2, 3, 4, 6, 8, 9, 10, 13, 14, 15, 18, 19, 21, 22, 24]}
{"event": "split_lite_step", "task_id": 1, "batch": 1800, "projected": 16, "collected": 25, "mean_removed_ratio": 0.03497768231318332, "strict_current_topk": false, "project_active_experts": [0, 2, 3, 4, 6, 8, 9, 10, 13, 14, 15, 18, 19, 21, 22, 24]}
{"event": "split_lite_step", "task_id": 1, "batch": 1820, "projected": 16, "collected": 25, "mean_removed_ratio": 0.04464256268693134, "strict_current_topk": false, "project_active_experts": [0, 2, 3, 4, 6, 8, 9, 10, 13, 14, 15, 18, 19, 21, 22, 24]}
{"event": "split_lite_step", "task_id": 1, "batch": 1840, "projected": 16, "collected": 25, "mean_removed_ratio": 0.04041658091591671, "strict_current_topk": false, "project_active_experts": [0, 2, 3, 4, 6, 8, 9, 10, 13, 14, 15, 18, 19, 21, 22, 24]}
{"event": "split_lite_step", "task_id": 1, "batch": 1860, "projected": 16, "collected": 25, "mean_removed_ratio": 0.025984859763411805, "strict_current_topk": false, "project_active_experts": [0, 2, 3, 4, 6, 8, 9, 10, 13, 14, 15, 18, 19, 21, 22, 24]}
{"event": "split_lite_step", "task_id": 1, "batch": 1880, "projected": 16, "collected": 25, "mean_removed_ratio": 0.024049920233665034, "strict_current_topk": false, "project_active_experts": [0, 2, 3, 4, 6, 8, 9, 10, 13, 14, 15, 18, 19, 21, 22, 24]}
{"event": "split_lite_step", "task_id": 1, "batch": 1900, "projected": 16, "collected": 25, "mean_removed_ratio": 0.025751236302312464, "strict_current_topk": false, "project_active_experts": [0, 2, 3, 4, 6, 8, 9, 10, 13, 14, 15, 18, 19, 21, 22, 24]}
{"event": "split_lite_step", "task_id": 1, "batch": 1920, "projected": 16, "collected": 25, "mean_removed_ratio": 0.030442337825661525, "strict_current_topk": false, "project_active_experts": [0, 2, 3, 4, 6, 8, 9, 10, 13, 14, 15, 18, 19, 21, 22, 24]}
{"event": "split_lite_step", "task_id": 1, "batch": 1940, "projected": 16, "collected": 25, "mean_removed_ratio": 0.03690904489485547, "strict_current_topk": false, "project_active_experts": [0, 2, 3, 4, 6, 8, 9, 10, 13, 14, 15, 18, 19, 21, 22, 24]}
{"event": "split_lite_task_finish", "task_id": 1, "rank": 4, "alpha": 0.2, "interval": 20, "buffer_size": 24, "expert_threshold": 0.03, "active_topk": 16, "strict_current_topk": false, "active_experts": [0, 2, 3, 4, 6, 8, 9, 10, 13, 14, 15, 18, 19, 21, 22, 24], "usage": {"vector": [0.11093463748693466, 0.0, 0.0875973030924797, 0.07449732720851898, 0.019525600597262383, 0.0, 0.07383906096220016, 0.019104624167084694, 0.019104626029729843, 0.043035153299570084, 0.023670295253396034, 0.019104624167084694, 0.0, 0.053375840187072754, 0.044125862419605255, 0.11231620609760284, 0.019100794568657875, 0.0, 0.038262829184532166, 0.0761352926492691, 0.019104624167084694, 0.03820924833416939, 0.07368598133325577, 0.0, 0.035270076245069504], "top3": [15, 0, 2], "top5": [15, 0, 2, 19, 3], "top3_mass": 0.3108481466770172, "top5_mass": 0.4614807963371277, "entropy": 2.817498207092285, "max_entropy": 3.2188758248682006}, "basis_sizes": {"e_pv": {"0": 4, "2": 4, "3": 4, "4": 4, "6": 4, "8": 4, "9": 4, "10": 4, "13": 4, "14": 4, "15": 4, "18": 4, "19": 4, "21": 4, "22": 4, "24": 4}}, "stats": {"project_calls": 98, "projected_vectors": 624, "collected_vectors": 2450, "skipped_steps": 1852}, "diagnostics": {"expert_usage_mode": "old_union", "previous_selected_jaccard": 1.0, "cp_overlap": null}}
{"event": "split_lite_step", "task_id": 2, "batch": 1960, "projected": 16, "collected": 25, "mean_removed_ratio": 0.06586717674508691, "strict_current_topk": false, "project_active_experts": [0, 2, 3, 4, 6, 8, 9, 10, 13, 14, 15, 18, 19, 21, 22, 24]}
{"event": "split_lite_step", "task_id": 2, "batch": 1980, "projected": 16, "collected": 25, "mean_removed_ratio": 0.0696109386626631, "strict_current_topk": false, "project_active_experts": [0, 2, 3, 4, 6, 8, 9, 10, 13, 14, 15, 18, 19, 21, 22, 24]}
{"event": "split_lite_step", "task_id": 2, "batch": 2000, "projected": 16, "collected": 25, "mean_removed_ratio": 0.06582411122508347, "strict_current_topk": false, "project_active_experts": [0, 2, 3, 4, 6, 8, 9, 10, 13, 14, 15, 18, 19, 21, 22, 24]}
{"event": "split_lite_step", "task_id": 2, "batch": 2020, "projected": 16, "collected": 25, "mean_removed_ratio": 0.04568174248561263, "strict_current_topk": false, "project_active_experts": [0, 2, 3, 4, 6, 8, 9, 10, 13, 14, 15, 18, 19, 21, 22, 24]}
{"event": "split_lite_step", "task_id": 2, "batch": 2040, "projected": 16, "collected": 25, "mean_removed_ratio": 0.05513143923599273, "strict_current_topk": false, "project_active_experts": [0, 2, 3, 4, 6, 8, 9, 10, 13, 14, 15, 18, 19, 21, 22, 24]}
{"event": "split_lite_step", "task_id": 2, "batch": 2060, "projected": 16, "collected": 25, "mean_removed_ratio": 0.07982454146258533, "strict_current_topk": false, "project_active_experts": [0, 2, 3, 4, 6, 8, 9, 10, 13, 14, 15, 18, 19, 21, 22, 24]}
{"event": "split_lite_step", "task_id": 2, "batch": 2080, "projected": 16, "collected": 25, "mean_removed_ratio": 0.04132295725867152, "strict_current_topk": false, "project_active_experts": [0, 2, 3, 4, 6, 8, 9, 10, 13, 14, 15, 18, 19, 21, 22, 24]}
{"event": "split_lite_step", "task_id": 2, "batch": 2100, "projected": 16, "collected": 25, "mean_removed_ratio": 0.04502337897429243, "strict_current_topk": false, "project_active_experts": [0, 2, 3, 4, 6, 8, 9, 10, 13, 14, 15, 18, 19, 21, 22, 24]}
{"event": "split_lite_step", "task_id": 2, "batch": 2120, "projected": 16, "collected": 25, "mean_removed_ratio": 0.05065360036678612, "strict_current_topk": false, "project_active_experts": [0, 2, 3, 4, 6, 8, 9, 10, 13, 14, 15, 18, 19, 21, 22, 24]}
{"event": "split_lite_step", "task_id": 2, "batch": 2140, "projected": 16, "collected": 25, "mean_removed_ratio": 0.08252244023606181, "strict_current_topk": false, "project_active_experts": [0, 2, 3, 4, 6, 8, 9, 10, 13, 14, 15, 18, 19, 21, 22, 24]}
{"event": "split_lite_step", "task_id": 2, "batch": 2160, "projected": 16, "collected": 25, "mean_removed_ratio": 0.0453633907600306, "strict_current_topk": false, "project_active_experts": [0, 2, 3, 4, 6, 8, 9, 10, 13, 14, 15, 18, 19, 21, 22, 24]}
{"event": "split_lite_step", "task_id": 2, "batch": 2180, "projected": 16, "collected": 25, "mean_removed_ratio": 0.0671121384948492, "strict_current_topk": false, "project_active_experts": [0, 2, 3, 4, 6, 8, 9, 10, 13, 14, 15, 18, 19, 21, 22, 24]}
{"event": "split_lite_step", "task_id": 2, "batch": 2200, "projected": 16, "collected": 25, "mean_removed_ratio": 0.052654713625088334, "strict_current_topk": false, "project_active_experts": [0, 2, 3, 4, 6, 8, 9, 10, 13, 14, 15, 18, 19, 21, 22, 24]}
{"event": "split_lite_step", "task_id": 2, "batch": 2220, "projected": 16, "collected": 25, "mean_removed_ratio": 0.03330506225756835, "strict_current_topk": false, "project_active_experts": [0, 2, 3, 4, 6, 8, 9, 10, 13, 14, 15, 18, 19, 21, 22, 24]}
{"event": "split_lite_step", "task_id": 2, "batch": 2240, "projected": 16, "collected": 25, "mean_removed_ratio": 0.052503114682622254, "strict_current_topk": false, "project_active_experts": [0, 2, 3, 4, 6, 8, 9, 10, 13, 14, 15, 18, 19, 21, 22, 24]}
{"event": "split_lite_step", "task_id": 2, "batch": 2260, "projected": 16, "collected": 25, "mean_removed_ratio": 0.04177834291476756, "strict_current_topk": false, "project_active_experts": [0, 2, 3, 4, 6, 8, 9, 10, 13, 14, 15, 18, 19, 21, 22, 24]}
{"event": "split_lite_step", "task_id": 2, "batch": 2280, "projected": 16, "collected": 25, "mean_removed_ratio": 0.03254912770353258, "strict_current_topk": false, "project_active_experts": [0, 2, 3, 4, 6, 8, 9, 10, 13, 14, 15, 18, 19, 21, 22, 24]}
{"event": "split_lite_step", "task_id": 2, "batch": 2300, "projected": 16, "collected": 25, "mean_removed_ratio": 0.05091739003546536, "strict_current_topk": false, "project_active_experts": [0, 2, 3, 4, 6, 8, 9, 10, 13, 14, 15, 18, 19, 21, 22, 24]}
{"event": "split_lite_step", "task_id": 2, "batch": 2320, "projected": 16, "collected": 25, "mean_removed_ratio": 0.034904323634691536, "strict_current_topk": false, "project_active_experts": [0, 2, 3, 4, 6, 8, 9, 10, 13, 14, 15, 18, 19, 21, 22, 24]}
{"event": "split_lite_step", "task_id": 2, "batch": 2340, "projected": 16, "collected": 25, "mean_removed_ratio": 0.03579619078664109, "strict_current_topk": false, "project_active_experts": [0, 2, 3, 4, 6, 8, 9, 10, 13, 14, 15, 18, 19, 21, 22, 24]}
{"event": "split_lite_step", "task_id": 2, "batch": 2360, "projected": 16, "collected": 25, "mean_removed_ratio": 0.043870546272955835, "strict_current_topk": false, "project_active_experts": [0, 2, 3, 4, 6, 8, 9, 10, 13, 14, 15, 18, 19, 21, 22, 24]}
{"event": "split_lite_step", "task_id": 2, "batch": 2380, "projected": 16, "collected": 25, "mean_removed_ratio": 0.05786213860847056, "strict_current_topk": false, "project_active_experts": [0, 2, 3, 4, 6, 8, 9, 10, 13, 14, 15, 18, 19, 21, 22, 24]}
{"event": "split_lite_step", "task_id": 2, "batch": 2400, "projected": 16, "collected": 25, "mean_removed_ratio": 0.06101845239754766, "strict_current_topk": false, "project_active_experts": [0, 2, 3, 4, 6, 8, 9, 10, 13, 14, 15, 18, 19, 21, 22, 24]}
{"event": "split_lite_step", "task_id": 2, "batch": 2420, "projected": 16, "collected": 25, "mean_removed_ratio": 0.05239748687017709, "strict_current_topk": false, "project_active_experts": [0, 2, 3, 4, 6, 8, 9, 10, 13, 14, 15, 18, 19, 21, 22, 24]}
{"event": "split_lite_step", "task_id": 2, "batch": 2440, "projected": 16, "collected": 25, "mean_removed_ratio": 0.06548995338380337, "strict_current_topk": false, "project_active_experts": [0, 2, 3, 4, 6, 8, 9, 10, 13, 14, 15, 18, 19, 21, 22, 24]}
{"event": "split_lite_step", "task_id": 2, "batch": 2460, "projected": 16, "collected": 25, "mean_removed_ratio": 0.06170266936533153, "strict_current_topk": false, "project_active_experts": [0, 2, 3, 4, 6, 8, 9, 10, 13, 14, 15, 18, 19, 21, 22, 24]}
{"event": "split_lite_step", "task_id": 2, "batch": 2480, "projected": 16, "collected": 25, "mean_removed_ratio": 0.08035315608140081, "strict_current_topk": false, "project_active_experts": [0, 2, 3, 4, 6, 8, 9, 10, 13, 14, 15, 18, 19, 21, 22, 24]}
{"event": "split_lite_step", "task_id": 2, "batch": 2500, "projected": 16, "collected": 25, "mean_removed_ratio": 0.03552391438279301, "strict_current_topk": false, "project_active_experts": [0, 2, 3, 4, 6, 8, 9, 10, 13, 14, 15, 18, 19, 21, 22, 24]}
{"event": "split_lite_step", "task_id": 2, "batch": 2520, "projected": 16, "collected": 25, "mean_removed_ratio": 0.04297829116694629, "strict_current_topk": false, "project_active_experts": [0, 2, 3, 4, 6, 8, 9, 10, 13, 14, 15, 18, 19, 21, 22, 24]}
{"event": "split_lite_step", "task_id": 2, "batch": 2540, "projected": 16, "collected": 25, "mean_removed_ratio": 0.04751269367989153, "strict_current_topk": false, "project_active_experts": [0, 2, 3, 4, 6, 8, 9, 10, 13, 14, 15, 18, 19, 21, 22, 24]}
{"event": "split_lite_step", "task_id": 2, "batch": 2560, "projected": 16, "collected": 25, "mean_removed_ratio": 0.04182185581885278, "strict_current_topk": false, "project_active_experts": [0, 2, 3, 4, 6, 8, 9, 10, 13, 14, 15, 18, 19, 21, 22, 24]}
{"event": "split_lite_step", "task_id": 2, "batch": 2580, "projected": 16, "collected": 25, "mean_removed_ratio": 0.029531673702877015, "strict_current_topk": false, "project_active_experts": [0, 2, 3, 4, 6, 8, 9, 10, 13, 14, 15, 18, 19, 21, 22, 24]}
{"event": "split_lite_step", "task_id": 2, "batch": 2600, "projected": 16, "collected": 25, "mean_removed_ratio": 0.040310431038960814, "strict_current_topk": false, "project_active_experts": [0, 2, 3, 4, 6, 8, 9, 10, 13, 14, 15, 18, 19, 21, 22, 24]}
{"event": "split_lite_step", "task_id": 2, "batch": 2620, "projected": 16, "collected": 25, "mean_removed_ratio": 0.06541077373549342, "strict_current_topk": false, "project_active_experts": [0, 2, 3, 4, 6, 8, 9, 10, 13, 14, 15, 18, 19, 21, 22, 24]}
{"event": "split_lite_step", "task_id": 2, "batch": 2640, "projected": 16, "collected": 25, "mean_removed_ratio": 0.06355112139135599, "strict_current_topk": false, "project_active_experts": [0, 2, 3, 4, 6, 8, 9, 10, 13, 14, 15, 18, 19, 21, 22, 24]}
{"event": "split_lite_step", "task_id": 2, "batch": 2660, "projected": 16, "collected": 25, "mean_removed_ratio": 0.045690657454542816, "strict_current_topk": false, "project_active_experts": [0, 2, 3, 4, 6, 8, 9, 10, 13, 14, 15, 18, 19, 21, 22, 24]}
{"event": "split_lite_step", "task_id": 2, "batch": 2680, "projected": 16, "collected": 25, "mean_removed_ratio": 0.03522303223144263, "strict_current_topk": false, "project_active_experts": [0, 2, 3, 4, 6, 8, 9, 10, 13, 14, 15, 18, 19, 21, 22, 24]}
{"event": "split_lite_step", "task_id": 2, "batch": 2700, "projected": 16, "collected": 25, "mean_removed_ratio": 0.038210300204809755, "strict_current_topk": false, "project_active_experts": [0, 2, 3, 4, 6, 8, 9, 10, 13, 14, 15, 18, 19, 21, 22, 24]}
{"event": "split_lite_step", "task_id": 2, "batch": 2720, "projected": 16, "collected": 25, "mean_removed_ratio": 0.058251356007531285, "strict_current_topk": false, "project_active_experts": [0, 2, 3, 4, 6, 8, 9, 10, 13, 14, 15, 18, 19, 21, 22, 24]}
{"event": "split_lite_task_finish", "task_id": 2, "rank": 4, "alpha": 0.2, "interval": 20, "buffer_size": 24, "expert_threshold": 0.03, "active_topk": 16, "strict_current_topk": false, "active_experts": [0, 2, 3, 4, 6, 8, 9, 10, 11, 13, 14, 15, 19, 21, 22, 24], "usage": {"vector": [0.11202415078878403, 0.0, 0.0771644338965416, 0.07503476738929749, 0.025624405592679977, 0.0, 0.07371795922517776, 0.012641271576285362, 0.026024511083960533, 0.05317589268088341, 0.028394749388098717, 0.03355052322149277, 0.0, 0.03531807288527489, 0.05168689414858818, 0.11224193125963211, 0.012638738378882408, 0.0, 0.025317996740341187, 0.07506514340639114, 0.025282543152570724, 0.03789089620113373, 0.06196552887558937, 0.0, 0.0452396497130394], "top3": [15, 0, 2], "top5": [15, 0, 2, 19, 3], "top3_mass": 0.30143052339553833, "top5_mass": 0.45153042674064636, "entropy": 2.833373546600342, "max_entropy": 3.2188758248682006}, "basis_sizes": {"e_pv": {"0": 4, "2": 4, "3": 4, "4": 4, "6": 4, "8": 4, "9": 4, "10": 4, "11": 4, "13": 4, "14": 4, "15": 4, "19": 4, "21": 4, "22": 4, "24": 4}}, "stats": {"project_calls": 137, "projected_vectors": 1248, "collected_vectors": 3425, "skipped_steps": 2593}, "diagnostics": {"expert_usage_mode": "old_union", "previous_selected_jaccard": 0.8823529411764706, "cp_overlap": null}}
{"event": "split_lite_step", "task_id": 3, "batch": 2740, "projected": 17, "collected": 25, "mean_removed_ratio": 0.04692929774961051, "strict_current_topk": false, "project_active_experts": [0, 2, 3, 4, 6, 8, 9, 10, 11, 13, 14, 15, 19, 21, 22, 24]}
{"event": "split_lite_step", "task_id": 3, "batch": 2760, "projected": 17, "collected": 25, "mean_removed_ratio": 0.060643545625840914, "strict_current_topk": false, "project_active_experts": [0, 2, 3, 4, 6, 8, 9, 10, 11, 13, 14, 15, 19, 21, 22, 24]}
{"event": "split_lite_step", "task_id": 3, "batch": 2780, "projected": 17, "collected": 25, "mean_removed_ratio": 0.05038218359079431, "strict_current_topk": false, "project_active_experts": [0, 2, 3, 4, 6, 8, 9, 10, 11, 13, 14, 15, 19, 21, 22, 24]}
{"event": "split_lite_step", "task_id": 3, "batch": 2800, "projected": 17, "collected": 25, "mean_removed_ratio": 0.0448633832309176, "strict_current_topk": false, "project_active_experts": [0, 2, 3, 4, 6, 8, 9, 10, 11, 13, 14, 15, 19, 21, 22, 24]}
{"event": "split_lite_step", "task_id": 3, "batch": 2820, "projected": 17, "collected": 25, "mean_removed_ratio": 0.05222643090083318, "strict_current_topk": false, "project_active_experts": [0, 2, 3, 4, 6, 8, 9, 10, 11, 13, 14, 15, 19, 21, 22, 24]}
{"event": "split_lite_step", "task_id": 3, "batch": 2840, "projected": 17, "collected": 25, "mean_removed_ratio": 0.040261531577390784, "strict_current_topk": false, "project_active_experts": [0, 2, 3, 4, 6, 8, 9, 10, 11, 13, 14, 15, 19, 21, 22, 24]}
{"event": "split_lite_step", "task_id": 3, "batch": 2860, "projected": 17, "collected": 25, "mean_removed_ratio": 0.03154269726399113, "strict_current_topk": false, "project_active_experts": [0, 2, 3, 4, 6, 8, 9, 10, 11, 13, 14, 15, 19, 21, 22, 24]}
{"event": "split_lite_step", "task_id": 3, "batch": 2880, "projected": 17, "collected": 25, "mean_removed_ratio": 0.036365847883965165, "strict_current_topk": false, "project_active_experts": [0, 2, 3, 4, 6, 8, 9, 10, 11, 13, 14, 15, 19, 21, 22, 24]}
{"event": "split_lite_step", "task_id": 3, "batch": 2900, "projected": 17, "collected": 25, "mean_removed_ratio": 0.029236482565893847, "strict_current_topk": false, "project_active_experts": [0, 2, 3, 4, 6, 8, 9, 10, 11, 13, 14, 15, 19, 21, 22, 24]}
{"event": "split_lite_step", "task_id": 3, "batch": 2920, "projected": 17, "collected": 25, "mean_removed_ratio": 0.05208299111794023, "strict_current_topk": false, "project_active_experts": [0, 2, 3, 4, 6, 8, 9, 10, 11, 13, 14, 15, 19, 21, 22, 24]}
{"event": "split_lite_step", "task_id": 3, "batch": 2940, "projected": 17, "collected": 25, "mean_removed_ratio": 0.05137525509823771, "strict_current_topk": false, "project_active_experts": [0, 2, 3, 4, 6, 8, 9, 10, 11, 13, 14, 15, 19, 21, 22, 24]}
{"event": "split_lite_step", "task_id": 3, "batch": 2960, "projected": 17, "collected": 25, "mean_removed_ratio": 0.07476758759687929, "strict_current_topk": false, "project_active_experts": [0, 2, 3, 4, 6, 8, 9, 10, 11, 13, 14, 15, 19, 21, 22, 24]}
{"event": "split_lite_step", "task_id": 3, "batch": 2980, "projected": 17, "collected": 25, "mean_removed_ratio": 0.03230839444543509, "strict_current_topk": false, "project_active_experts": [0, 2, 3, 4, 6, 8, 9, 10, 11, 13, 14, 15, 19, 21, 22, 24]}
{"event": "split_lite_step", "task_id": 3, "batch": 3000, "projected": 17, "collected": 25, "mean_removed_ratio": 0.051158681840581054, "strict_current_topk": false, "project_active_experts": [0, 2, 3, 4, 6, 8, 9, 10, 11, 13, 14, 15, 19, 21, 22, 24]}
{"event": "split_lite_step", "task_id": 3, "batch": 3020, "projected": 17, "collected": 25, "mean_removed_ratio": 0.05357752860907246, "strict_current_topk": false, "project_active_experts": [0, 2, 3, 4, 6, 8, 9, 10, 11, 13, 14, 15, 19, 21, 22, 24]}
{"event": "split_lite_step", "task_id": 3, "batch": 3040, "projected": 17, "collected": 25, "mean_removed_ratio": 0.07163618274909608, "strict_current_topk": false, "project_active_experts": [0, 2, 3, 4, 6, 8, 9, 10, 11, 13, 14, 15, 19, 21, 22, 24]}
{"event": "split_lite_step", "task_id": 3, "batch": 3060, "projected": 17, "collected": 25, "mean_removed_ratio": 0.04275828435578767, "strict_current_topk": false, "project_active_experts": [0, 2, 3, 4, 6, 8, 9, 10, 11, 13, 14, 15, 19, 21, 22, 24]}
{"event": "split_lite_step", "task_id": 3, "batch": 3080, "projected": 17, "collected": 25, "mean_removed_ratio": 0.052273100022883975, "strict_current_topk": false, "project_active_experts": [0, 2, 3, 4, 6, 8, 9, 10, 11, 13, 14, 15, 19, 21, 22, 24]}
{"event": "split_lite_step", "task_id": 3, "batch": 3100, "projected": 17, "collected": 25, "mean_removed_ratio": 0.05243115987190429, "strict_current_topk": false, "project_active_experts": [0, 2, 3, 4, 6, 8, 9, 10, 11, 13, 14, 15, 19, 21, 22, 24]}
{"event": "split_lite_step", "task_id": 3, "batch": 3120, "projected": 17, "collected": 25, "mean_removed_ratio": 0.03812866230659625, "strict_current_topk": false, "project_active_experts": [0, 2, 3, 4, 6, 8, 9, 10, 11, 13, 14, 15, 19, 21, 22, 24]}
{"event": "split_lite_step", "task_id": 3, "batch": 3140, "projected": 17, "collected": 25, "mean_removed_ratio": 0.07253632201429676, "strict_current_topk": false, "project_active_experts": [0, 2, 3, 4, 6, 8, 9, 10, 11, 13, 14, 15, 19, 21, 22, 24]}
{"event": "split_lite_step", "task_id": 3, "batch": 3160, "projected": 17, "collected": 25, "mean_removed_ratio": 0.04598030250738649, "strict_current_topk": false, "project_active_experts": [0, 2, 3, 4, 6, 8, 9, 10, 11, 13, 14, 15, 19, 21, 22, 24]}
{"event": "split_lite_step", "task_id": 3, "batch": 3180, "projected": 17, "collected": 25, "mean_removed_ratio": 0.03848426537040402, "strict_current_topk": false, "project_active_experts": [0, 2, 3, 4, 6, 8, 9, 10, 11, 13, 14, 15, 19, 21, 22, 24]}
{"event": "split_lite_step", "task_id": 3, "batch": 3200, "projected": 17, "collected": 25, "mean_removed_ratio": 0.04162729723269448, "strict_current_topk": false, "project_active_experts": [0, 2, 3, 4, 6, 8, 9, 10, 11, 13, 14, 15, 19, 21, 22, 24]}
{"event": "split_lite_step", "task_id": 3, "batch": 3220, "projected": 17, "collected": 25, "mean_removed_ratio": 0.037826271398979074, "strict_current_topk": false, "project_active_experts": [0, 2, 3, 4, 6, 8, 9, 10, 11, 13, 14, 15, 19, 21, 22, 24]}
{"event": "split_lite_step", "task_id": 3, "batch": 3240, "projected": 17, "collected": 25, "mean_removed_ratio": 0.034888857071671414, "strict_current_topk": false, "project_active_experts": [0, 2, 3, 4, 6, 8, 9, 10, 11, 13, 14, 15, 19, 21, 22, 24]}
{"event": "split_lite_step", "task_id": 3, "batch": 3260, "projected": 17, "collected": 25, "mean_removed_ratio": 0.06948190642630353, "strict_current_topk": false, "project_active_experts": [0, 2, 3, 4, 6, 8, 9, 10, 11, 13, 14, 15, 19, 21, 22, 24]}
{"event": "split_lite_step", "task_id": 3, "batch": 3280, "projected": 17, "collected": 25, "mean_removed_ratio": 0.05431158977615483, "strict_current_topk": false, "project_active_experts": [0, 2, 3, 4, 6, 8, 9, 10, 11, 13, 14, 15, 19, 21, 22, 24]}
{"event": "split_lite_step", "task_id": 3, "batch": 3300, "projected": 17, "collected": 25, "mean_removed_ratio": 0.06149373893790385, "strict_current_topk": false, "project_active_experts": [0, 2, 3, 4, 6, 8, 9, 10, 11, 13, 14, 15, 19, 21, 22, 24]}
{"event": "split_lite_step", "task_id": 3, "batch": 3320, "projected": 17, "collected": 25, "mean_removed_ratio": 0.060165806289981395, "strict_current_topk": false, "project_active_experts": [0, 2, 3, 4, 6, 8, 9, 10, 11, 13, 14, 15, 19, 21, 22, 24]}
{"event": "split_lite_step", "task_id": 3, "batch": 3340, "projected": 17, "collected": 25, "mean_removed_ratio": 0.03295324879753239, "strict_current_topk": false, "project_active_experts": [0, 2, 3, 4, 6, 8, 9, 10, 11, 13, 14, 15, 19, 21, 22, 24]}
{"event": "split_lite_step", "task_id": 3, "batch": 3360, "projected": 17, "collected": 25, "mean_removed_ratio": 0.0511708301218117, "strict_current_topk": false, "project_active_experts": [0, 2, 3, 4, 6, 8, 9, 10, 11, 13, 14, 15, 19, 21, 22, 24]}
{"event": "split_lite_step", "task_id": 3, "batch": 3380, "projected": 17, "collected": 25, "mean_removed_ratio": 0.05521209077800021, "strict_current_topk": false, "project_active_experts": [0, 2, 3, 4, 6, 8, 9, 10, 11, 13, 14, 15, 19, 21, 22, 24]}
{"event": "split_lite_step", "task_id": 3, "batch": 3400, "projected": 17, "collected": 25, "mean_removed_ratio": 0.055601596065303856, "strict_current_topk": false, "project_active_experts": [0, 2, 3, 4, 6, 8, 9, 10, 11, 13, 14, 15, 19, 21, 22, 24]}
{"event": "split_lite_step", "task_id": 3, "batch": 3420, "projected": 17, "collected": 25, "mean_removed_ratio": 0.036430031499441934, "strict_current_topk": false, "project_active_experts": [0, 2, 3, 4, 6, 8, 9, 10, 11, 13, 14, 15, 19, 21, 22, 24]}
{"event": "split_lite_step", "task_id": 3, "batch": 3440, "projected": 17, "collected": 25, "mean_removed_ratio": 0.04033399258247193, "strict_current_topk": false, "project_active_experts": [0, 2, 3, 4, 6, 8, 9, 10, 11, 13, 14, 15, 19, 21, 22, 24]}
{"event": "split_lite_step", "task_id": 3, "batch": 3460, "projected": 17, "collected": 25, "mean_removed_ratio": 0.06712266452172223, "strict_current_topk": false, "project_active_experts": [0, 2, 3, 4, 6, 8, 9, 10, 11, 13, 14, 15, 19, 21, 22, 24]}
{"event": "split_lite_step", "task_id": 3, "batch": 3480, "projected": 17, "collected": 25, "mean_removed_ratio": 0.038336599546977705, "strict_current_topk": false, "project_active_experts": [0, 2, 3, 4, 6, 8, 9, 10, 11, 13, 14, 15, 19, 21, 22, 24]}
{"event": "split_lite_step", "task_id": 3, "batch": 3500, "projected": 17, "collected": 25, "mean_removed_ratio": 0.062126481357742756, "strict_current_topk": false, "project_active_experts": [0, 2, 3, 4, 6, 8, 9, 10, 11, 13, 14, 15, 19, 21, 22, 24]}
{"event": "split_lite_task_finish", "task_id": 3, "rank": 4, "alpha": 0.2, "interval": 20, "buffer_size": 24, "expert_threshold": 0.03, "active_topk": 16, "strict_current_topk": false, "active_experts": [0, 2, 3, 4, 6, 8, 9, 10, 11, 14, 15, 19, 20, 21, 22, 24], "usage": {"vector": [0.11046048253774643, 0.0, 0.08281832188367844, 0.07389961928129196, 0.029291225597262383, 0.0, 0.07166294753551483, 0.025353269651532173, 0.029903091490268707, 0.05779710039496422, 0.03954185172915459, 0.0340275876224041, 0.0, 0.026017365977168083, 0.05491124838590622, 0.1106209084391594, 0.009310437366366386, 0.0, 0.018650725483894348, 0.06510777026414871, 0.0279369093477726, 0.03749172389507294, 0.04564744979143143, 0.0, 0.04954996332526207], "top3": [15, 0, 2], "top5": [15, 0, 2, 3, 6], "top3_mass": 0.30389970541000366, "top5_mass": 0.44946229457855225, "entropy": 2.846491813659668, "max_entropy": 3.2188758248682006}, "basis_sizes": {"e_pv": {"0": 4, "2": 4, "3": 4, "4": 4, "6": 4, "8": 4, "9": 4, "10": 4, "11": 4, "14": 4, "15": 4, "19": 4, "20": 4, "21": 4, "22": 4, "24": 4}}, "stats": {"project_calls": 176, "projected_vectors": 1911, "collected_vectors": 4400, "skipped_steps": 3334}, "diagnostics": {"expert_usage_mode": "old_union", "previous_selected_jaccard": 0.8823529411764706, "cp_overlap": null}}
{"event": "split_lite_step", "task_id": 4, "batch": 3520, "projected": 18, "collected": 25, "mean_removed_ratio": 0.059387525957491666, "strict_current_topk": false, "project_active_experts": [0, 2, 3, 4, 6, 8, 9, 10, 11, 14, 15, 19, 20, 21, 22, 24]}
{"event": "split_lite_step", "task_id": 4, "batch": 3540, "projected": 18, "collected": 25, "mean_removed_ratio": 0.06610395697255929, "strict_current_topk": false, "project_active_experts": [0, 2, 3, 4, 6, 8, 9, 10, 11, 14, 15, 19, 20, 21, 22, 24]}
{"event": "split_lite_step", "task_id": 4, "batch": 3560, "projected": 18, "collected": 25, "mean_removed_ratio": 0.057994515324632324, "strict_current_topk": false, "project_active_experts": [0, 2, 3, 4, 6, 8, 9, 10, 11, 14, 15, 19, 20, 21, 22, 24]}
{"event": "split_lite_step", "task_id": 4, "batch": 3580, "projected": 18, "collected": 25, "mean_removed_ratio": 0.05862954921192593, "strict_current_topk": false, "project_active_experts": [0, 2, 3, 4, 6, 8, 9, 10, 11, 14, 15, 19, 20, 21, 22, 24]}
{"event": "split_lite_step", "task_id": 4, "batch": 3600, "projected": 18, "collected": 25, "mean_removed_ratio": 0.061364199655751385, "strict_current_topk": false, "project_active_experts": [0, 2, 3, 4, 6, 8, 9, 10, 11, 14, 15, 19, 20, 21, 22, 24]}
{"event": "split_lite_step", "task_id": 4, "batch": 3620, "projected": 18, "collected": 25, "mean_removed_ratio": 0.05105155799537897, "strict_current_topk": false, "project_active_experts": [0, 2, 3, 4, 6, 8, 9, 10, 11, 14, 15, 19, 20, 21, 22, 24]}
{"event": "split_lite_step", "task_id": 4, "batch": 3640, "projected": 18, "collected": 25, "mean_removed_ratio": 0.0314761551303996, "strict_current_topk": false, "project_active_experts": [0, 2, 3, 4, 6, 8, 9, 10, 11, 14, 15, 19, 20, 21, 22, 24]}
{"event": "split_lite_step", "task_id": 4, "batch": 3660, "projected": 18, "collected": 25, "mean_removed_ratio": 0.054918989849587284, "strict_current_topk": false, "project_active_experts": [0, 2, 3, 4, 6, 8, 9, 10, 11, 14, 15, 19, 20, 21, 22, 24]}
{"event": "split_lite_step", "task_id": 4, "batch": 3680, "projected": 18, "collected": 25, "mean_removed_ratio": 0.07941851226819886, "strict_current_topk": false, "project_active_experts": [0, 2, 3, 4, 6, 8, 9, 10, 11, 14, 15, 19, 20, 21, 22, 24]}
{"event": "split_lite_step", "task_id": 4, "batch": 3700, "projected": 18, "collected": 25, "mean_removed_ratio": 0.060605332255363464, "strict_current_topk": false, "project_active_experts": [0, 2, 3, 4, 6, 8, 9, 10, 11, 14, 15, 19, 20, 21, 22, 24]}
{"event": "split_lite_step", "task_id": 4, "batch": 3720, "projected": 18, "collected": 25, "mean_removed_ratio": 0.050837398403220706, "strict_current_topk": false, "project_active_experts": [0, 2, 3, 4, 6, 8, 9, 10, 11, 14, 15, 19, 20, 21, 22, 24]}
{"event": "split_lite_step", "task_id": 4, "batch": 3740, "projected": 18, "collected": 25, "mean_removed_ratio": 0.04031701867158214, "strict_current_topk": false, "project_active_experts": [0, 2, 3, 4, 6, 8, 9, 10, 11, 14, 15, 19, 20, 21, 22, 24]}
{"event": "split_lite_step", "task_id": 4, "batch": 3760, "projected": 18, "collected": 25, "mean_removed_ratio": 0.06199559734927283, "strict_current_topk": false, "project_active_experts": [0, 2, 3, 4, 6, 8, 9, 10, 11, 14, 15, 19, 20, 21, 22, 24]}
{"event": "split_lite_step", "task_id": 4, "batch": 3780, "projected": 18, "collected": 25, "mean_removed_ratio": 0.04726669275098377, "strict_current_topk": false, "project_active_experts": [0, 2, 3, 4, 6, 8, 9, 10, 11, 14, 15, 19, 20, 21, 22, 24]}
{"event": "split_lite_step", "task_id": 4, "batch": 3800, "projected": 18, "collected": 25, "mean_removed_ratio": 0.040769682679739266, "strict_current_topk": false, "project_active_experts": [0, 2, 3, 4, 6, 8, 9, 10, 11, 14, 15, 19, 20, 21, 22, 24]}
{"event": "split_lite_step", "task_id": 4, "batch": 3820, "projected": 18, "collected": 25, "mean_removed_ratio": 0.037782307248562574, "strict_current_topk": false, "project_active_experts": [0, 2, 3, 4, 6, 8, 9, 10, 11, 14, 15, 19, 20, 21, 22, 24]}
{"event": "split_lite_step", "task_id": 4, "batch": 3840, "projected": 18, "collected": 25, "mean_removed_ratio": 0.05704119708389044, "strict_current_topk": false, "project_active_experts": [0, 2, 3, 4, 6, 8, 9, 10, 11, 14, 15, 19, 20, 21, 22, 24]}
{"event": "split_lite_step", "task_id": 4, "batch": 3860, "projected": 18, "collected": 25, "mean_removed_ratio": 0.03727020866548022, "strict_current_topk": false, "project_active_experts": [0, 2, 3, 4, 6, 8, 9, 10, 11, 14, 15, 19, 20, 21, 22, 24]}
{"event": "split_lite_step", "task_id": 4, "batch": 3880, "projected": 18, "collected": 25, "mean_removed_ratio": 0.045280050279365644, "strict_current_topk": false, "project_active_experts": [0, 2, 3, 4, 6, 8, 9, 10, 11, 14, 15, 19, 20, 21, 22, 24]}
{"event": "split_lite_step", "task_id": 4, "batch": 3900, "projected": 18, "collected": 25, "mean_removed_ratio": 0.03300717659294605, "strict_current_topk": false, "project_active_experts": [0, 2, 3, 4, 6, 8, 9, 10, 11, 14, 15, 19, 20, 21, 22, 24]}
{"event": "split_lite_step", "task_id": 4, "batch": 3920, "projected": 18, "collected": 25, "mean_removed_ratio": 0.040673550890965596, "strict_current_topk": false, "project_active_experts": [0, 2, 3, 4, 6, 8, 9, 10, 11, 14, 15, 19, 20, 21, 22, 24]}
{"event": "split_lite_step", "task_id": 4, "batch": 3940, "projected": 18, "collected": 25, "mean_removed_ratio": 0.03121090525140365, "strict_current_topk": false, "project_active_experts": [0, 2, 3, 4, 6, 8, 9, 10, 11, 14, 15, 19, 20, 21, 22, 24]}
{"event": "split_lite_step", "task_id": 4, "batch": 3960, "projected": 18, "collected": 25, "mean_removed_ratio": 0.02650487267722686, "strict_current_topk": false, "project_active_experts": [0, 2, 3, 4, 6, 8, 9, 10, 11, 14, 15, 19, 20, 21, 22, 24]}
{"event": "split_lite_step", "task_id": 4, "batch": 3980, "projected": 18, "collected": 25, "mean_removed_ratio": 0.0325267078458435, "strict_current_topk": false, "project_active_experts": [0, 2, 3, 4, 6, 8, 9, 10, 11, 14, 15, 19, 20, 21, 22, 24]}
{"event": "split_lite_step", "task_id": 4, "batch": 4000, "projected": 18, "collected": 25, "mean_removed_ratio": 0.07832864506377114, "strict_current_topk": false, "project_active_experts": [0, 2, 3, 4, 6, 8, 9, 10, 11, 14, 15, 19, 20, 21, 22, 24]}
{"event": "split_lite_step", "task_id": 4, "batch": 4020, "projected": 18, "collected": 25, "mean_removed_ratio": 0.030425030789855454, "strict_current_topk": false, "project_active_experts": [0, 2, 3, 4, 6, 8, 9, 10, 11, 14, 15, 19, 20, 21, 22, 24]}
{"event": "split_lite_step", "task_id": 4, "batch": 4040, "projected": 18, "collected": 25, "mean_removed_ratio": 0.0383437247429457, "strict_current_topk": false, "project_active_experts": [0, 2, 3, 4, 6, 8, 9, 10, 11, 14, 15, 19, 20, 21, 22, 24]}
{"event": "split_lite_step", "task_id": 4, "batch": 4060, "projected": 18, "collected": 25, "mean_removed_ratio": 0.030659677926450968, "strict_current_topk": false, "project_active_experts": [0, 2, 3, 4, 6, 8, 9, 10, 11, 14, 15, 19, 20, 21, 22, 24]}
{"event": "split_lite_step", "task_id": 4, "batch": 4080, "projected": 18, "collected": 25, "mean_removed_ratio": 0.04922618478950527, "strict_current_topk": false, "project_active_experts": [0, 2, 3, 4, 6, 8, 9, 10, 11, 14, 15, 19, 20, 21, 22, 24]}
{"event": "split_lite_step", "task_id": 4, "batch": 4100, "projected": 18, "collected": 25, "mean_removed_ratio": 0.025960045426877007, "strict_current_topk": false, "project_active_experts": [0, 2, 3, 4, 6, 8, 9, 10, 11, 14, 15, 19, 20, 21, 22, 24]}
{"event": "split_lite_step", "task_id": 4, "batch": 4120, "projected": 18, "collected": 25, "mean_removed_ratio": 0.0426804140313632, "strict_current_topk": false, "project_active_experts": [0, 2, 3, 4, 6, 8, 9, 10, 11, 14, 15, 19, 20, 21, 22, 24]}
{"event": "split_lite_step", "task_id": 4, "batch": 4140, "projected": 18, "collected": 25, "mean_removed_ratio": 0.046278574814399086, "strict_current_topk": false, "project_active_experts": [0, 2, 3, 4, 6, 8, 9, 10, 11, 14, 15, 19, 20, 21, 22, 24]}
{"event": "split_lite_step", "task_id": 4, "batch": 4160, "projected": 18, "collected": 25, "mean_removed_ratio": 0.04634026422475775, "strict_current_topk": false, "project_active_experts": [0, 2, 3, 4, 6, 8, 9, 10, 11, 14, 15, 19, 20, 21, 22, 24]}
{"event": "split_lite_step", "task_id": 4, "batch": 4180, "projected": 18, "collected": 25, "mean_removed_ratio": 0.04267499471704165, "strict_current_topk": false, "project_active_experts": [0, 2, 3, 4, 6, 8, 9, 10, 11, 14, 15, 19, 20, 21, 22, 24]}
{"event": "split_lite_step", "task_id": 4, "batch": 4200, "projected": 18, "collected": 25, "mean_removed_ratio": 0.05898663608564271, "strict_current_topk": false, "project_active_experts": [0, 2, 3, 4, 6, 8, 9, 10, 11, 14, 15, 19, 20, 21, 22, 24]}
{"event": "split_lite_step", "task_id": 4, "batch": 4220, "projected": 18, "collected": 25, "mean_removed_ratio": 0.03771044619174467, "strict_current_topk": false, "project_active_experts": [0, 2, 3, 4, 6, 8, 9, 10, 11, 14, 15, 19, 20, 21, 22, 24]}
{"event": "split_lite_step", "task_id": 4, "batch": 4240, "projected": 18, "collected": 25, "mean_removed_ratio": 0.039797416215555534, "strict_current_topk": false, "project_active_experts": [0, 2, 3, 4, 6, 8, 9, 10, 11, 14, 15, 19, 20, 21, 22, 24]}
{"event": "split_lite_step", "task_id": 4, "batch": 4260, "projected": 18, "collected": 25, "mean_removed_ratio": 0.04191693006497291, "strict_current_topk": false, "project_active_experts": [0, 2, 3, 4, 6, 8, 9, 10, 11, 14, 15, 19, 20, 21, 22, 24]}
{"event": "split_lite_step", "task_id": 4, "batch": 4280, "projected": 18, "collected": 25, "mean_removed_ratio": 0.04312695309312807, "strict_current_topk": false, "project_active_experts": [0, 2, 3, 4, 6, 8, 9, 10, 11, 14, 15, 19, 20, 21, 22, 24]}
{"event": "split_lite_task_finish", "task_id": 4, "rank": 4, "alpha": 0.2, "interval": 20, "buffer_size": 24, "expert_threshold": 0.03, "active_topk": 16, "strict_current_topk": false, "active_experts": [0, 2, 3, 4, 6, 8, 9, 10, 11, 14, 15, 19, 20, 21, 22, 24], "usage": {"vector": [0.1107245609164238, 0.0, 0.08834833651781082, 0.07401935756206512, 0.03979906067252159, 0.0, 0.06566016376018524, 0.020283835008740425, 0.023923911154270172, 0.06112910062074661, 0.039448339492082596, 0.03467399626970291, 0.0, 0.02081514522433281, 0.051405806094408035, 0.1094156950712204, 0.01636168546974659, 0.0, 0.014921476133167744, 0.059720221906900406, 0.02980414405465126, 0.03744547441601753, 0.04392716661095619, 0.0, 0.0581725612282753], "top3": [0, 15, 2], "top5": [0, 15, 2, 3, 6], "top3_mass": 0.3084885776042938, "top5_mass": 0.4481680989265442, "entropy": 2.845224618911743, "max_entropy": 3.2188758248682006}, "basis_sizes": {"e_pv": {"0": 4, "2": 4, "3": 4, "4": 4, "6": 4, "8": 4, "9": 4, "10": 4, "11": 4, "14": 4, "15": 4, "19": 4, "20": 4, "21": 4, "22": 4, "24": 4}}, "stats": {"project_calls": 215, "projected_vectors": 2613, "collected_vectors": 5375, "skipped_steps": 4075}, "diagnostics": {"expert_usage_mode": "old_union", "previous_selected_jaccard": 1.0, "cp_overlap": null}}
{"event": "split_lite_step", "task_id": 5, "batch": 4300, "projected": 18, "collected": 25, "mean_removed_ratio": 0.07694915268156263, "strict_current_topk": false, "project_active_experts": [0, 2, 3, 4, 6, 8, 9, 10, 11, 14, 15, 19, 20, 21, 22, 24]}
{"event": "split_lite_step", "task_id": 5, "batch": 4320, "projected": 18, "collected": 25, "mean_removed_ratio": 0.06848886133068138, "strict_current_topk": false, "project_active_experts": [0, 2, 3, 4, 6, 8, 9, 10, 11, 14, 15, 19, 20, 21, 22, 24]}
{"event": "split_lite_step", "task_id": 5, "batch": 4340, "projected": 18, "collected": 25, "mean_removed_ratio": 0.07974154088232252, "strict_current_topk": false, "project_active_experts": [0, 2, 3, 4, 6, 8, 9, 10, 11, 14, 15, 19, 20, 21, 22, 24]}
{"event": "split_lite_step", "task_id": 5, "batch": 4360, "projected": 18, "collected": 25, "mean_removed_ratio": 0.06590197514742613, "strict_current_topk": false, "project_active_experts": [0, 2, 3, 4, 6, 8, 9, 10, 11, 14, 15, 19, 20, 21, 22, 24]}
{"event": "split_lite_step", "task_id": 5, "batch": 4380, "projected": 18, "collected": 25, "mean_removed_ratio": 0.06216659521063169, "strict_current_topk": false, "project_active_experts": [0, 2, 3, 4, 6, 8, 9, 10, 11, 14, 15, 19, 20, 21, 22, 24]}
{"event": "split_lite_step", "task_id": 5, "batch": 4400, "projected": 18, "collected": 25, "mean_removed_ratio": 0.043548304639342755, "strict_current_topk": false, "project_active_experts": [0, 2, 3, 4, 6, 8, 9, 10, 11, 14, 15, 19, 20, 21, 22, 24]}
{"event": "split_lite_step", "task_id": 5, "batch": 4420, "projected": 18, "collected": 25, "mean_removed_ratio": 0.03835281672784024, "strict_current_topk": false, "project_active_experts": [0, 2, 3, 4, 6, 8, 9, 10, 11, 14, 15, 19, 20, 21, 22, 24]}
{"event": "split_lite_step", "task_id": 5, "batch": 4440, "projected": 18, "collected": 25, "mean_removed_ratio": 0.051682960242033005, "strict_current_topk": false, "project_active_experts": [0, 2, 3, 4, 6, 8, 9, 10, 11, 14, 15, 19, 20, 21, 22, 24]}
{"event": "split_lite_step", "task_id": 5, "batch": 4460, "projected": 18, "collected": 25, "mean_removed_ratio": 0.04600369267993503, "strict_current_topk": false, "project_active_experts": [0, 2, 3, 4, 6, 8, 9, 10, 11, 14, 15, 19, 20, 21, 22, 24]}
{"event": "split_lite_step", "task_id": 5, "batch": 4480, "projected": 18, "collected": 25, "mean_removed_ratio": 0.040015209259258375, "strict_current_topk": false, "project_active_experts": [0, 2, 3, 4, 6, 8, 9, 10, 11, 14, 15, 19, 20, 21, 22, 24]}
{"event": "split_lite_step", "task_id": 5, "batch": 4500, "projected": 18, "collected": 25, "mean_removed_ratio": 0.04206483210954401, "strict_current_topk": false, "project_active_experts": [0, 2, 3, 4, 6, 8, 9, 10, 11, 14, 15, 19, 20, 21, 22, 24]}
{"event": "split_lite_step", "task_id": 5, "batch": 4520, "projected": 18, "collected": 25, "mean_removed_ratio": 0.04852499667969015, "strict_current_topk": false, "project_active_experts": [0, 2, 3, 4, 6, 8, 9, 10, 11, 14, 15, 19, 20, 21, 22, 24]}
{"event": "split_lite_step", "task_id": 5, "batch": 4540, "projected": 18, "collected": 25, "mean_removed_ratio": 0.05049633845272991, "strict_current_topk": false, "project_active_experts": [0, 2, 3, 4, 6, 8, 9, 10, 11, 14, 15, 19, 20, 21, 22, 24]}
{"event": "split_lite_step", "task_id": 5, "batch": 4560, "projected": 18, "collected": 25, "mean_removed_ratio": 0.03313127444643113, "strict_current_topk": false, "project_active_experts": [0, 2, 3, 4, 6, 8, 9, 10, 11, 14, 15, 19, 20, 21, 22, 24]}
{"event": "split_lite_step", "task_id": 5, "batch": 4580, "projected": 18, "collected": 25, "mean_removed_ratio": 0.04160711536597875, "strict_current_topk": false, "project_active_experts": [0, 2, 3, 4, 6, 8, 9, 10, 11, 14, 15, 19, 20, 21, 22, 24]}
{"event": "split_lite_step", "task_id": 5, "batch": 4600, "projected": 18, "collected": 25, "mean_removed_ratio": 0.037318114191293716, "strict_current_topk": false, "project_active_experts": [0, 2, 3, 4, 6, 8, 9, 10, 11, 14, 15, 19, 20, 21, 22, 24]}
{"event": "split_lite_step", "task_id": 5, "batch": 4620, "projected": 18, "collected": 25, "mean_removed_ratio": 0.05301319600807296, "strict_current_topk": false, "project_active_experts": [0, 2, 3, 4, 6, 8, 9, 10, 11, 14, 15, 19, 20, 21, 22, 24]}
{"event": "split_lite_step", "task_id": 5, "batch": 4640, "projected": 18, "collected": 25, "mean_removed_ratio": 0.05691730805362264, "strict_current_topk": false, "project_active_experts": [0, 2, 3, 4, 6, 8, 9, 10, 11, 14, 15, 19, 20, 21, 22, 24]}
{"event": "split_lite_step", "task_id": 5, "batch": 4660, "projected": 18, "collected": 25, "mean_removed_ratio": 0.048002794177995786, "strict_current_topk": false, "project_active_experts": [0, 2, 3, 4, 6, 8, 9, 10, 11, 14, 15, 19, 20, 21, 22, 24]}
{"event": "split_lite_step", "task_id": 5, "batch": 4680, "projected": 18, "collected": 25, "mean_removed_ratio": 0.0472388845971889, "strict_current_topk": false, "project_active_experts": [0, 2, 3, 4, 6, 8, 9, 10, 11, 14, 15, 19, 20, 21, 22, 24]}
{"event": "split_lite_step", "task_id": 5, "batch": 4700, "projected": 18, "collected": 25, "mean_removed_ratio": 0.04989324427313275, "strict_current_topk": false, "project_active_experts": [0, 2, 3, 4, 6, 8, 9, 10, 11, 14, 15, 19, 20, 21, 22, 24]}
{"event": "split_lite_step", "task_id": 5, "batch": 4720, "projected": 18, "collected": 25, "mean_removed_ratio": 0.034802116453647614, "strict_current_topk": false, "project_active_experts": [0, 2, 3, 4, 6, 8, 9, 10, 11, 14, 15, 19, 20, 21, 22, 24]}
{"event": "split_lite_step", "task_id": 5, "batch": 4740, "projected": 18, "collected": 25, "mean_removed_ratio": 0.03454511395345131, "strict_current_topk": false, "project_active_experts": [0, 2, 3, 4, 6, 8, 9, 10, 11, 14, 15, 19, 20, 21, 22, 24]}
{"event": "split_lite_step", "task_id": 5, "batch": 4760, "projected": 18, "collected": 25, "mean_removed_ratio": 0.03700206418418222, "strict_current_topk": false, "project_active_experts": [0, 2, 3, 4, 6, 8, 9, 10, 11, 14, 15, 19, 20, 21, 22, 24]}
{"event": "split_lite_step", "task_id": 5, "batch": 4780, "projected": 18, "collected": 25, "mean_removed_ratio": 0.04173320345580578, "strict_current_topk": false, "project_active_experts": [0, 2, 3, 4, 6, 8, 9, 10, 11, 14, 15, 19, 20, 21, 22, 24]}
{"event": "split_lite_step", "task_id": 5, "batch": 4800, "projected": 18, "collected": 25, "mean_removed_ratio": 0.03558978924734725, "strict_current_topk": false, "project_active_experts": [0, 2, 3, 4, 6, 8, 9, 10, 11, 14, 15, 19, 20, 21, 22, 24]}
{"event": "split_lite_step", "task_id": 5, "batch": 4820, "projected": 18, "collected": 25, "mean_removed_ratio": 0.048380548134446144, "strict_current_topk": false, "project_active_experts": [0, 2, 3, 4, 6, 8, 9, 10, 11, 14, 15, 19, 20, 21, 22, 24]}
{"event": "split_lite_step", "task_id": 5, "batch": 4840, "projected": 18, "collected": 25, "mean_removed_ratio": 0.038774066087272435, "strict_current_topk": false, "project_active_experts": [0, 2, 3, 4, 6, 8, 9, 10, 11, 14, 15, 19, 20, 21, 22, 24]}
{"event": "split_lite_step", "task_id": 5, "batch": 4860, "projected": 18, "collected": 25, "mean_removed_ratio": 0.04199598874482843, "strict_current_topk": false, "project_active_experts": [0, 2, 3, 4, 6, 8, 9, 10, 11, 14, 15, 19, 20, 21, 22, 24]}
{"event": "split_lite_step", "task_id": 5, "batch": 4880, "projected": 18, "collected": 25, "mean_removed_ratio": 0.03418925404548645, "strict_current_topk": false, "project_active_experts": [0, 2, 3, 4, 6, 8, 9, 10, 11, 14, 15, 19, 20, 21, 22, 24]}
{"event": "split_lite_step", "task_id": 5, "batch": 4900, "projected": 18, "collected": 25, "mean_removed_ratio": 0.04016662844353252, "strict_current_topk": false, "project_active_experts": [0, 2, 3, 4, 6, 8, 9, 10, 11, 14, 15, 19, 20, 21, 22, 24]}
{"event": "split_lite_step", "task_id": 5, "batch": 4920, "projected": 18, "collected": 25, "mean_removed_ratio": 0.034450292173359126, "strict_current_topk": false, "project_active_experts": [0, 2, 3, 4, 6, 8, 9, 10, 11, 14, 15, 19, 20, 21, 22, 24]}
{"event": "split_lite_step", "task_id": 5, "batch": 4940, "projected": 18, "collected": 25, "mean_removed_ratio": 0.03740695941572388, "strict_current_topk": false, "project_active_experts": [0, 2, 3, 4, 6, 8, 9, 10, 11, 14, 15, 19, 20, 21, 22, 24]}
{"event": "split_lite_step", "task_id": 5, "batch": 4960, "projected": 18, "collected": 25, "mean_removed_ratio": 0.06253755620370309, "strict_current_topk": false, "project_active_experts": [0, 2, 3, 4, 6, 8, 9, 10, 11, 14, 15, 19, 20, 21, 22, 24]}
{"event": "split_lite_step", "task_id": 5, "batch": 4980, "projected": 18, "collected": 25, "mean_removed_ratio": 0.04872581745601363, "strict_current_topk": false, "project_active_experts": [0, 2, 3, 4, 6, 8, 9, 10, 11, 14, 15, 19, 20, 21, 22, 24]}
{"event": "split_lite_step", "task_id": 5, "batch": 5000, "projected": 18, "collected": 25, "mean_removed_ratio": 0.053043105432556734, "strict_current_topk": false, "project_active_experts": [0, 2, 3, 4, 6, 8, 9, 10, 11, 14, 15, 19, 20, 21, 22, 24]}
{"event": "split_lite_step", "task_id": 5, "batch": 5020, "projected": 18, "collected": 25, "mean_removed_ratio": 0.03960090544488695, "strict_current_topk": false, "project_active_experts": [0, 2, 3, 4, 6, 8, 9, 10, 11, 14, 15, 19, 20, 21, 22, 24]}
{"event": "split_lite_step", "task_id": 5, "batch": 5040, "projected": 18, "collected": 25, "mean_removed_ratio": 0.04732454350839058, "strict_current_topk": false, "project_active_experts": [0, 2, 3, 4, 6, 8, 9, 10, 11, 14, 15, 19, 20, 21, 22, 24]}
{"event": "split_lite_step", "task_id": 5, "batch": 5060, "projected": 18, "collected": 25, "mean_removed_ratio": 0.053618946086822286, "strict_current_topk": false, "project_active_experts": [0, 2, 3, 4, 6, 8, 9, 10, 11, 14, 15, 19, 20, 21, 22, 24]}
{"event": "split_lite_task_finish", "task_id": 5, "rank": 4, "alpha": 0.2, "interval": 20, "buffer_size": 24, "expert_threshold": 0.03, "active_topk": 16, "strict_current_topk": false, "active_experts": [0, 2, 3, 4, 6, 7, 9, 10, 11, 14, 15, 19, 20, 21, 22, 24], "usage": {"vector": [0.11047866195440292, 0.0, 0.09188218414783478, 0.07362394779920578, 0.04160761088132858, 0.0, 0.06631246954202652, 0.022728625684976578, 0.019861528649926186, 0.06312447786331177, 0.03274984285235405, 0.03497140482068062, 0.006185200531035662, 0.017280643805861473, 0.04887818917632103, 0.10696107894182205, 0.013583401218056679, 0.0, 0.012387746013700962, 0.06248389184474945, 0.03092847391963005, 0.037272270768880844, 0.042565371841192245, 0.0, 0.06413304060697556], "top3": [0, 15, 2], "top5": [0, 15, 2, 3, 6], "top3_mass": 0.30932193994522095, "top5_mass": 0.44925832748413086, "entropy": 2.8493807315826416, "max_entropy": 3.2188758248682006}, "basis_sizes": {"e_pv": {"0": 4, "2": 4, "3": 4, "4": 4, "6": 4, "7": 4, "9": 4, "10": 4, "11": 4, "14": 4, "15": 4, "19": 4, "20": 4, "21": 4, "22": 4, "24": 4}}, "stats": {"project_calls": 254, "projected_vectors": 3315, "collected_vectors": 6350, "skipped_steps": 4816}, "diagnostics": {"expert_usage_mode": "old_union", "previous_selected_jaccard": 0.8823529411764706, "cp_overlap": null}}
{"event": "split_lite_step", "task_id": 6, "batch": 5080, "projected": 19, "collected": 25, "mean_removed_ratio": 0.0666549988090992, "strict_current_topk": false, "project_active_experts": [0, 2, 3, 4, 6, 7, 9, 10, 11, 14, 15, 19, 20, 21, 22, 24]}
{"event": "split_lite_step", "task_id": 6, "batch": 5100, "projected": 19, "collected": 25, "mean_removed_ratio": 0.03223027671246152, "strict_current_topk": false, "project_active_experts": [0, 2, 3, 4, 6, 7, 9, 10, 11, 14, 15, 19, 20, 21, 22, 24]}
{"event": "split_lite_step", "task_id": 6, "batch": 5120, "projected": 19, "collected": 25, "mean_removed_ratio": 0.043256461718364766, "strict_current_topk": false, "project_active_experts": [0, 2, 3, 4, 6, 7, 9, 10, 11, 14, 15, 19, 20, 21, 22, 24]}
{"event": "split_lite_step", "task_id": 6, "batch": 5140, "projected": 19, "collected": 25, "mean_removed_ratio": 0.052381196598473345, "strict_current_topk": false, "project_active_experts": [0, 2, 3, 4, 6, 7, 9, 10, 11, 14, 15, 19, 20, 21, 22, 24]}
{"event": "split_lite_step", "task_id": 6, "batch": 5160, "projected": 19, "collected": 25, "mean_removed_ratio": 0.037172492446475906, "strict_current_topk": false, "project_active_experts": [0, 2, 3, 4, 6, 7, 9, 10, 11, 14, 15, 19, 20, 21, 22, 24]}
{"event": "split_lite_step", "task_id": 6, "batch": 5180, "projected": 19, "collected": 25, "mean_removed_ratio": 0.03768827775983434, "strict_current_topk": false, "project_active_experts": [0, 2, 3, 4, 6, 7, 9, 10, 11, 14, 15, 19, 20, 21, 22, 24]}
{"event": "split_lite_step", "task_id": 6, "batch": 5200, "projected": 19, "collected": 25, "mean_removed_ratio": 0.043718304779184494, "strict_current_topk": false, "project_active_experts": [0, 2, 3, 4, 6, 7, 9, 10, 11, 14, 15, 19, 20, 21, 22, 24]}
{"event": "split_lite_step", "task_id": 6, "batch": 5220, "projected": 19, "collected": 25, "mean_removed_ratio": 0.04960878232592031, "strict_current_topk": false, "project_active_experts": [0, 2, 3, 4, 6, 7, 9, 10, 11, 14, 15, 19, 20, 21, 22, 24]}
{"event": "split_lite_step", "task_id": 6, "batch": 5240, "projected": 19, "collected": 25, "mean_removed_ratio": 0.0382023465476538, "strict_current_topk": false, "project_active_experts": [0, 2, 3, 4, 6, 7, 9, 10, 11, 14, 15, 19, 20, 21, 22, 24]}
{"event": "split_lite_step", "task_id": 6, "batch": 5260, "projected": 19, "collected": 25, "mean_removed_ratio": 0.05059585171310525, "strict_current_topk": false, "project_active_experts": [0, 2, 3, 4, 6, 7, 9, 10, 11, 14, 15, 19, 20, 21, 22, 24]}
{"event": "split_lite_step", "task_id": 6, "batch": 5280, "projected": 19, "collected": 25, "mean_removed_ratio": 0.051001684299032936, "strict_current_topk": false, "project_active_experts": [0, 2, 3, 4, 6, 7, 9, 10, 11, 14, 15, 19, 20, 21, 22, 24]}
{"event": "split_lite_step", "task_id": 6, "batch": 5300, "projected": 19, "collected": 25, "mean_removed_ratio": 0.04368554678206381, "strict_current_topk": false, "project_active_experts": [0, 2, 3, 4, 6, 7, 9, 10, 11, 14, 15, 19, 20, 21, 22, 24]}
{"event": "split_lite_step", "task_id": 6, "batch": 5320, "projected": 19, "collected": 25, "mean_removed_ratio": 0.0497267313889767, "strict_current_topk": false, "project_active_experts": [0, 2, 3, 4, 6, 7, 9, 10, 11, 14, 15, 19, 20, 21, 22, 24]}
{"event": "split_lite_step", "task_id": 6, "batch": 5340, "projected": 19, "collected": 25, "mean_removed_ratio": 0.048807052993460706, "strict_current_topk": false, "project_active_experts": [0, 2, 3, 4, 6, 7, 9, 10, 11, 14, 15, 19, 20, 21, 22, 24]}
{"event": "split_lite_step", "task_id": 6, "batch": 5360, "projected": 19, "collected": 25, "mean_removed_ratio": 0.0429647287942077, "strict_current_topk": false, "project_active_experts": [0, 2, 3, 4, 6, 7, 9, 10, 11, 14, 15, 19, 20, 21, 22, 24]}
{"event": "split_lite_step", "task_id": 6, "batch": 5380, "projected": 19, "collected": 25, "mean_removed_ratio": 0.038426362811342665, "strict_current_topk": false, "project_active_experts": [0, 2, 3, 4, 6, 7, 9, 10, 11, 14, 15, 19, 20, 21, 22, 24]}
{"event": "split_lite_step", "task_id": 6, "batch": 5400, "projected": 19, "collected": 25, "mean_removed_ratio": 0.028197923430094595, "strict_current_topk": false, "project_active_experts": [0, 2, 3, 4, 6, 7, 9, 10, 11, 14, 15, 19, 20, 21, 22, 24]}
{"event": "split_lite_step", "task_id": 6, "batch": 5420, "projected": 19, "collected": 25, "mean_removed_ratio": 0.0388858409010266, "strict_current_topk": false, "project_active_experts": [0, 2, 3, 4, 6, 7, 9, 10, 11, 14, 15, 19, 20, 21, 22, 24]}
{"event": "split_lite_step", "task_id": 6, "batch": 5440, "projected": 19, "collected": 25, "mean_removed_ratio": 0.03778564037853166, "strict_current_topk": false, "project_active_experts": [0, 2, 3, 4, 6, 7, 9, 10, 11, 14, 15, 19, 20, 21, 22, 24]}
{"event": "split_lite_step", "task_id": 6, "batch": 5460, "projected": 19, "collected": 25, "mean_removed_ratio": 0.04114451254472921, "strict_current_topk": false, "project_active_experts": [0, 2, 3, 4, 6, 7, 9, 10, 11, 14, 15, 19, 20, 21, 22, 24]}
{"event": "split_lite_step", "task_id": 6, "batch": 5480, "projected": 19, "collected": 25, "mean_removed_ratio": 0.033930402494182714, "strict_current_topk": false, "project_active_experts": [0, 2, 3, 4, 6, 7, 9, 10, 11, 14, 15, 19, 20, 21, 22, 24]}
{"event": "split_lite_step", "task_id": 6, "batch": 5500, "projected": 19, "collected": 25, "mean_removed_ratio": 0.024330521639632553, "strict_current_topk": false, "project_active_experts": [0, 2, 3, 4, 6, 7, 9, 10, 11, 14, 15, 19, 20, 21, 22, 24]}
{"event": "split_lite_step", "task_id": 6, "batch": 5520, "projected": 19, "collected": 25, "mean_removed_ratio": 0.03787346507765745, "strict_current_topk": false, "project_active_experts": [0, 2, 3, 4, 6, 7, 9, 10, 11, 14, 15, 19, 20, 21, 22, 24]}
{"event": "split_lite_step", "task_id": 6, "batch": 5540, "projected": 19, "collected": 25, "mean_removed_ratio": 0.045117309218958804, "strict_current_topk": false, "project_active_experts": [0, 2, 3, 4, 6, 7, 9, 10, 11, 14, 15, 19, 20, 21, 22, 24]}
{"event": "split_lite_step", "task_id": 6, "batch": 5560, "projected": 19, "collected": 25, "mean_removed_ratio": 0.031206056377605387, "strict_current_topk": false, "project_active_experts": [0, 2, 3, 4, 6, 7, 9, 10, 11, 14, 15, 19, 20, 21, 22, 24]}
{"event": "split_lite_step", "task_id": 6, "batch": 5580, "projected": 19, "collected": 25, "mean_removed_ratio": 0.04477231165296153, "strict_current_topk": false, "project_active_experts": [0, 2, 3, 4, 6, 7, 9, 10, 11, 14, 15, 19, 20, 21, 22, 24]}
{"event": "split_lite_step", "task_id": 6, "batch": 5600, "projected": 19, "collected": 25, "mean_removed_ratio": 0.04873536605583994, "strict_current_topk": false, "project_active_experts": [0, 2, 3, 4, 6, 7, 9, 10, 11, 14, 15, 19, 20, 21, 22, 24]}
{"event": "split_lite_step", "task_id": 6, "batch": 5620, "projected": 19, "collected": 25, "mean_removed_ratio": 0.0561856694127384, "strict_current_topk": false, "project_active_experts": [0, 2, 3, 4, 6, 7, 9, 10, 11, 14, 15, 19, 20, 21, 22, 24]}
{"event": "split_lite_step", "task_id": 6, "batch": 5640, "projected": 19, "collected": 25, "mean_removed_ratio": 0.03913293636747097, "strict_current_topk": false, "project_active_experts": [0, 2, 3, 4, 6, 7, 9, 10, 11, 14, 15, 19, 20, 21, 22, 24]}
{"event": "split_lite_step", "task_id": 6, "batch": 5660, "projected": 19, "collected": 25, "mean_removed_ratio": 0.03601200868816752, "strict_current_topk": false, "project_active_experts": [0, 2, 3, 4, 6, 7, 9, 10, 11, 14, 15, 19, 20, 21, 22, 24]}
{"event": "split_lite_step", "task_id": 6, "batch": 5680, "projected": 19, "collected": 25, "mean_removed_ratio": 0.03840501258443845, "strict_current_topk": false, "project_active_experts": [0, 2, 3, 4, 6, 7, 9, 10, 11, 14, 15, 19, 20, 21, 22, 24]}
{"event": "split_lite_step", "task_id": 6, "batch": 5700, "projected": 19, "collected": 25, "mean_removed_ratio": 0.0431088924309925, "strict_current_topk": false, "project_active_experts": [0, 2, 3, 4, 6, 7, 9, 10, 11, 14, 15, 19, 20, 21, 22, 24]}
{"event": "split_lite_step", "task_id": 6, "batch": 5720, "projected": 19, "collected": 25, "mean_removed_ratio": 0.03319469545232622, "strict_current_topk": false, "project_active_experts": [0, 2, 3, 4, 6, 7, 9, 10, 11, 14, 15, 19, 20, 21, 22, 24]}
{"event": "split_lite_step", "task_id": 6, "batch": 5740, "projected": 19, "collected": 25, "mean_removed_ratio": 0.045862594717427305, "strict_current_topk": false, "project_active_experts": [0, 2, 3, 4, 6, 7, 9, 10, 11, 14, 15, 19, 20, 21, 22, 24]}
{"event": "split_lite_step", "task_id": 6, "batch": 5760, "projected": 19, "collected": 25, "mean_removed_ratio": 0.030787096750971518, "strict_current_topk": false, "project_active_experts": [0, 2, 3, 4, 6, 7, 9, 10, 11, 14, 15, 19, 20, 21, 22, 24]}
{"event": "split_lite_step", "task_id": 6, "batch": 5780, "projected": 19, "collected": 25, "mean_removed_ratio": 0.036417203759284394, "strict_current_topk": false, "project_active_experts": [0, 2, 3, 4, 6, 7, 9, 10, 11, 14, 15, 19, 20, 21, 22, 24]}
{"event": "split_lite_step", "task_id": 6, "batch": 5800, "projected": 19, "collected": 25, "mean_removed_ratio": 0.040823669270857385, "strict_current_topk": false, "project_active_experts": [0, 2, 3, 4, 6, 7, 9, 10, 11, 14, 15, 19, 20, 21, 22, 24]}
{"event": "split_lite_step", "task_id": 6, "batch": 5820, "projected": 19, "collected": 25, "mean_removed_ratio": 0.04496532203139443, "strict_current_topk": false, "project_active_experts": [0, 2, 3, 4, 6, 7, 9, 10, 11, 14, 15, 19, 20, 21, 22, 24]}
{"event": "split_lite_step", "task_id": 6, "batch": 5840, "projected": 19, "collected": 25, "mean_removed_ratio": 0.03498288959656891, "strict_current_topk": false, "project_active_experts": [0, 2, 3, 4, 6, 7, 9, 10, 11, 14, 15, 19, 20, 21, 22, 24]}
{"event": "split_lite_task_finish", "task_id": 6, "rank": 4, "alpha": 0.2, "interval": 20, "buffer_size": 24, "expert_threshold": 0.03, "active_topk": 16, "strict_current_topk": false, "active_experts": [0, 2, 3, 4, 6, 8, 9, 10, 11, 14, 15, 19, 20, 21, 22, 24], "usage": {"vector": [0.10954473167657852, 0.0, 0.09442713856697083, 0.07108280062675476, 0.042670510709285736, 0.0, 0.06679849326610565, 0.01929566077888012, 0.022241974249482155, 0.06428135186433792, 0.02780325710773468, 0.0349549762904644, 0.010386250913143158, 0.01467054896056652, 0.04674653336405754, 0.10633335262537003, 0.01772836223244667, 0.0, 0.010516682639718056, 0.06566351652145386, 0.03150796890258789, 0.03689359128475189, 0.036136236041784286, 0.0, 0.07031598687171936], "top3": [0, 15, 2], "top5": [0, 15, 2, 3, 24], "top3_mass": 0.31030523777008057, "top5_mass": 0.4517039954662323, "entropy": 2.8488810062408447, "max_entropy": 3.2188758248682006}, "basis_sizes": {"e_pv": {"0": 4, "2": 4, "3": 4, "4": 4, "6": 4, "8": 4, "9": 4, "10": 4, "11": 4, "14": 4, "15": 4, "19": 4, "20": 4, "21": 4, "22": 4, "24": 4}}, "stats": {"project_calls": 293, "projected_vectors": 4056, "collected_vectors": 7325, "skipped_steps": 5557}, "diagnostics": {"expert_usage_mode": "old_union", "previous_selected_jaccard": 0.8823529411764706, "cp_overlap": null}}
{"event": "split_lite_step", "task_id": 7, "batch": 5860, "projected": 19, "collected": 25, "mean_removed_ratio": 0.051949047532520796, "strict_current_topk": false, "project_active_experts": [0, 2, 3, 4, 6, 8, 9, 10, 11, 14, 15, 19, 20, 21, 22, 24]}
{"event": "split_lite_step", "task_id": 7, "batch": 5880, "projected": 19, "collected": 25, "mean_removed_ratio": 0.04687689264353953, "strict_current_topk": false, "project_active_experts": [0, 2, 3, 4, 6, 8, 9, 10, 11, 14, 15, 19, 20, 21, 22, 24]}
{"event": "split_lite_step", "task_id": 7, "batch": 5900, "projected": 19, "collected": 25, "mean_removed_ratio": 0.0462485929264834, "strict_current_topk": false, "project_active_experts": [0, 2, 3, 4, 6, 8, 9, 10, 11, 14, 15, 19, 20, 21, 22, 24]}
{"event": "split_lite_step", "task_id": 7, "batch": 5920, "projected": 19, "collected": 25, "mean_removed_ratio": 0.057402064533610096, "strict_current_topk": false, "project_active_experts": [0, 2, 3, 4, 6, 8, 9, 10, 11, 14, 15, 19, 20, 21, 22, 24]}
{"event": "split_lite_step", "task_id": 7, "batch": 5940, "projected": 19, "collected": 25, "mean_removed_ratio": 0.0539484984290443, "strict_current_topk": false, "project_active_experts": [0, 2, 3, 4, 6, 8, 9, 10, 11, 14, 15, 19, 20, 21, 22, 24]}
{"event": "split_lite_step", "task_id": 7, "batch": 5960, "projected": 19, "collected": 25, "mean_removed_ratio": 0.045246270142103494, "strict_current_topk": false, "project_active_experts": [0, 2, 3, 4, 6, 8, 9, 10, 11, 14, 15, 19, 20, 21, 22, 24]}
{"event": "split_lite_step", "task_id": 7, "batch": 5980, "projected": 19, "collected": 25, "mean_removed_ratio": 0.06363123733746379, "strict_current_topk": false, "project_active_experts": [0, 2, 3, 4, 6, 8, 9, 10, 11, 14, 15, 19, 20, 21, 22, 24]}
{"event": "split_lite_step", "task_id": 7, "batch": 6000, "projected": 19, "collected": 25, "mean_removed_ratio": 0.04838193276602971, "strict_current_topk": false, "project_active_experts": [0, 2, 3, 4, 6, 8, 9, 10, 11, 14, 15, 19, 20, 21, 22, 24]}
{"event": "split_lite_step", "task_id": 7, "batch": 6020, "projected": 19, "collected": 25, "mean_removed_ratio": 0.047942973281207835, "strict_current_topk": false, "project_active_experts": [0, 2, 3, 4, 6, 8, 9, 10, 11, 14, 15, 19, 20, 21, 22, 24]}
{"event": "split_lite_step", "task_id": 7, "batch": 6040, "projected": 19, "collected": 25, "mean_removed_ratio": 0.04316772755823637, "strict_current_topk": false, "project_active_experts": [0, 2, 3, 4, 6, 8, 9, 10, 11, 14, 15, 19, 20, 21, 22, 24]}
{"event": "split_lite_step", "task_id": 7, "batch": 6060, "projected": 19, "collected": 25, "mean_removed_ratio": 0.05140100595982451, "strict_current_topk": false, "project_active_experts": [0, 2, 3, 4, 6, 8, 9, 10, 11, 14, 15, 19, 20, 21, 22, 24]}
{"event": "split_lite_step", "task_id": 7, "batch": 6080, "projected": 19, "collected": 25, "mean_removed_ratio": 0.06442366912961006, "strict_current_topk": false, "project_active_experts": [0, 2, 3, 4, 6, 8, 9, 10, 11, 14, 15, 19, 20, 21, 22, 24]}
{"event": "split_lite_step", "task_id": 7, "batch": 6100, "projected": 19, "collected": 25, "mean_removed_ratio": 0.03688081123523022, "strict_current_topk": false, "project_active_experts": [0, 2, 3, 4, 6, 8, 9, 10, 11, 14, 15, 19, 20, 21, 22, 24]}
{"event": "split_lite_step", "task_id": 7, "batch": 6120, "projected": 19, "collected": 25, "mean_removed_ratio": 0.05063267218831338, "strict_current_topk": false, "project_active_experts": [0, 2, 3, 4, 6, 8, 9, 10, 11, 14, 15, 19, 20, 21, 22, 24]}
{"event": "split_lite_step", "task_id": 7, "batch": 6140, "projected": 19, "collected": 25, "mean_removed_ratio": 0.04669107756528415, "strict_current_topk": false, "project_active_experts": [0, 2, 3, 4, 6, 8, 9, 10, 11, 14, 15, 19, 20, 21, 22, 24]}
{"event": "split_lite_step", "task_id": 7, "batch": 6160, "projected": 19, "collected": 25, "mean_removed_ratio": 0.04647238547668645, "strict_current_topk": false, "project_active_experts": [0, 2, 3, 4, 6, 8, 9, 10, 11, 14, 15, 19, 20, 21, 22, 24]}
{"event": "split_lite_step", "task_id": 7, "batch": 6180, "projected": 19, "collected": 25, "mean_removed_ratio": 0.0327115518188006, "strict_current_topk": false, "project_active_experts": [0, 2, 3, 4, 6, 8, 9, 10, 11, 14, 15, 19, 20, 21, 22, 24]}
{"event": "split_lite_step", "task_id": 7, "batch": 6200, "projected": 19, "collected": 25, "mean_removed_ratio": 0.04005407836092146, "strict_current_topk": false, "project_active_experts": [0, 2, 3, 4, 6, 8, 9, 10, 11, 14, 15, 19, 20, 21, 22, 24]}
{"event": "split_lite_step", "task_id": 7, "batch": 6220, "projected": 19, "collected": 25, "mean_removed_ratio": 0.03425248506429948, "strict_current_topk": false, "project_active_experts": [0, 2, 3, 4, 6, 8, 9, 10, 11, 14, 15, 19, 20, 21, 22, 24]}
{"event": "split_lite_step", "task_id": 7, "batch": 6240, "projected": 19, "collected": 25, "mean_removed_ratio": 0.038137351211748625, "strict_current_topk": false, "project_active_experts": [0, 2, 3, 4, 6, 8, 9, 10, 11, 14, 15, 19, 20, 21, 22, 24]}
{"event": "split_lite_step", "task_id": 7, "batch": 6260, "projected": 19, "collected": 25, "mean_removed_ratio": 0.05026856839264694, "strict_current_topk": false, "project_active_experts": [0, 2, 3, 4, 6, 8, 9, 10, 11, 14, 15, 19, 20, 21, 22, 24]}
{"event": "split_lite_step", "task_id": 7, "batch": 6280, "projected": 19, "collected": 25, "mean_removed_ratio": 0.046485077736801224, "strict_current_topk": false, "project_active_experts": [0, 2, 3, 4, 6, 8, 9, 10, 11, 14, 15, 19, 20, 21, 22, 24]}
{"event": "split_lite_step", "task_id": 7, "batch": 6300, "projected": 19, "collected": 25, "mean_removed_ratio": 0.048844933117690836, "strict_current_topk": false, "project_active_experts": [0, 2, 3, 4, 6, 8, 9, 10, 11, 14, 15, 19, 20, 21, 22, 24]}
{"event": "split_lite_step", "task_id": 7, "batch": 6320, "projected": 19, "collected": 25, "mean_removed_ratio": 0.043728178268984744, "strict_current_topk": false, "project_active_experts": [0, 2, 3, 4, 6, 8, 9, 10, 11, 14, 15, 19, 20, 21, 22, 24]}
{"event": "split_lite_step", "task_id": 7, "batch": 6340, "projected": 19, "collected": 25, "mean_removed_ratio": 0.045753781536692066, "strict_current_topk": false, "project_active_experts": [0, 2, 3, 4, 6, 8, 9, 10, 11, 14, 15, 19, 20, 21, 22, 24]}
{"event": "split_lite_step", "task_id": 7, "batch": 6360, "projected": 19, "collected": 25, "mean_removed_ratio": 0.040770885975737324, "strict_current_topk": false, "project_active_experts": [0, 2, 3, 4, 6, 8, 9, 10, 11, 14, 15, 19, 20, 21, 22, 24]}
{"event": "split_lite_step", "task_id": 7, "batch": 6380, "projected": 19, "collected": 25, "mean_removed_ratio": 0.04044378475335084, "strict_current_topk": false, "project_active_experts": [0, 2, 3, 4, 6, 8, 9, 10, 11, 14, 15, 19, 20, 21, 22, 24]}
{"event": "split_lite_step", "task_id": 7, "batch": 6400, "projected": 19, "collected": 25, "mean_removed_ratio": 0.03849849457803525, "strict_current_topk": false, "project_active_experts": [0, 2, 3, 4, 6, 8, 9, 10, 11, 14, 15, 19, 20, 21, 22, 24]}
{"event": "split_lite_step", "task_id": 7, "batch": 6420, "projected": 19, "collected": 25, "mean_removed_ratio": 0.05430202568440061, "strict_current_topk": false, "project_active_experts": [0, 2, 3, 4, 6, 8, 9, 10, 11, 14, 15, 19, 20, 21, 22, 24]}
{"event": "split_lite_step", "task_id": 7, "batch": 6440, "projected": 19, "collected": 25, "mean_removed_ratio": 0.03761546176515127, "strict_current_topk": false, "project_active_experts": [0, 2, 3, 4, 6, 8, 9, 10, 11, 14, 15, 19, 20, 21, 22, 24]}
{"event": "split_lite_step", "task_id": 7, "batch": 6460, "projected": 19, "collected": 25, "mean_removed_ratio": 0.0570192603688491, "strict_current_topk": false, "project_active_experts": [0, 2, 3, 4, 6, 8, 9, 10, 11, 14, 15, 19, 20, 21, 22, 24]}
{"event": "split_lite_step", "task_id": 7, "batch": 6480, "projected": 19, "collected": 25, "mean_removed_ratio": 0.057940552109166196, "strict_current_topk": false, "project_active_experts": [0, 2, 3, 4, 6, 8, 9, 10, 11, 14, 15, 19, 20, 21, 22, 24]}
{"event": "split_lite_step", "task_id": 7, "batch": 6500, "projected": 19, "collected": 25, "mean_removed_ratio": 0.04853247390373757, "strict_current_topk": false, "project_active_experts": [0, 2, 3, 4, 6, 8, 9, 10, 11, 14, 15, 19, 20, 21, 22, 24]}
{"event": "split_lite_step", "task_id": 7, "batch": 6520, "projected": 19, "collected": 25, "mean_removed_ratio": 0.05965566105748478, "strict_current_topk": false, "project_active_experts": [0, 2, 3, 4, 6, 8, 9, 10, 11, 14, 15, 19, 20, 21, 22, 24]}
{"event": "split_lite_step", "task_id": 7, "batch": 6540, "projected": 19, "collected": 25, "mean_removed_ratio": 0.05051701976672599, "strict_current_topk": false, "project_active_experts": [0, 2, 3, 4, 6, 8, 9, 10, 11, 14, 15, 19, 20, 21, 22, 24]}
{"event": "split_lite_step", "task_id": 7, "batch": 6560, "projected": 19, "collected": 25, "mean_removed_ratio": 0.05017735495379096, "strict_current_topk": false, "project_active_experts": [0, 2, 3, 4, 6, 8, 9, 10, 11, 14, 15, 19, 20, 21, 22, 24]}
{"event": "split_lite_step", "task_id": 7, "batch": 6580, "projected": 19, "collected": 25, "mean_removed_ratio": 0.043339555788981285, "strict_current_topk": false, "project_active_experts": [0, 2, 3, 4, 6, 8, 9, 10, 11, 14, 15, 19, 20, 21, 22, 24]}
{"event": "split_lite_step", "task_id": 7, "batch": 6600, "projected": 19, "collected": 25, "mean_removed_ratio": 0.0362041974440217, "strict_current_topk": false, "project_active_experts": [0, 2, 3, 4, 6, 8, 9, 10, 11, 14, 15, 19, 20, 21, 22, 24]}
{"event": "split_lite_step", "task_id": 7, "batch": 6620, "projected": 19, "collected": 25, "mean_removed_ratio": 0.05771692499126259, "strict_current_topk": false, "project_active_experts": [0, 2, 3, 4, 6, 8, 9, 10, 11, 14, 15, 19, 20, 21, 22, 24]}
{"event": "split_lite_task_finish", "task_id": 7, "rank": 4, "alpha": 0.2, "interval": 20, "buffer_size": 24, "expert_threshold": 0.03, "active_topk": 16, "strict_current_topk": false, "active_experts": [0, 2, 3, 4, 6, 7, 9, 10, 11, 14, 15, 19, 20, 21, 22, 24], "usage": {"vector": [0.10900334268808365, 0.0, 0.09956421703100204, 0.0694715827703476, 0.04450709745287895, 0.0, 0.06724517792463303, 0.020340556278824806, 0.019349517300724983, 0.06545983999967575, 0.024187583476305008, 0.03498561307787895, 0.014032861217856407, 0.01276271790266037, 0.04523549601435661, 0.10617297887802124, 0.020286567509174347, 0.0, 0.009149041026830673, 0.06759382039308548, 0.031978629529476166, 0.036663878709077835, 0.03143690153956413, 0.0, 0.07057243585586548], "top3": [0, 15, 2], "top5": [0, 15, 2, 24, 3], "top3_mass": 0.31474053859710693, "top5_mass": 0.4547845721244812, "entropy": 2.8429203033447266, "max_entropy": 3.2188758248682006}, "basis_sizes": {"e_pv": {"0": 4, "2": 4, "3": 4, "4": 4, "6": 4, "7": 4, "9": 4, "10": 4, "11": 4, "14": 4, "15": 4, "19": 4, "20": 4, "21": 4, "22": 4, "24": 4}}, "stats": {"project_calls": 332, "projected_vectors": 4797, "collected_vectors": 8300, "skipped_steps": 6298}, "diagnostics": {"expert_usage_mode": "old_union", "previous_selected_jaccard": 0.8823529411764706, "cp_overlap": null}}
{"event": "split_lite_step", "task_id": 8, "batch": 6640, "projected": 19, "collected": 25, "mean_removed_ratio": 0.05977590264458405, "strict_current_topk": false, "project_active_experts": [0, 2, 3, 4, 6, 7, 9, 10, 11, 14, 15, 19, 20, 21, 22, 24]}
{"event": "split_lite_step", "task_id": 8, "batch": 6660, "projected": 19, "collected": 25, "mean_removed_ratio": 0.05076185819741927, "strict_current_topk": false, "project_active_experts": [0, 2, 3, 4, 6, 7, 9, 10, 11, 14, 15, 19, 20, 21, 22, 24]}
{"event": "split_lite_step", "task_id": 8, "batch": 6680, "projected": 19, "collected": 25, "mean_removed_ratio": 0.04626716786113225, "strict_current_topk": false, "project_active_experts": [0, 2, 3, 4, 6, 7, 9, 10, 11, 14, 15, 19, 20, 21, 22, 24]}
{"event": "split_lite_step", "task_id": 8, "batch": 6700, "projected": 19, "collected": 25, "mean_removed_ratio": 0.05212659408387385, "strict_current_topk": false, "project_active_experts": [0, 2, 3, 4, 6, 7, 9, 10, 11, 14, 15, 19, 20, 21, 22, 24]}
{"event": "split_lite_step", "task_id": 8, "batch": 6720, "projected": 19, "collected": 25, "mean_removed_ratio": 0.05079182492274987, "strict_current_topk": false, "project_active_experts": [0, 2, 3, 4, 6, 7, 9, 10, 11, 14, 15, 19, 20, 21, 22, 24]}
{"event": "split_lite_step", "task_id": 8, "batch": 6740, "projected": 19, "collected": 25, "mean_removed_ratio": 0.043354284508447895, "strict_current_topk": false, "project_active_experts": [0, 2, 3, 4, 6, 7, 9, 10, 11, 14, 15, 19, 20, 21, 22, 24]}
{"event": "split_lite_step", "task_id": 8, "batch": 6760, "projected": 19, "collected": 25, "mean_removed_ratio": 0.05404915444945034, "strict_current_topk": false, "project_active_experts": [0, 2, 3, 4, 6, 7, 9, 10, 11, 14, 15, 19, 20, 21, 22, 24]}
{"event": "split_lite_step", "task_id": 8, "batch": 6780, "projected": 19, "collected": 25, "mean_removed_ratio": 0.03426770101252355, "strict_current_topk": false, "project_active_experts": [0, 2, 3, 4, 6, 7, 9, 10, 11, 14, 15, 19, 20, 21, 22, 24]}
{"event": "split_lite_step", "task_id": 8, "batch": 6800, "projected": 19, "collected": 25, "mean_removed_ratio": 0.04841346274081029, "strict_current_topk": false, "project_active_experts": [0, 2, 3, 4, 6, 7, 9, 10, 11, 14, 15, 19, 20, 21, 22, 24]}
{"event": "split_lite_step", "task_id": 8, "batch": 6820, "projected": 19, "collected": 25, "mean_removed_ratio": 0.03704639377170488, "strict_current_topk": false, "project_active_experts": [0, 2, 3, 4, 6, 7, 9, 10, 11, 14, 15, 19, 20, 21, 22, 24]}
{"event": "split_lite_step", "task_id": 8, "batch": 6840, "projected": 19, "collected": 25, "mean_removed_ratio": 0.056774972987018134, "strict_current_topk": false, "project_active_experts": [0, 2, 3, 4, 6, 7, 9, 10, 11, 14, 15, 19, 20, 21, 22, 24]}
{"event": "split_lite_step", "task_id": 8, "batch": 6860, "projected": 19, "collected": 25, "mean_removed_ratio": 0.04452008940279484, "strict_current_topk": false, "project_active_experts": [0, 2, 3, 4, 6, 7, 9, 10, 11, 14, 15, 19, 20, 21, 22, 24]}
{"event": "split_lite_step", "task_id": 8, "batch": 6880, "projected": 19, "collected": 25, "mean_removed_ratio": 0.03812444876683386, "strict_current_topk": false, "project_active_experts": [0, 2, 3, 4, 6, 7, 9, 10, 11, 14, 15, 19, 20, 21, 22, 24]}
{"event": "split_lite_step", "task_id": 8, "batch": 6900, "projected": 19, "collected": 25, "mean_removed_ratio": 0.0436217364070839, "strict_current_topk": false, "project_active_experts": [0, 2, 3, 4, 6, 7, 9, 10, 11, 14, 15, 19, 20, 21, 22, 24]}
{"event": "split_lite_step", "task_id": 8, "batch": 6920, "projected": 19, "collected": 25, "mean_removed_ratio": 0.06049383186588162, "strict_current_topk": false, "project_active_experts": [0, 2, 3, 4, 6, 7, 9, 10, 11, 14, 15, 19, 20, 21, 22, 24]}
{"event": "split_lite_step", "task_id": 8, "batch": 6940, "projected": 19, "collected": 25, "mean_removed_ratio": 0.03920028726325223, "strict_current_topk": false, "project_active_experts": [0, 2, 3, 4, 6, 7, 9, 10, 11, 14, 15, 19, 20, 21, 22, 24]}
{"event": "split_lite_step", "task_id": 8, "batch": 6960, "projected": 19, "collected": 25, "mean_removed_ratio": 0.048613107322078, "strict_current_topk": false, "project_active_experts": [0, 2, 3, 4, 6, 7, 9, 10, 11, 14, 15, 19, 20, 21, 22, 24]}
{"event": "split_lite_step", "task_id": 8, "batch": 6980, "projected": 19, "collected": 25, "mean_removed_ratio": 0.07514080660123575, "strict_current_topk": false, "project_active_experts": [0, 2, 3, 4, 6, 7, 9, 10, 11, 14, 15, 19, 20, 21, 22, 24]}
{"event": "split_lite_step", "task_id": 8, "batch": 7000, "projected": 19, "collected": 25, "mean_removed_ratio": 0.045466976877498, "strict_current_topk": false, "project_active_experts": [0, 2, 3, 4, 6, 7, 9, 10, 11, 14, 15, 19, 20, 21, 22, 24]}
{"event": "split_lite_step", "task_id": 8, "batch": 7020, "projected": 19, "collected": 25, "mean_removed_ratio": 0.03560082021316415, "strict_current_topk": false, "project_active_experts": [0, 2, 3, 4, 6, 7, 9, 10, 11, 14, 15, 19, 20, 21, 22, 24]}
{"event": "split_lite_step", "task_id": 8, "batch": 7040, "projected": 19, "collected": 25, "mean_removed_ratio": 0.048872301747140134, "strict_current_topk": false, "project_active_experts": [0, 2, 3, 4, 6, 7, 9, 10, 11, 14, 15, 19, 20, 21, 22, 24]}
{"event": "split_lite_step", "task_id": 8, "batch": 7060, "projected": 19, "collected": 25, "mean_removed_ratio": 0.06634495270095374, "strict_current_topk": false, "project_active_experts": [0, 2, 3, 4, 6, 7, 9, 10, 11, 14, 15, 19, 20, 21, 22, 24]}
{"event": "split_lite_step", "task_id": 8, "batch": 7080, "projected": 19, "collected": 25, "mean_removed_ratio": 0.04934328549394482, "strict_current_topk": false, "project_active_experts": [0, 2, 3, 4, 6, 7, 9, 10, 11, 14, 15, 19, 20, 21, 22, 24]}
{"event": "split_lite_step", "task_id": 8, "batch": 7100, "projected": 19, "collected": 25, "mean_removed_ratio": 0.05048424083935587, "strict_current_topk": false, "project_active_experts": [0, 2, 3, 4, 6, 7, 9, 10, 11, 14, 15, 19, 20, 21, 22, 24]}
{"event": "split_lite_step", "task_id": 8, "batch": 7120, "projected": 19, "collected": 25, "mean_removed_ratio": 0.03954417699653851, "strict_current_topk": false, "project_active_experts": [0, 2, 3, 4, 6, 7, 9, 10, 11, 14, 15, 19, 20, 21, 22, 24]}
{"event": "split_lite_step", "task_id": 8, "batch": 7140, "projected": 19, "collected": 25, "mean_removed_ratio": 0.047880265371579876, "strict_current_topk": false, "project_active_experts": [0, 2, 3, 4, 6, 7, 9, 10, 11, 14, 15, 19, 20, 21, 22, 24]}
{"event": "split_lite_step", "task_id": 8, "batch": 7160, "projected": 19, "collected": 25, "mean_removed_ratio": 0.039060860333081926, "strict_current_topk": false, "project_active_experts": [0, 2, 3, 4, 6, 7, 9, 10, 11, 14, 15, 19, 20, 21, 22, 24]}
{"event": "split_lite_step", "task_id": 8, "batch": 7180, "projected": 19, "collected": 25, "mean_removed_ratio": 0.04865570832043886, "strict_current_topk": false, "project_active_experts": [0, 2, 3, 4, 6, 7, 9, 10, 11, 14, 15, 19, 20, 21, 22, 24]}
{"event": "split_lite_step", "task_id": 8, "batch": 7200, "projected": 19, "collected": 25, "mean_removed_ratio": 0.05166283916485937, "strict_current_topk": false, "project_active_experts": [0, 2, 3, 4, 6, 7, 9, 10, 11, 14, 15, 19, 20, 21, 22, 24]}
{"event": "split_lite_step", "task_id": 8, "batch": 7220, "projected": 19, "collected": 25, "mean_removed_ratio": 0.045226211806661205, "strict_current_topk": false, "project_active_experts": [0, 2, 3, 4, 6, 7, 9, 10, 11, 14, 15, 19, 20, 21, 22, 24]}
{"event": "split_lite_step", "task_id": 8, "batch": 7240, "projected": 19, "collected": 25, "mean_removed_ratio": 0.0771309956908226, "strict_current_topk": false, "project_active_experts": [0, 2, 3, 4, 6, 7, 9, 10, 11, 14, 15, 19, 20, 21, 22, 24]}
{"event": "split_lite_step", "task_id": 8, "batch": 7260, "projected": 19, "collected": 25, "mean_removed_ratio": 0.044018322896016274, "strict_current_topk": false, "project_active_experts": [0, 2, 3, 4, 6, 7, 9, 10, 11, 14, 15, 19, 20, 21, 22, 24]}
{"event": "split_lite_step", "task_id": 8, "batch": 7280, "projected": 19, "collected": 25, "mean_removed_ratio": 0.062433024280165374, "strict_current_topk": false, "project_active_experts": [0, 2, 3, 4, 6, 7, 9, 10, 11, 14, 15, 19, 20, 21, 22, 24]}
{"event": "split_lite_step", "task_id": 8, "batch": 7300, "projected": 19, "collected": 25, "mean_removed_ratio": 0.04502679985996924, "strict_current_topk": false, "project_active_experts": [0, 2, 3, 4, 6, 7, 9, 10, 11, 14, 15, 19, 20, 21, 22, 24]}
{"event": "split_lite_step", "task_id": 8, "batch": 7320, "projected": 19, "collected": 25, "mean_removed_ratio": 0.030444507487118244, "strict_current_topk": false, "project_active_experts": [0, 2, 3, 4, 6, 7, 9, 10, 11, 14, 15, 19, 20, 21, 22, 24]}
{"event": "split_lite_step", "task_id": 8, "batch": 7340, "projected": 19, "collected": 25, "mean_removed_ratio": 0.042978876711506596, "strict_current_topk": false, "project_active_experts": [0, 2, 3, 4, 6, 7, 9, 10, 11, 14, 15, 19, 20, 21, 22, 24]}
{"event": "split_lite_step", "task_id": 8, "batch": 7360, "projected": 19, "collected": 25, "mean_removed_ratio": 0.04588330105731362, "strict_current_topk": false, "project_active_experts": [0, 2, 3, 4, 6, 7, 9, 10, 11, 14, 15, 19, 20, 21, 22, 24]}
{"event": "split_lite_step", "task_id": 8, "batch": 7380, "projected": 19, "collected": 25, "mean_removed_ratio": 0.04312111853965019, "strict_current_topk": false, "project_active_experts": [0, 2, 3, 4, 6, 7, 9, 10, 11, 14, 15, 19, 20, 21, 22, 24]}
{"event": "split_lite_step", "task_id": 8, "batch": 7400, "projected": 19, "collected": 25, "mean_removed_ratio": 0.04516111083916927, "strict_current_topk": false, "project_active_experts": [0, 2, 3, 4, 6, 7, 9, 10, 11, 14, 15, 19, 20, 21, 22, 24]}
{"event": "split_lite_task_finish", "task_id": 8, "rank": 4, "alpha": 0.2, "interval": 20, "buffer_size": 24, "expert_threshold": 0.03, "active_topk": 16, "strict_current_topk": false, "active_experts": [0, 2, 3, 4, 6, 7, 9, 11, 14, 15, 16, 19, 20, 21, 22, 24], "usage": {"vector": [0.10805141925811768, 0.0, 0.10198324173688889, 0.06742123514413834, 0.04689580947160721, 0.0, 0.06726489216089249, 0.024996375665068626, 0.017040053382515907, 0.06569264829158783, 0.021300671622157097, 0.03483278676867485, 0.01630510203540325, 0.011239422485232353, 0.043859291821718216, 0.10550891607999802, 0.02428801916539669, 0.0, 0.008057055994868279, 0.06850511580705643, 0.032184701412916183, 0.036310743540525436, 0.02768474631011486, 0.0, 0.07057781517505646], "top3": [0, 15, 2], "top5": [0, 15, 2, 24, 19], "top3_mass": 0.31554359197616577, "top5_mass": 0.45462650060653687, "entropy": 2.8416929244995117, "max_entropy": 3.2188758248682006}, "basis_sizes": {"e_pv": {"0": 4, "2": 4, "3": 4, "4": 4, "6": 4, "7": 4, "9": 4, "11": 4, "14": 4, "15": 4, "16": 4, "19": 4, "20": 4, "21": 4, "22": 4, "24": 4}}, "stats": {"project_calls": 371, "projected_vectors": 5538, "collected_vectors": 9275, "skipped_steps": 7039}, "diagnostics": {"expert_usage_mode": "old_union", "previous_selected_jaccard": 0.8823529411764706, "cp_overlap": null}}
{"event": "split_lite_step", "task_id": 9, "batch": 7420, "projected": 20, "collected": 25, "mean_removed_ratio": 0.03306504753418267, "strict_current_topk": false, "project_active_experts": [0, 2, 3, 4, 6, 7, 9, 11, 14, 15, 16, 19, 20, 21, 22, 24]}
{"event": "split_lite_step", "task_id": 9, "batch": 7440, "projected": 20, "collected": 25, "mean_removed_ratio": 0.03795780441723764, "strict_current_topk": false, "project_active_experts": [0, 2, 3, 4, 6, 7, 9, 11, 14, 15, 16, 19, 20, 21, 22, 24]}
{"event": "split_lite_step", "task_id": 9, "batch": 7460, "projected": 20, "collected": 25, "mean_removed_ratio": 0.03916414058767259, "strict_current_topk": false, "project_active_experts": [0, 2, 3, 4, 6, 7, 9, 11, 14, 15, 16, 19, 20, 21, 22, 24]}
{"event": "split_lite_step", "task_id": 9, "batch": 7480, "projected": 20, "collected": 25, "mean_removed_ratio": 0.04241111427545548, "strict_current_topk": false, "project_active_experts": [0, 2, 3, 4, 6, 7, 9, 11, 14, 15, 16, 19, 20, 21, 22, 24]}
{"event": "split_lite_step", "task_id": 9, "batch": 7500, "projected": 20, "collected": 25, "mean_removed_ratio": 0.05114503456279636, "strict_current_topk": false, "project_active_experts": [0, 2, 3, 4, 6, 7, 9, 11, 14, 15, 16, 19, 20, 21, 22, 24]}
{"event": "split_lite_step", "task_id": 9, "batch": 7520, "projected": 20, "collected": 25, "mean_removed_ratio": 0.04772824146784842, "strict_current_topk": false, "project_active_experts": [0, 2, 3, 4, 6, 7, 9, 11, 14, 15, 16, 19, 20, 21, 22, 24]}
{"event": "split_lite_step", "task_id": 9, "batch": 7540, "projected": 20, "collected": 25, "mean_removed_ratio": 0.05328006101772189, "strict_current_topk": false, "project_active_experts": [0, 2, 3, 4, 6, 7, 9, 11, 14, 15, 16, 19, 20, 21, 22, 24]}
{"event": "split_lite_step", "task_id": 9, "batch": 7560, "projected": 20, "collected": 25, "mean_removed_ratio": 0.04830805854871869, "strict_current_topk": false, "project_active_experts": [0, 2, 3, 4, 6, 7, 9, 11, 14, 15, 16, 19, 20, 21, 22, 24]}
{"event": "split_lite_step", "task_id": 9, "batch": 7580, "projected": 20, "collected": 25, "mean_removed_ratio": 0.03499839757569134, "strict_current_topk": false, "project_active_experts": [0, 2, 3, 4, 6, 7, 9, 11, 14, 15, 16, 19, 20, 21, 22, 24]}
{"event": "split_lite_step", "task_id": 9, "batch": 7600, "projected": 20, "collected": 25, "mean_removed_ratio": 0.050549993943423036, "strict_current_topk": false, "project_active_experts": [0, 2, 3, 4, 6, 7, 9, 11, 14, 15, 16, 19, 20, 21, 22, 24]}
{"event": "split_lite_step", "task_id": 9, "batch": 7620, "projected": 20, "collected": 25, "mean_removed_ratio": 0.042083987058140336, "strict_current_topk": false, "project_active_experts": [0, 2, 3, 4, 6, 7, 9, 11, 14, 15, 16, 19, 20, 21, 22, 24]}
{"event": "split_lite_step", "task_id": 9, "batch": 7640, "projected": 20, "collected": 25, "mean_removed_ratio": 0.05813910970464349, "strict_current_topk": false, "project_active_experts": [0, 2, 3, 4, 6, 7, 9, 11, 14, 15, 16, 19, 20, 21, 22, 24]}
{"event": "split_lite_step", "task_id": 9, "batch": 7660, "projected": 20, "collected": 25, "mean_removed_ratio": 0.0432552591431886, "strict_current_topk": false, "project_active_experts": [0, 2, 3, 4, 6, 7, 9, 11, 14, 15, 16, 19, 20, 21, 22, 24]}
{"event": "split_lite_step", "task_id": 9, "batch": 7680, "projected": 20, "collected": 25, "mean_removed_ratio": 0.048796357866376636, "strict_current_topk": false, "project_active_experts": [0, 2, 3, 4, 6, 7, 9, 11, 14, 15, 16, 19, 20, 21, 22, 24]}
{"event": "split_lite_step", "task_id": 9, "batch": 7700, "projected": 20, "collected": 25, "mean_removed_ratio": 0.05728886015713215, "strict_current_topk": false, "project_active_experts": [0, 2, 3, 4, 6, 7, 9, 11, 14, 15, 16, 19, 20, 21, 22, 24]}
{"event": "split_lite_step", "task_id": 9, "batch": 7720, "projected": 20, "collected": 25, "mean_removed_ratio": 0.04036582885310054, "strict_current_topk": false, "project_active_experts": [0, 2, 3, 4, 6, 7, 9, 11, 14, 15, 16, 19, 20, 21, 22, 24]}
{"event": "split_lite_step", "task_id": 9, "batch": 7740, "projected": 20, "collected": 25, "mean_removed_ratio": 0.04713505357503891, "strict_current_topk": false, "project_active_experts": [0, 2, 3, 4, 6, 7, 9, 11, 14, 15, 16, 19, 20, 21, 22, 24]}
{"event": "split_lite_step", "task_id": 9, "batch": 7760, "projected": 20, "collected": 25, "mean_removed_ratio": 0.04329401319846511, "strict_current_topk": false, "project_active_experts": [0, 2, 3, 4, 6, 7, 9, 11, 14, 15, 16, 19, 20, 21, 22, 24]}
{"event": "split_lite_step", "task_id": 9, "batch": 7780, "projected": 20, "collected": 25, "mean_removed_ratio": 0.03600203641690314, "strict_current_topk": false, "project_active_experts": [0, 2, 3, 4, 6, 7, 9, 11, 14, 15, 16, 19, 20, 21, 22, 24]}
{"event": "split_lite_step", "task_id": 9, "batch": 7800, "projected": 20, "collected": 25, "mean_removed_ratio": 0.037312848633155225, "strict_current_topk": false, "project_active_experts": [0, 2, 3, 4, 6, 7, 9, 11, 14, 15, 16, 19, 20, 21, 22, 24]}
{"event": "split_lite_step", "task_id": 9, "batch": 7820, "projected": 20, "collected": 25, "mean_removed_ratio": 0.0404225455597043, "strict_current_topk": false, "project_active_experts": [0, 2, 3, 4, 6, 7, 9, 11, 14, 15, 16, 19, 20, 21, 22, 24]}
{"event": "split_lite_step", "task_id": 9, "batch": 7840, "projected": 20, "collected": 25, "mean_removed_ratio": 0.029869523644447327, "strict_current_topk": false, "project_active_experts": [0, 2, 3, 4, 6, 7, 9, 11, 14, 15, 16, 19, 20, 21, 22, 24]}
{"event": "split_lite_step", "task_id": 9, "batch": 7860, "projected": 20, "collected": 25, "mean_removed_ratio": 0.06451037242077291, "strict_current_topk": false, "project_active_experts": [0, 2, 3, 4, 6, 7, 9, 11, 14, 15, 16, 19, 20, 21, 22, 24]}
{"event": "split_lite_step", "task_id": 9, "batch": 7880, "projected": 20, "collected": 25, "mean_removed_ratio": 0.04232233315706253, "strict_current_topk": false, "project_active_experts": [0, 2, 3, 4, 6, 7, 9, 11, 14, 15, 16, 19, 20, 21, 22, 24]}
{"event": "split_lite_step", "task_id": 9, "batch": 7900, "projected": 20, "collected": 25, "mean_removed_ratio": 0.04222907545045018, "strict_current_topk": false, "project_active_experts": [0, 2, 3, 4, 6, 7, 9, 11, 14, 15, 16, 19, 20, 21, 22, 24]}
{"event": "split_lite_step", "task_id": 9, "batch": 7920, "projected": 20, "collected": 25, "mean_removed_ratio": 0.037147251330316065, "strict_current_topk": false, "project_active_experts": [0, 2, 3, 4, 6, 7, 9, 11, 14, 15, 16, 19, 20, 21, 22, 24]}
{"event": "split_lite_step", "task_id": 9, "batch": 7940, "projected": 20, "collected": 25, "mean_removed_ratio": 0.04212683038786054, "strict_current_topk": false, "project_active_experts": [0, 2, 3, 4, 6, 7, 9, 11, 14, 15, 16, 19, 20, 21, 22, 24]}
{"event": "split_lite_step", "task_id": 9, "batch": 7960, "projected": 20, "collected": 25, "mean_removed_ratio": 0.0492671306245029, "strict_current_topk": false, "project_active_experts": [0, 2, 3, 4, 6, 7, 9, 11, 14, 15, 16, 19, 20, 21, 22, 24]}
{"event": "split_lite_step", "task_id": 9, "batch": 7980, "projected": 20, "collected": 25, "mean_removed_ratio": 0.046924047311767934, "strict_current_topk": false, "project_active_experts": [0, 2, 3, 4, 6, 7, 9, 11, 14, 15, 16, 19, 20, 21, 22, 24]}
{"event": "split_lite_step", "task_id": 9, "batch": 8000, "projected": 20, "collected": 25, "mean_removed_ratio": 0.04346282202750444, "strict_current_topk": false, "project_active_experts": [0, 2, 3, 4, 6, 7, 9, 11, 14, 15, 16, 19, 20, 21, 22, 24]}
{"event": "split_lite_step", "task_id": 9, "batch": 8020, "projected": 20, "collected": 25, "mean_removed_ratio": 0.08114339672029018, "strict_current_topk": false, "project_active_experts": [0, 2, 3, 4, 6, 7, 9, 11, 14, 15, 16, 19, 20, 21, 22, 24]}
{"event": "split_lite_step", "task_id": 9, "batch": 8040, "projected": 20, "collected": 25, "mean_removed_ratio": 0.04505665609613061, "strict_current_topk": false, "project_active_experts": [0, 2, 3, 4, 6, 7, 9, 11, 14, 15, 16, 19, 20, 21, 22, 24]}
{"event": "split_lite_step", "task_id": 9, "batch": 8060, "projected": 20, "collected": 25, "mean_removed_ratio": 0.0482270629145205, "strict_current_topk": false, "project_active_experts": [0, 2, 3, 4, 6, 7, 9, 11, 14, 15, 16, 19, 20, 21, 22, 24]}
{"event": "split_lite_step", "task_id": 9, "batch": 8080, "projected": 20, "collected": 25, "mean_removed_ratio": 0.0296389639377594, "strict_current_topk": false, "project_active_experts": [0, 2, 3, 4, 6, 7, 9, 11, 14, 15, 16, 19, 20, 21, 22, 24]}
{"event": "split_lite_step", "task_id": 9, "batch": 8100, "projected": 20, "collected": 25, "mean_removed_ratio": 0.04297990347258747, "strict_current_topk": false, "project_active_experts": [0, 2, 3, 4, 6, 7, 9, 11, 14, 15, 16, 19, 20, 21, 22, 24]}
{"event": "split_lite_step", "task_id": 9, "batch": 8120, "projected": 20, "collected": 25, "mean_removed_ratio": 0.04940924858674407, "strict_current_topk": false, "project_active_experts": [0, 2, 3, 4, 6, 7, 9, 11, 14, 15, 16, 19, 20, 21, 22, 24]}
{"event": "split_lite_step", "task_id": 9, "batch": 8140, "projected": 20, "collected": 25, "mean_removed_ratio": 0.05634038746356964, "strict_current_topk": false, "project_active_experts": [0, 2, 3, 4, 6, 7, 9, 11, 14, 15, 16, 19, 20, 21, 22, 24]}
{"event": "split_lite_step", "task_id": 9, "batch": 8160, "projected": 20, "collected": 25, "mean_removed_ratio": 0.050667858822271226, "strict_current_topk": false, "project_active_experts": [0, 2, 3, 4, 6, 7, 9, 11, 14, 15, 16, 19, 20, 21, 22, 24]}
{"event": "split_lite_step", "task_id": 9, "batch": 8180, "projected": 20, "collected": 25, "mean_removed_ratio": 0.0380121121648699, "strict_current_topk": false, "project_active_experts": [0, 2, 3, 4, 6, 7, 9, 11, 14, 15, 16, 19, 20, 21, 22, 24]}
{"event": "split_lite_task_finish", "task_id": 9, "rank": 4, "alpha": 0.2, "interval": 20, "buffer_size": 24, "expert_threshold": 0.03, "active_topk": 16, "strict_current_topk": false, "active_experts": [0, 2, 3, 4, 6, 7, 9, 11, 14, 15, 16, 19, 20, 21, 22, 24], "usage": {"vector": [0.10787825286388397, 0.0, 0.1044115498661995, 0.06544041633605957, 0.049391523003578186, 0.0036136251874268055, 0.06763551384210587, 0.022448914125561714, 0.015303445979952812, 0.06622350215911865, 0.019129851832985878, 0.034906622022390366, 0.018255574628710747, 0.010093976743519306, 0.04313696548342705, 0.1030154600739479, 0.025137601420283318, 0.0, 0.007235935423523188, 0.07236224412918091, 0.032517556101083755, 0.03622309863567352, 0.02486330270767212, 0.0, 0.0707750916481018], "top3": [0, 2, 15], "top5": [0, 2, 15, 19, 24], "top3_mass": 0.31530526280403137, "top5_mass": 0.4584425985813141, "entropy": 2.845773458480835, "max_entropy": 3.2188758248682006}, "basis_sizes": {"e_pv": {"0": 4, "2": 4, "3": 4, "4": 4, "6": 4, "7": 4, "9": 4, "11": 4, "14": 4, "15": 4, "16": 4, "19": 4, "20": 4, "21": 4, "22": 4, "24": 4}}, "stats": {"project_calls": 410, "projected_vectors": 6318, "collected_vectors": 10250, "skipped_steps": 7780}, "diagnostics": {"expert_usage_mode": "old_union", "previous_selected_jaccard": 1.0, "cp_overlap": null}}
