{"event": "split_lite_step", "task_id": 0, "batch": 0, "projected": 0, "collected": 25, "mean_removed_ratio": 0.0, "strict_current_topk": false, "project_active_experts": null}
{"event": "split_lite_step", "task_id": 0, "batch": 20, "projected": 0, "collected": 25, "mean_removed_ratio": 0.0, "strict_current_topk": false, "project_active_experts": null}
{"event": "split_lite_step", "task_id": 0, "batch": 40, "projected": 0, "collected": 25, "mean_removed_ratio": 0.0, "strict_current_topk": false, "project_active_experts": null}
{"event": "split_lite_step", "task_id": 0, "batch": 60, "projected": 0, "collected": 25, "mean_removed_ratio": 0.0, "strict_current_topk": false, "project_active_experts": null}
{"event": "split_lite_step", "task_id": 0, "batch": 80, "projected": 0, "collected": 25, "mean_removed_ratio": 0.0, "strict_current_topk": false, "project_active_experts": null}
{"event": "split_lite_step", "task_id": 0, "batch": 100, "projected": 0, "collected": 25, "mean_removed_ratio": 0.0, "strict_current_topk": false, "project_active_experts": null}
{"event": "split_lite_step", "task_id": 0, "batch": 120, "projected": 0, "collected": 25, "mean_removed_ratio": 0.0, "strict_current_topk": false, "project_active_experts": null}
{"event": "split_lite_step", "task_id": 0, "batch": 140, "projected": 0, "collected": 25, "mean_removed_ratio": 0.0, "strict_current_topk": false, "project_active_experts": null}
{"event": "split_lite_step", "task_id": 0, "batch": 160, "projected": 0, "collected": 25, "mean_removed_ratio": 0.0, "strict_current_topk": false, "project_active_experts": null}
{"event": "split_lite_step", "task_id": 0, "batch": 180, "projected": 0, "collected": 25, "mean_removed_ratio": 0.0, "strict_current_topk": false, "project_active_experts": null}
{"event": "split_lite_step", "task_id": 0, "batch": 200, "projected": 0, "collected": 25, "mean_removed_ratio": 0.0, "strict_current_topk": false, "project_active_experts": null}
{"event": "split_lite_step", "task_id": 0, "batch": 220, "projected": 0, "collected": 25, "mean_removed_ratio": 0.0, "strict_current_topk": false, "project_active_experts": null}
{"event": "split_lite_step", "task_id": 0, "batch": 240, "projected": 0, "collected": 25, "mean_removed_ratio": 0.0, "strict_current_topk": false, "project_active_experts": null}
{"event": "split_lite_step", "task_id": 0, "batch": 260, "projected": 0, "collected": 25, "mean_removed_ratio": 0.0, "strict_current_topk": false, "project_active_experts": null}
{"event": "split_lite_step", "task_id": 0, "batch": 280, "projected": 0, "collected": 25, "mean_removed_ratio": 0.0, "strict_current_topk": false, "project_active_experts": null}
{"event": "split_lite_step", "task_id": 0, "batch": 300, "projected": 0, "collected": 25, "mean_removed_ratio": 0.0, "strict_current_topk": false, "project_active_experts": null}
{"event": "split_lite_step", "task_id": 0, "batch": 320, "projected": 0, "collected": 25, "mean_removed_ratio": 0.0, "strict_current_topk": false, "project_active_experts": null}
{"event": "split_lite_step", "task_id": 0, "batch": 340, "projected": 0, "collected": 25, "mean_removed_ratio": 0.0, "strict_current_topk": false, "project_active_experts": null}
{"event": "split_lite_step", "task_id": 0, "batch": 360, "projected": 0, "collected": 25, "mean_removed_ratio": 0.0, "strict_current_topk": false, "project_active_experts": null}
{"event": "split_lite_step", "task_id": 0, "batch": 380, "projected": 0, "collected": 25, "mean_removed_ratio": 0.0, "strict_current_topk": false, "project_active_experts": null}
{"event": "split_lite_step", "task_id": 0, "batch": 400, "projected": 0, "collected": 25, "mean_removed_ratio": 0.0, "strict_current_topk": false, "project_active_experts": null}
{"event": "split_lite_step", "task_id": 0, "batch": 420, "projected": 0, "collected": 25, "mean_removed_ratio": 0.0, "strict_current_topk": false, "project_active_experts": null}
{"event": "split_lite_step", "task_id": 0, "batch": 440, "projected": 0, "collected": 25, "mean_removed_ratio": 0.0, "strict_current_topk": false, "project_active_experts": null}
{"event": "split_lite_step", "task_id": 0, "batch": 460, "projected": 0, "collected": 25, "mean_removed_ratio": 0.0, "strict_current_topk": false, "project_active_experts": null}
{"event": "split_lite_step", "task_id": 0, "batch": 480, "projected": 0, "collected": 25, "mean_removed_ratio": 0.0, "strict_current_topk": false, "project_active_experts": null}
{"event": "split_lite_step", "task_id": 0, "batch": 500, "projected": 0, "collected": 25, "mean_removed_ratio": 0.0, "strict_current_topk": false, "project_active_experts": null}
{"event": "split_lite_step", "task_id": 0, "batch": 520, "projected": 0, "collected": 25, "mean_removed_ratio": 0.0, "strict_current_topk": false, "project_active_experts": null}
{"event": "split_lite_step", "task_id": 0, "batch": 540, "projected": 0, "collected": 25, "mean_removed_ratio": 0.0, "strict_current_topk": false, "project_active_experts": null}
{"event": "split_lite_step", "task_id": 0, "batch": 560, "projected": 0, "collected": 25, "mean_removed_ratio": 0.0, "strict_current_topk": false, "project_active_experts": null}
{"event": "split_lite_step", "task_id": 0, "batch": 580, "projected": 0, "collected": 25, "mean_removed_ratio": 0.0, "strict_current_topk": false, "project_active_experts": null}
{"event": "split_lite_step", "task_id": 0, "batch": 600, "projected": 0, "collected": 25, "mean_removed_ratio": 0.0, "strict_current_topk": false, "project_active_experts": null}
{"event": "split_lite_step", "task_id": 0, "batch": 620, "projected": 0, "collected": 25, "mean_removed_ratio": 0.0, "strict_current_topk": false, "project_active_experts": null}
{"event": "split_lite_step", "task_id": 0, "batch": 640, "projected": 0, "collected": 25, "mean_removed_ratio": 0.0, "strict_current_topk": false, "project_active_experts": null}
{"event": "split_lite_step", "task_id": 0, "batch": 660, "projected": 0, "collected": 25, "mean_removed_ratio": 0.0, "strict_current_topk": false, "project_active_experts": null}
{"event": "split_lite_step", "task_id": 0, "batch": 680, "projected": 0, "collected": 25, "mean_removed_ratio": 0.0, "strict_current_topk": false, "project_active_experts": null}
{"event": "split_lite_step", "task_id": 0, "batch": 700, "projected": 0, "collected": 25, "mean_removed_ratio": 0.0, "strict_current_topk": false, "project_active_experts": null}
{"event": "split_lite_step", "task_id": 0, "batch": 720, "projected": 0, "collected": 25, "mean_removed_ratio": 0.0, "strict_current_topk": false, "project_active_experts": null}
{"event": "split_lite_step", "task_id": 0, "batch": 740, "projected": 0, "collected": 25, "mean_removed_ratio": 0.0, "strict_current_topk": false, "project_active_experts": null}
{"event": "split_lite_step", "task_id": 0, "batch": 760, "projected": 0, "collected": 25, "mean_removed_ratio": 0.0, "strict_current_topk": false, "project_active_experts": null}
{"event": "split_lite_step", "task_id": 0, "batch": 780, "projected": 0, "collected": 25, "mean_removed_ratio": 0.0, "strict_current_topk": false, "project_active_experts": null}
{"event": "split_lite_step", "task_id": 0, "batch": 800, "projected": 0, "collected": 25, "mean_removed_ratio": 0.0, "strict_current_topk": false, "project_active_experts": null}
{"event": "split_lite_step", "task_id": 0, "batch": 820, "projected": 0, "collected": 25, "mean_removed_ratio": 0.0, "strict_current_topk": false, "project_active_experts": null}
{"event": "split_lite_step", "task_id": 0, "batch": 840, "projected": 0, "collected": 25, "mean_removed_ratio": 0.0, "strict_current_topk": false, "project_active_experts": null}
{"event": "split_lite_step", "task_id": 0, "batch": 860, "projected": 0, "collected": 25, "mean_removed_ratio": 0.0, "strict_current_topk": false, "project_active_experts": null}
{"event": "split_lite_step", "task_id": 0, "batch": 880, "projected": 0, "collected": 25, "mean_removed_ratio": 0.0, "strict_current_topk": false, "project_active_experts": null}
{"event": "split_lite_step", "task_id": 0, "batch": 900, "projected": 0, "collected": 25, "mean_removed_ratio": 0.0, "strict_current_topk": false, "project_active_experts": null}
{"event": "split_lite_step", "task_id": 0, "batch": 920, "projected": 0, "collected": 25, "mean_removed_ratio": 0.0, "strict_current_topk": false, "project_active_experts": null}
{"event": "split_lite_step", "task_id": 0, "batch": 940, "projected": 0, "collected": 25, "mean_removed_ratio": 0.0, "strict_current_topk": false, "project_active_experts": null}
{"event": "split_lite_step", "task_id": 0, "batch": 960, "projected": 0, "collected": 25, "mean_removed_ratio": 0.0, "strict_current_topk": false, "project_active_experts": null}
{"event": "split_lite_step", "task_id": 0, "batch": 980, "projected": 0, "collected": 25, "mean_removed_ratio": 0.0, "strict_current_topk": false, "project_active_experts": null}
{"event": "split_lite_step", "task_id": 0, "batch": 1000, "projected": 0, "collected": 25, "mean_removed_ratio": 0.0, "strict_current_topk": false, "project_active_experts": null}
{"event": "split_lite_step", "task_id": 0, "batch": 1020, "projected": 0, "collected": 25, "mean_removed_ratio": 0.0, "strict_current_topk": false, "project_active_experts": null}
{"event": "split_lite_step", "task_id": 0, "batch": 1040, "projected": 0, "collected": 25, "mean_removed_ratio": 0.0, "strict_current_topk": false, "project_active_experts": null}
{"event": "split_lite_step", "task_id": 0, "batch": 1060, "projected": 0, "collected": 25, "mean_removed_ratio": 0.0, "strict_current_topk": false, "project_active_experts": null}
{"event": "split_lite_step", "task_id": 0, "batch": 1080, "projected": 0, "collected": 25, "mean_removed_ratio": 0.0, "strict_current_topk": false, "project_active_experts": null}
{"event": "split_lite_step", "task_id": 0, "batch": 1100, "projected": 0, "collected": 25, "mean_removed_ratio": 0.0, "strict_current_topk": false, "project_active_experts": null}
{"event": "split_lite_step", "task_id": 0, "batch": 1120, "projected": 0, "collected": 25, "mean_removed_ratio": 0.0, "strict_current_topk": false, "project_active_experts": null}
{"event": "split_lite_step", "task_id": 0, "batch": 1140, "projected": 0, "collected": 25, "mean_removed_ratio": 0.0, "strict_current_topk": false, "project_active_experts": null}
{"event": "split_lite_step", "task_id": 0, "batch": 1160, "projected": 0, "collected": 25, "mean_removed_ratio": 0.0, "strict_current_topk": false, "project_active_experts": null}
{"event": "split_lite_task_finish", "task_id": 0, "rank": 4, "alpha": 0.2, "interval": 20, "buffer_size": 24, "expert_threshold": 0.03, "active_topk": 16, "strict_current_topk": false, "active_experts": [0, 2, 3, 4, 6, 9, 10, 13, 14, 15, 18, 19, 20, 21, 22, 24], "usage": {"vector": [0.09355635941028595, 0.0, 0.06816907227039337, 0.06331463903188705, 0.03406784310936928, 0.0008346688118763268, 0.062166132032871246, 4.67414538434241e-05, 0.03333333507180214, 0.04168669879436493, 0.04129941388964653, 0.03328659012913704, 0.004093215800821781, 0.05740518122911453, 0.04365651682019234, 0.0959668830037117, 0.014042467810213566, 0.023444177582859993, 0.03333333507180214, 0.06617922335863113, 0.03333333507180214, 0.03333333507180214, 0.06191239133477211, 0.0, 0.0615384615957737], "top3": [15, 0, 2], "top5": [15, 0, 2, 19, 3], "top3_mass": 0.2576923370361328, "top5_mass": 0.3871861696243286, "entropy": 2.9240903854370117, "max_entropy": 3.2188758248682006}, "basis_sizes": {"e_pv": {"0": 4, "2": 4, "3": 4, "4": 4, "6": 4, "9": 4, "10": 4, "13": 4, "14": 4, "15": 4, "18": 4, "19": 4, "20": 4, "21": 4, "22": 4, "24": 4}}, "stats": {"project_calls": 59, "projected_vectors": 0, "collected_vectors": 1475, "skipped_steps": 1111}, "diagnostics": {"expert_usage_mode": "task", "previous_selected_jaccard": 0.0, "cp_overlap": null}}
{"event": "split_lite_step", "task_id": 1, "batch": 1180, "projected": 16, "collected": 25, "mean_removed_ratio": 0.10179915511980653, "strict_current_topk": false, "project_active_experts": [0, 2, 3, 4, 6, 9, 10, 13, 14, 15, 18, 19, 20, 21, 22, 24]}
{"event": "split_lite_step", "task_id": 1, "batch": 1200, "projected": 16, "collected": 25, "mean_removed_ratio": 0.0976831039879471, "strict_current_topk": false, "project_active_experts": [0, 2, 3, 4, 6, 9, 10, 13, 14, 15, 18, 19, 20, 21, 22, 24]}
{"event": "split_lite_step", "task_id": 1, "batch": 1220, "projected": 16, "collected": 25, "mean_removed_ratio": 0.09805069002322853, "strict_current_topk": false, "project_active_experts": [0, 2, 3, 4, 6, 9, 10, 13, 14, 15, 18, 19, 20, 21, 22, 24]}
{"event": "split_lite_step", "task_id": 1, "batch": 1240, "projected": 16, "collected": 25, "mean_removed_ratio": 0.10078025376424193, "strict_current_topk": false, "project_active_experts": [0, 2, 3, 4, 6, 9, 10, 13, 14, 15, 18, 19, 20, 21, 22, 24]}
{"event": "split_lite_step", "task_id": 1, "batch": 1260, "projected": 16, "collected": 25, "mean_removed_ratio": 0.04304842307465151, "strict_current_topk": false, "project_active_experts": [0, 2, 3, 4, 6, 9, 10, 13, 14, 15, 18, 19, 20, 21, 22, 24]}
{"event": "split_lite_step", "task_id": 1, "batch": 1280, "projected": 16, "collected": 25, "mean_removed_ratio": 0.03872524847975001, "strict_current_topk": false, "project_active_experts": [0, 2, 3, 4, 6, 9, 10, 13, 14, 15, 18, 19, 20, 21, 22, 24]}
{"event": "split_lite_step", "task_id": 1, "batch": 1300, "projected": 16, "collected": 25, "mean_removed_ratio": 0.05222424789099023, "strict_current_topk": false, "project_active_experts": [0, 2, 3, 4, 6, 9, 10, 13, 14, 15, 18, 19, 20, 21, 22, 24]}
{"event": "split_lite_step", "task_id": 1, "batch": 1320, "projected": 16, "collected": 25, "mean_removed_ratio": 0.04423413198674098, "strict_current_topk": false, "project_active_experts": [0, 2, 3, 4, 6, 9, 10, 13, 14, 15, 18, 19, 20, 21, 22, 24]}
{"event": "split_lite_step", "task_id": 1, "batch": 1340, "projected": 16, "collected": 25, "mean_removed_ratio": 0.06672533578239381, "strict_current_topk": false, "project_active_experts": [0, 2, 3, 4, 6, 9, 10, 13, 14, 15, 18, 19, 20, 21, 22, 24]}
{"event": "split_lite_step", "task_id": 1, "batch": 1360, "projected": 16, "collected": 25, "mean_removed_ratio": 0.055319201783277094, "strict_current_topk": false, "project_active_experts": [0, 2, 3, 4, 6, 9, 10, 13, 14, 15, 18, 19, 20, 21, 22, 24]}
{"event": "split_lite_step", "task_id": 1, "batch": 1380, "projected": 16, "collected": 25, "mean_removed_ratio": 0.03706875053467229, "strict_current_topk": false, "project_active_experts": [0, 2, 3, 4, 6, 9, 10, 13, 14, 15, 18, 19, 20, 21, 22, 24]}
{"event": "split_lite_step", "task_id": 1, "batch": 1400, "projected": 16, "collected": 25, "mean_removed_ratio": 0.0326608398463577, "strict_current_topk": false, "project_active_experts": [0, 2, 3, 4, 6, 9, 10, 13, 14, 15, 18, 19, 20, 21, 22, 24]}
{"event": "split_lite_step", "task_id": 1, "batch": 1420, "projected": 16, "collected": 25, "mean_removed_ratio": 0.05649486632319167, "strict_current_topk": false, "project_active_experts": [0, 2, 3, 4, 6, 9, 10, 13, 14, 15, 18, 19, 20, 21, 22, 24]}
{"event": "split_lite_step", "task_id": 1, "batch": 1440, "projected": 16, "collected": 25, "mean_removed_ratio": 0.046224560239352286, "strict_current_topk": false, "project_active_experts": [0, 2, 3, 4, 6, 9, 10, 13, 14, 15, 18, 19, 20, 21, 22, 24]}
{"event": "split_lite_step", "task_id": 1, "batch": 1460, "projected": 16, "collected": 25, "mean_removed_ratio": 0.03662496941979043, "strict_current_topk": false, "project_active_experts": [0, 2, 3, 4, 6, 9, 10, 13, 14, 15, 18, 19, 20, 21, 22, 24]}
{"event": "split_lite_step", "task_id": 1, "batch": 1480, "projected": 16, "collected": 25, "mean_removed_ratio": 0.05826962040737271, "strict_current_topk": false, "project_active_experts": [0, 2, 3, 4, 6, 9, 10, 13, 14, 15, 18, 19, 20, 21, 22, 24]}
{"event": "split_lite_step", "task_id": 1, "batch": 1500, "projected": 16, "collected": 25, "mean_removed_ratio": 0.045085121935699135, "strict_current_topk": false, "project_active_experts": [0, 2, 3, 4, 6, 9, 10, 13, 14, 15, 18, 19, 20, 21, 22, 24]}
{"event": "split_lite_step", "task_id": 1, "batch": 1520, "projected": 16, "collected": 25, "mean_removed_ratio": 0.04672922182362527, "strict_current_topk": false, "project_active_experts": [0, 2, 3, 4, 6, 9, 10, 13, 14, 15, 18, 19, 20, 21, 22, 24]}
{"event": "split_lite_step", "task_id": 1, "batch": 1540, "projected": 16, "collected": 25, "mean_removed_ratio": 0.03956550307339057, "strict_current_topk": false, "project_active_experts": [0, 2, 3, 4, 6, 9, 10, 13, 14, 15, 18, 19, 20, 21, 22, 24]}
{"event": "split_lite_step", "task_id": 1, "batch": 1560, "projected": 16, "collected": 25, "mean_removed_ratio": 0.04229816509177908, "strict_current_topk": false, "project_active_experts": [0, 2, 3, 4, 6, 9, 10, 13, 14, 15, 18, 19, 20, 21, 22, 24]}
{"event": "split_lite_step", "task_id": 1, "batch": 1580, "projected": 16, "collected": 25, "mean_removed_ratio": 0.03235286276321858, "strict_current_topk": false, "project_active_experts": [0, 2, 3, 4, 6, 9, 10, 13, 14, 15, 18, 19, 20, 21, 22, 24]}
{"event": "split_lite_step", "task_id": 1, "batch": 1600, "projected": 16, "collected": 25, "mean_removed_ratio": 0.030399990151636302, "strict_current_topk": false, "project_active_experts": [0, 2, 3, 4, 6, 9, 10, 13, 14, 15, 18, 19, 20, 21, 22, 24]}
{"event": "split_lite_step", "task_id": 1, "batch": 1620, "projected": 16, "collected": 25, "mean_removed_ratio": 0.029264964570757, "strict_current_topk": false, "project_active_experts": [0, 2, 3, 4, 6, 9, 10, 13, 14, 15, 18, 19, 20, 21, 22, 24]}
{"event": "split_lite_step", "task_id": 1, "batch": 1640, "projected": 16, "collected": 25, "mean_removed_ratio": 0.039778238628059626, "strict_current_topk": false, "project_active_experts": [0, 2, 3, 4, 6, 9, 10, 13, 14, 15, 18, 19, 20, 21, 22, 24]}
{"event": "split_lite_step", "task_id": 1, "batch": 1660, "projected": 16, "collected": 25, "mean_removed_ratio": 0.03222214343259111, "strict_current_topk": false, "project_active_experts": [0, 2, 3, 4, 6, 9, 10, 13, 14, 15, 18, 19, 20, 21, 22, 24]}
{"event": "split_lite_step", "task_id": 1, "batch": 1680, "projected": 16, "collected": 25, "mean_removed_ratio": 0.036924116604495794, "strict_current_topk": false, "project_active_experts": [0, 2, 3, 4, 6, 9, 10, 13, 14, 15, 18, 19, 20, 21, 22, 24]}
{"event": "split_lite_step", "task_id": 1, "batch": 1700, "projected": 16, "collected": 25, "mean_removed_ratio": 0.05375110195018351, "strict_current_topk": false, "project_active_experts": [0, 2, 3, 4, 6, 9, 10, 13, 14, 15, 18, 19, 20, 21, 22, 24]}
{"event": "split_lite_step", "task_id": 1, "batch": 1720, "projected": 16, "collected": 25, "mean_removed_ratio": 0.04063762165606022, "strict_current_topk": false, "project_active_experts": [0, 2, 3, 4, 6, 9, 10, 13, 14, 15, 18, 19, 20, 21, 22, 24]}
{"event": "split_lite_step", "task_id": 1, "batch": 1740, "projected": 16, "collected": 25, "mean_removed_ratio": 0.03393584559671581, "strict_current_topk": false, "project_active_experts": [0, 2, 3, 4, 6, 9, 10, 13, 14, 15, 18, 19, 20, 21, 22, 24]}
{"event": "split_lite_step", "task_id": 1, "batch": 1760, "projected": 16, "collected": 25, "mean_removed_ratio": 0.02657100828946568, "strict_current_topk": false, "project_active_experts": [0, 2, 3, 4, 6, 9, 10, 13, 14, 15, 18, 19, 20, 21, 22, 24]}
{"event": "split_lite_step", "task_id": 1, "batch": 1780, "projected": 16, "collected": 25, "mean_removed_ratio": 0.04046501891571097, "strict_current_topk": false, "project_active_experts": [0, 2, 3, 4, 6, 9, 10, 13, 14, 15, 18, 19, 20, 21, 22, 24]}
{"event": "split_lite_step", "task_id": 1, "batch": 1800, "projected": 16, "collected": 25, "mean_removed_ratio": 0.03819053899496794, "strict_current_topk": false, "project_active_experts": [0, 2, 3, 4, 6, 9, 10, 13, 14, 15, 18, 19, 20, 21, 22, 24]}
{"event": "split_lite_step", "task_id": 1, "batch": 1820, "projected": 16, "collected": 25, "mean_removed_ratio": 0.04731291250209324, "strict_current_topk": false, "project_active_experts": [0, 2, 3, 4, 6, 9, 10, 13, 14, 15, 18, 19, 20, 21, 22, 24]}
{"event": "split_lite_step", "task_id": 1, "batch": 1840, "projected": 16, "collected": 25, "mean_removed_ratio": 0.047935297479853034, "strict_current_topk": false, "project_active_experts": [0, 2, 3, 4, 6, 9, 10, 13, 14, 15, 18, 19, 20, 21, 22, 24]}
{"event": "split_lite_step", "task_id": 1, "batch": 1860, "projected": 16, "collected": 25, "mean_removed_ratio": 0.028086343372706324, "strict_current_topk": false, "project_active_experts": [0, 2, 3, 4, 6, 9, 10, 13, 14, 15, 18, 19, 20, 21, 22, 24]}
{"event": "split_lite_step", "task_id": 1, "batch": 1880, "projected": 16, "collected": 25, "mean_removed_ratio": 0.02364542832947336, "strict_current_topk": false, "project_active_experts": [0, 2, 3, 4, 6, 9, 10, 13, 14, 15, 18, 19, 20, 21, 22, 24]}
{"event": "split_lite_step", "task_id": 1, "batch": 1900, "projected": 16, "collected": 25, "mean_removed_ratio": 0.028601763129699975, "strict_current_topk": false, "project_active_experts": [0, 2, 3, 4, 6, 9, 10, 13, 14, 15, 18, 19, 20, 21, 22, 24]}
{"event": "split_lite_step", "task_id": 1, "batch": 1920, "projected": 16, "collected": 25, "mean_removed_ratio": 0.03367983002681285, "strict_current_topk": false, "project_active_experts": [0, 2, 3, 4, 6, 9, 10, 13, 14, 15, 18, 19, 20, 21, 22, 24]}
{"event": "split_lite_step", "task_id": 1, "batch": 1940, "projected": 16, "collected": 25, "mean_removed_ratio": 0.039064770680852234, "strict_current_topk": false, "project_active_experts": [0, 2, 3, 4, 6, 9, 10, 13, 14, 15, 18, 19, 20, 21, 22, 24]}
{"event": "split_lite_task_finish", "task_id": 1, "rank": 4, "alpha": 0.2, "interval": 20, "buffer_size": 24, "expert_threshold": 0.03, "active_topk": 16, "strict_current_topk": false, "active_experts": [0, 2, 3, 6, 7, 9, 11, 13, 14, 15, 16, 18, 19, 20, 21, 22], "usage": {"vector": [0.09998664259910583, 0.007077991496771574, 0.08978365361690521, 0.06665998697280884, 0.03144364431500435, 0.0013354701222851872, 0.06666667014360428, 0.03333333507180214, 0.00503472238779068, 0.03333333507180214, 0.033213142305612564, 0.03333333507180214, 0.002377136843279004, 0.037573449313640594, 0.03333333507180214, 0.09999332576990128, 0.033279914408922195, 0.014750267378985882, 0.03324652835726738, 0.06763488054275513, 0.03333333507180214, 0.03333333507180214, 0.06662660092115402, 0.010249732993543148, 0.03306623920798302], "top3": [15, 0, 2], "top5": [15, 0, 2, 19, 6], "top3_mass": 0.2897636294364929, "top5_mass": 0.42406517267227173, "entropy": 2.9591827392578125, "max_entropy": 3.2188758248682006}, "basis_sizes": {"e_pv": {"0": 4, "2": 4, "3": 4, "6": 4, "7": 4, "9": 4, "11": 4, "13": 4, "14": 4, "15": 4, "16": 4, "18": 4, "19": 4, "20": 4, "21": 4, "22": 4}}, "stats": {"project_calls": 98, "projected_vectors": 624, "collected_vectors": 2450, "skipped_steps": 1852}, "diagnostics": {"expert_usage_mode": "task", "previous_selected_jaccard": 0.6, "cp_overlap": null}}
{"event": "split_lite_step", "task_id": 2, "batch": 1960, "projected": 19, "collected": 25, "mean_removed_ratio": 0.05972371289604589, "strict_current_topk": false, "project_active_experts": [0, 2, 3, 6, 7, 9, 11, 13, 14, 15, 16, 18, 19, 20, 21, 22]}
{"event": "split_lite_step", "task_id": 2, "batch": 1980, "projected": 19, "collected": 25, "mean_removed_ratio": 0.051684558979774774, "strict_current_topk": false, "project_active_experts": [0, 2, 3, 6, 7, 9, 11, 13, 14, 15, 16, 18, 19, 20, 21, 22]}
{"event": "split_lite_step", "task_id": 2, "batch": 2000, "projected": 19, "collected": 25, "mean_removed_ratio": 0.05476825694112401, "strict_current_topk": false, "project_active_experts": [0, 2, 3, 6, 7, 9, 11, 13, 14, 15, 16, 18, 19, 20, 21, 22]}
{"event": "split_lite_step", "task_id": 2, "batch": 2020, "projected": 19, "collected": 25, "mean_removed_ratio": 0.039869582697160934, "strict_current_topk": false, "project_active_experts": [0, 2, 3, 6, 7, 9, 11, 13, 14, 15, 16, 18, 19, 20, 21, 22]}
{"event": "split_lite_step", "task_id": 2, "batch": 2040, "projected": 19, "collected": 25, "mean_removed_ratio": 0.04968782994700106, "strict_current_topk": false, "project_active_experts": [0, 2, 3, 6, 7, 9, 11, 13, 14, 15, 16, 18, 19, 20, 21, 22]}
{"event": "split_lite_step", "task_id": 2, "batch": 2060, "projected": 19, "collected": 25, "mean_removed_ratio": 0.07111835033681832, "strict_current_topk": false, "project_active_experts": [0, 2, 3, 6, 7, 9, 11, 13, 14, 15, 16, 18, 19, 20, 21, 22]}
{"event": "split_lite_step", "task_id": 2, "batch": 2080, "projected": 19, "collected": 25, "mean_removed_ratio": 0.037970701281569506, "strict_current_topk": false, "project_active_experts": [0, 2, 3, 6, 7, 9, 11, 13, 14, 15, 16, 18, 19, 20, 21, 22]}
{"event": "split_lite_step", "task_id": 2, "batch": 2100, "projected": 19, "collected": 25, "mean_removed_ratio": 0.03344756953026119, "strict_current_topk": false, "project_active_experts": [0, 2, 3, 6, 7, 9, 11, 13, 14, 15, 16, 18, 19, 20, 21, 22]}
{"event": "split_lite_step", "task_id": 2, "batch": 2120, "projected": 19, "collected": 25, "mean_removed_ratio": 0.044057859009818026, "strict_current_topk": false, "project_active_experts": [0, 2, 3, 6, 7, 9, 11, 13, 14, 15, 16, 18, 19, 20, 21, 22]}
{"event": "split_lite_step", "task_id": 2, "batch": 2140, "projected": 19, "collected": 25, "mean_removed_ratio": 0.07052839116046303, "strict_current_topk": false, "project_active_experts": [0, 2, 3, 6, 7, 9, 11, 13, 14, 15, 16, 18, 19, 20, 21, 22]}
{"event": "split_lite_step", "task_id": 2, "batch": 2160, "projected": 19, "collected": 25, "mean_removed_ratio": 0.0313566162397987, "strict_current_topk": false, "project_active_experts": [0, 2, 3, 6, 7, 9, 11, 13, 14, 15, 16, 18, 19, 20, 21, 22]}
{"event": "split_lite_step", "task_id": 2, "batch": 2180, "projected": 19, "collected": 25, "mean_removed_ratio": 0.05889772721811345, "strict_current_topk": false, "project_active_experts": [0, 2, 3, 6, 7, 9, 11, 13, 14, 15, 16, 18, 19, 20, 21, 22]}
{"event": "split_lite_step", "task_id": 2, "batch": 2200, "projected": 19, "collected": 25, "mean_removed_ratio": 0.05079923423105165, "strict_current_topk": false, "project_active_experts": [0, 2, 3, 6, 7, 9, 11, 13, 14, 15, 16, 18, 19, 20, 21, 22]}
{"event": "split_lite_step", "task_id": 2, "batch": 2220, "projected": 19, "collected": 25, "mean_removed_ratio": 0.0354448925507696, "strict_current_topk": false, "project_active_experts": [0, 2, 3, 6, 7, 9, 11, 13, 14, 15, 16, 18, 19, 20, 21, 22]}
{"event": "split_lite_step", "task_id": 2, "batch": 2240, "projected": 19, "collected": 25, "mean_removed_ratio": 0.04116466763968531, "strict_current_topk": false, "project_active_experts": [0, 2, 3, 6, 7, 9, 11, 13, 14, 15, 16, 18, 19, 20, 21, 22]}
{"event": "split_lite_step", "task_id": 2, "batch": 2260, "projected": 19, "collected": 25, "mean_removed_ratio": 0.04374665453245765, "strict_current_topk": false, "project_active_experts": [0, 2, 3, 6, 7, 9, 11, 13, 14, 15, 16, 18, 19, 20, 21, 22]}
{"event": "split_lite_step", "task_id": 2, "batch": 2280, "projected": 19, "collected": 25, "mean_removed_ratio": 0.047852585190220884, "strict_current_topk": false, "project_active_experts": [0, 2, 3, 6, 7, 9, 11, 13, 14, 15, 16, 18, 19, 20, 21, 22]}
{"event": "split_lite_step", "task_id": 2, "batch": 2300, "projected": 19, "collected": 25, "mean_removed_ratio": 0.044702414521261266, "strict_current_topk": false, "project_active_experts": [0, 2, 3, 6, 7, 9, 11, 13, 14, 15, 16, 18, 19, 20, 21, 22]}
{"event": "split_lite_step", "task_id": 2, "batch": 2320, "projected": 19, "collected": 25, "mean_removed_ratio": 0.033517109720330486, "strict_current_topk": false, "project_active_experts": [0, 2, 3, 6, 7, 9, 11, 13, 14, 15, 16, 18, 19, 20, 21, 22]}
{"event": "split_lite_step", "task_id": 2, "batch": 2340, "projected": 19, "collected": 25, "mean_removed_ratio": 0.040702364897649536, "strict_current_topk": false, "project_active_experts": [0, 2, 3, 6, 7, 9, 11, 13, 14, 15, 16, 18, 19, 20, 21, 22]}
{"event": "split_lite_step", "task_id": 2, "batch": 2360, "projected": 19, "collected": 25, "mean_removed_ratio": 0.04084653789667707, "strict_current_topk": false, "project_active_experts": [0, 2, 3, 6, 7, 9, 11, 13, 14, 15, 16, 18, 19, 20, 21, 22]}
{"event": "split_lite_step", "task_id": 2, "batch": 2380, "projected": 19, "collected": 25, "mean_removed_ratio": 0.05546235930370657, "strict_current_topk": false, "project_active_experts": [0, 2, 3, 6, 7, 9, 11, 13, 14, 15, 16, 18, 19, 20, 21, 22]}
{"event": "split_lite_step", "task_id": 2, "batch": 2400, "projected": 19, "collected": 25, "mean_removed_ratio": 0.06390043014758512, "strict_current_topk": false, "project_active_experts": [0, 2, 3, 6, 7, 9, 11, 13, 14, 15, 16, 18, 19, 20, 21, 22]}
{"event": "split_lite_step", "task_id": 2, "batch": 2420, "projected": 19, "collected": 25, "mean_removed_ratio": 0.049858733815582174, "strict_current_topk": false, "project_active_experts": [0, 2, 3, 6, 7, 9, 11, 13, 14, 15, 16, 18, 19, 20, 21, 22]}
{"event": "split_lite_step", "task_id": 2, "batch": 2440, "projected": 19, "collected": 25, "mean_removed_ratio": 0.05969636612816861, "strict_current_topk": false, "project_active_experts": [0, 2, 3, 6, 7, 9, 11, 13, 14, 15, 16, 18, 19, 20, 21, 22]}
{"event": "split_lite_step", "task_id": 2, "batch": 2460, "projected": 19, "collected": 25, "mean_removed_ratio": 0.05679408147146827, "strict_current_topk": false, "project_active_experts": [0, 2, 3, 6, 7, 9, 11, 13, 14, 15, 16, 18, 19, 20, 21, 22]}
{"event": "split_lite_step", "task_id": 2, "batch": 2480, "projected": 19, "collected": 25, "mean_removed_ratio": 0.0697436853262939, "strict_current_topk": false, "project_active_experts": [0, 2, 3, 6, 7, 9, 11, 13, 14, 15, 16, 18, 19, 20, 21, 22]}
{"event": "split_lite_step", "task_id": 2, "batch": 2500, "projected": 19, "collected": 25, "mean_removed_ratio": 0.040489823018249715, "strict_current_topk": false, "project_active_experts": [0, 2, 3, 6, 7, 9, 11, 13, 14, 15, 16, 18, 19, 20, 21, 22]}
{"event": "split_lite_step", "task_id": 2, "batch": 2520, "projected": 19, "collected": 25, "mean_removed_ratio": 0.03618207735646712, "strict_current_topk": false, "project_active_experts": [0, 2, 3, 6, 7, 9, 11, 13, 14, 15, 16, 18, 19, 20, 21, 22]}
{"event": "split_lite_step", "task_id": 2, "batch": 2540, "projected": 19, "collected": 25, "mean_removed_ratio": 0.05153163385234381, "strict_current_topk": false, "project_active_experts": [0, 2, 3, 6, 7, 9, 11, 13, 14, 15, 16, 18, 19, 20, 21, 22]}
{"event": "split_lite_step", "task_id": 2, "batch": 2560, "projected": 19, "collected": 25, "mean_removed_ratio": 0.04103990183456948, "strict_current_topk": false, "project_active_experts": [0, 2, 3, 6, 7, 9, 11, 13, 14, 15, 16, 18, 19, 20, 21, 22]}
{"event": "split_lite_step", "task_id": 2, "batch": 2580, "projected": 19, "collected": 25, "mean_removed_ratio": 0.03077071562017265, "strict_current_topk": false, "project_active_experts": [0, 2, 3, 6, 7, 9, 11, 13, 14, 15, 16, 18, 19, 20, 21, 22]}
{"event": "split_lite_step", "task_id": 2, "batch": 2600, "projected": 19, "collected": 25, "mean_removed_ratio": 0.04244638881401012, "strict_current_topk": false, "project_active_experts": [0, 2, 3, 6, 7, 9, 11, 13, 14, 15, 16, 18, 19, 20, 21, 22]}
{"event": "split_lite_step", "task_id": 2, "batch": 2620, "projected": 19, "collected": 25, "mean_removed_ratio": 0.0571474302560091, "strict_current_topk": false, "project_active_experts": [0, 2, 3, 6, 7, 9, 11, 13, 14, 15, 16, 18, 19, 20, 21, 22]}
{"event": "split_lite_step", "task_id": 2, "batch": 2640, "projected": 19, "collected": 25, "mean_removed_ratio": 0.06451646395419773, "strict_current_topk": false, "project_active_experts": [0, 2, 3, 6, 7, 9, 11, 13, 14, 15, 16, 18, 19, 20, 21, 22]}
{"event": "split_lite_step", "task_id": 2, "batch": 2660, "projected": 19, "collected": 25, "mean_removed_ratio": 0.04654151887485856, "strict_current_topk": false, "project_active_experts": [0, 2, 3, 6, 7, 9, 11, 13, 14, 15, 16, 18, 19, 20, 21, 22]}
{"event": "split_lite_step", "task_id": 2, "batch": 2680, "projected": 19, "collected": 25, "mean_removed_ratio": 0.03860171011796123, "strict_current_topk": false, "project_active_experts": [0, 2, 3, 6, 7, 9, 11, 13, 14, 15, 16, 18, 19, 20, 21, 22]}
{"event": "split_lite_step", "task_id": 2, "batch": 2700, "projected": 19, "collected": 25, "mean_removed_ratio": 0.03924087415400304, "strict_current_topk": false, "project_active_experts": [0, 2, 3, 6, 7, 9, 11, 13, 14, 15, 16, 18, 19, 20, 21, 22]}
{"event": "split_lite_step", "task_id": 2, "batch": 2720, "projected": 19, "collected": 25, "mean_removed_ratio": 0.05258760532658351, "strict_current_topk": false, "project_active_experts": [0, 2, 3, 6, 7, 9, 11, 13, 14, 15, 16, 18, 19, 20, 21, 22]}
{"event": "split_lite_task_finish", "task_id": 2, "rank": 4, "alpha": 0.2, "interval": 20, "buffer_size": 24, "expert_threshold": 0.03, "active_topk": 16, "strict_current_topk": false, "active_experts": [0, 2, 3, 4, 6, 7, 9, 10, 11, 14, 15, 16, 19, 20, 22, 24], "usage": {"vector": [0.10057425498962402, 0.007538728415966034, 0.0668870210647583, 0.06666667014360428, 0.039877135306596756, 0.0, 0.06666667014360428, 0.03327323868870735, 0.017073985189199448, 0.05937499925494194, 0.03334001079201698, 0.06521768122911453, 0.033079594373703, 0.006463675294071436, 0.06517761945724487, 0.09967948496341705, 0.03328659012913704, 0.0313434824347496, 0.003251869697123766, 0.03815437853336334, 0.03333333507180214, 0.03308627009391785, 0.03336004167795181, 0.0, 0.03329326957464218], "top3": [0, 15, 2], "top5": [0, 15, 2, 3, 6], "top3_mass": 0.2671407461166382, "top5_mass": 0.40047407150268555, "entropy": 2.951221227645874, "max_entropy": 3.2188758248682006}, "basis_sizes": {"e_pv": {"0": 4, "2": 4, "3": 4, "4": 4, "6": 4, "7": 4, "9": 4, "10": 4, "11": 4, "14": 4, "15": 4, "16": 4, "19": 4, "20": 4, "22": 4, "24": 4}}, "stats": {"project_calls": 137, "projected_vectors": 1365, "collected_vectors": 3425, "skipped_steps": 2593}, "diagnostics": {"expert_usage_mode": "task", "previous_selected_jaccard": 0.6842105263157895, "cp_overlap": null}}
{"event": "split_lite_step", "task_id": 3, "batch": 2740, "projected": 19, "collected": 25, "mean_removed_ratio": 0.0450435094045181, "strict_current_topk": false, "project_active_experts": [0, 2, 3, 4, 6, 7, 9, 10, 11, 14, 15, 16, 19, 20, 22, 24]}
{"event": "split_lite_step", "task_id": 3, "batch": 2760, "projected": 19, "collected": 25, "mean_removed_ratio": 0.05717595392151883, "strict_current_topk": false, "project_active_experts": [0, 2, 3, 4, 6, 7, 9, 10, 11, 14, 15, 16, 19, 20, 22, 24]}
{"event": "split_lite_step", "task_id": 3, "batch": 2780, "projected": 19, "collected": 25, "mean_removed_ratio": 0.053768137665955645, "strict_current_topk": false, "project_active_experts": [0, 2, 3, 4, 6, 7, 9, 10, 11, 14, 15, 16, 19, 20, 22, 24]}
{"event": "split_lite_step", "task_id": 3, "batch": 2800, "projected": 19, "collected": 25, "mean_removed_ratio": 0.039777245666635666, "strict_current_topk": false, "project_active_experts": [0, 2, 3, 4, 6, 7, 9, 10, 11, 14, 15, 16, 19, 20, 22, 24]}
{"event": "split_lite_step", "task_id": 3, "batch": 2820, "projected": 19, "collected": 25, "mean_removed_ratio": 0.05417431498828687, "strict_current_topk": false, "project_active_experts": [0, 2, 3, 4, 6, 7, 9, 10, 11, 14, 15, 16, 19, 20, 22, 24]}
{"event": "split_lite_step", "task_id": 3, "batch": 2840, "projected": 19, "collected": 25, "mean_removed_ratio": 0.042386658881839956, "strict_current_topk": false, "project_active_experts": [0, 2, 3, 4, 6, 7, 9, 10, 11, 14, 15, 16, 19, 20, 22, 24]}
{"event": "split_lite_step", "task_id": 3, "batch": 2860, "projected": 19, "collected": 25, "mean_removed_ratio": 0.030683173773516165, "strict_current_topk": false, "project_active_experts": [0, 2, 3, 4, 6, 7, 9, 10, 11, 14, 15, 16, 19, 20, 22, 24]}
{"event": "split_lite_step", "task_id": 3, "batch": 2880, "projected": 19, "collected": 25, "mean_removed_ratio": 0.045309395039160004, "strict_current_topk": false, "project_active_experts": [0, 2, 3, 4, 6, 7, 9, 10, 11, 14, 15, 16, 19, 20, 22, 24]}
{"event": "split_lite_step", "task_id": 3, "batch": 2900, "projected": 19, "collected": 25, "mean_removed_ratio": 0.030144247140637355, "strict_current_topk": false, "project_active_experts": [0, 2, 3, 4, 6, 7, 9, 10, 11, 14, 15, 16, 19, 20, 22, 24]}
{"event": "split_lite_step", "task_id": 3, "batch": 2920, "projected": 19, "collected": 25, "mean_removed_ratio": 0.04723717144837505, "strict_current_topk": false, "project_active_experts": [0, 2, 3, 4, 6, 7, 9, 10, 11, 14, 15, 16, 19, 20, 22, 24]}
{"event": "split_lite_step", "task_id": 3, "batch": 2940, "projected": 19, "collected": 25, "mean_removed_ratio": 0.04712409457485927, "strict_current_topk": false, "project_active_experts": [0, 2, 3, 4, 6, 7, 9, 10, 11, 14, 15, 16, 19, 20, 22, 24]}
{"event": "split_lite_step", "task_id": 3, "batch": 2960, "projected": 19, "collected": 25, "mean_removed_ratio": 0.07169024675692383, "strict_current_topk": false, "project_active_experts": [0, 2, 3, 4, 6, 7, 9, 10, 11, 14, 15, 16, 19, 20, 22, 24]}
{"event": "split_lite_step", "task_id": 3, "batch": 2980, "projected": 19, "collected": 25, "mean_removed_ratio": 0.034383720301679875, "strict_current_topk": false, "project_active_experts": [0, 2, 3, 4, 6, 7, 9, 10, 11, 14, 15, 16, 19, 20, 22, 24]}
{"event": "split_lite_step", "task_id": 3, "batch": 3000, "projected": 19, "collected": 25, "mean_removed_ratio": 0.04500612577325419, "strict_current_topk": false, "project_active_experts": [0, 2, 3, 4, 6, 7, 9, 10, 11, 14, 15, 16, 19, 20, 22, 24]}
{"event": "split_lite_step", "task_id": 3, "batch": 3020, "projected": 19, "collected": 25, "mean_removed_ratio": 0.05612474527994269, "strict_current_topk": false, "project_active_experts": [0, 2, 3, 4, 6, 7, 9, 10, 11, 14, 15, 16, 19, 20, 22, 24]}
{"event": "split_lite_step", "task_id": 3, "batch": 3040, "projected": 19, "collected": 25, "mean_removed_ratio": 0.06391872789122556, "strict_current_topk": false, "project_active_experts": [0, 2, 3, 4, 6, 7, 9, 10, 11, 14, 15, 16, 19, 20, 22, 24]}
{"event": "split_lite_step", "task_id": 3, "batch": 3060, "projected": 19, "collected": 25, "mean_removed_ratio": 0.052131294812026774, "strict_current_topk": false, "project_active_experts": [0, 2, 3, 4, 6, 7, 9, 10, 11, 14, 15, 16, 19, 20, 22, 24]}
{"event": "split_lite_step", "task_id": 3, "batch": 3080, "projected": 19, "collected": 25, "mean_removed_ratio": 0.05177858417951747, "strict_current_topk": false, "project_active_experts": [0, 2, 3, 4, 6, 7, 9, 10, 11, 14, 15, 16, 19, 20, 22, 24]}
{"event": "split_lite_step", "task_id": 3, "batch": 3100, "projected": 19, "collected": 25, "mean_removed_ratio": 0.05592759656964948, "strict_current_topk": false, "project_active_experts": [0, 2, 3, 4, 6, 7, 9, 10, 11, 14, 15, 16, 19, 20, 22, 24]}
{"event": "split_lite_step", "task_id": 3, "batch": 3120, "projected": 19, "collected": 25, "mean_removed_ratio": 0.045661027543246746, "strict_current_topk": false, "project_active_experts": [0, 2, 3, 4, 6, 7, 9, 10, 11, 14, 15, 16, 19, 20, 22, 24]}
{"event": "split_lite_step", "task_id": 3, "batch": 3140, "projected": 19, "collected": 25, "mean_removed_ratio": 0.07385482712599792, "strict_current_topk": false, "project_active_experts": [0, 2, 3, 4, 6, 7, 9, 10, 11, 14, 15, 16, 19, 20, 22, 24]}
{"event": "split_lite_step", "task_id": 3, "batch": 3160, "projected": 19, "collected": 25, "mean_removed_ratio": 0.053209054675933565, "strict_current_topk": false, "project_active_experts": [0, 2, 3, 4, 6, 7, 9, 10, 11, 14, 15, 16, 19, 20, 22, 24]}
{"event": "split_lite_step", "task_id": 3, "batch": 3180, "projected": 19, "collected": 25, "mean_removed_ratio": 0.03710939578319851, "strict_current_topk": false, "project_active_experts": [0, 2, 3, 4, 6, 7, 9, 10, 11, 14, 15, 16, 19, 20, 22, 24]}
{"event": "split_lite_step", "task_id": 3, "batch": 3200, "projected": 19, "collected": 25, "mean_removed_ratio": 0.04598392068261379, "strict_current_topk": false, "project_active_experts": [0, 2, 3, 4, 6, 7, 9, 10, 11, 14, 15, 16, 19, 20, 22, 24]}
{"event": "split_lite_step", "task_id": 3, "batch": 3220, "projected": 19, "collected": 25, "mean_removed_ratio": 0.047154864198283145, "strict_current_topk": false, "project_active_experts": [0, 2, 3, 4, 6, 7, 9, 10, 11, 14, 15, 16, 19, 20, 22, 24]}
{"event": "split_lite_step", "task_id": 3, "batch": 3240, "projected": 19, "collected": 25, "mean_removed_ratio": 0.03162085605589183, "strict_current_topk": false, "project_active_experts": [0, 2, 3, 4, 6, 7, 9, 10, 11, 14, 15, 16, 19, 20, 22, 24]}
{"event": "split_lite_step", "task_id": 3, "batch": 3260, "projected": 19, "collected": 25, "mean_removed_ratio": 0.06659022762783263, "strict_current_topk": false, "project_active_experts": [0, 2, 3, 4, 6, 7, 9, 10, 11, 14, 15, 16, 19, 20, 22, 24]}
{"event": "split_lite_step", "task_id": 3, "batch": 3280, "projected": 19, "collected": 25, "mean_removed_ratio": 0.055034551843020474, "strict_current_topk": false, "project_active_experts": [0, 2, 3, 4, 6, 7, 9, 10, 11, 14, 15, 16, 19, 20, 22, 24]}
{"event": "split_lite_step", "task_id": 3, "batch": 3300, "projected": 19, "collected": 25, "mean_removed_ratio": 0.060674232920925865, "strict_current_topk": false, "project_active_experts": [0, 2, 3, 4, 6, 7, 9, 10, 11, 14, 15, 16, 19, 20, 22, 24]}
{"event": "split_lite_step", "task_id": 3, "batch": 3320, "projected": 19, "collected": 25, "mean_removed_ratio": 0.065729280394551, "strict_current_topk": false, "project_active_experts": [0, 2, 3, 4, 6, 7, 9, 10, 11, 14, 15, 16, 19, 20, 22, 24]}
{"event": "split_lite_step", "task_id": 3, "batch": 3340, "projected": 19, "collected": 25, "mean_removed_ratio": 0.034549901139383256, "strict_current_topk": false, "project_active_experts": [0, 2, 3, 4, 6, 7, 9, 10, 11, 14, 15, 16, 19, 20, 22, 24]}
{"event": "split_lite_step", "task_id": 3, "batch": 3360, "projected": 19, "collected": 25, "mean_removed_ratio": 0.04705238028576499, "strict_current_topk": false, "project_active_experts": [0, 2, 3, 4, 6, 7, 9, 10, 11, 14, 15, 16, 19, 20, 22, 24]}
{"event": "split_lite_step", "task_id": 3, "batch": 3380, "projected": 19, "collected": 25, "mean_removed_ratio": 0.05011089695127387, "strict_current_topk": false, "project_active_experts": [0, 2, 3, 4, 6, 7, 9, 10, 11, 14, 15, 16, 19, 20, 22, 24]}
{"event": "split_lite_step", "task_id": 3, "batch": 3400, "projected": 19, "collected": 25, "mean_removed_ratio": 0.05207284539937973, "strict_current_topk": false, "project_active_experts": [0, 2, 3, 4, 6, 7, 9, 10, 11, 14, 15, 16, 19, 20, 22, 24]}
{"event": "split_lite_step", "task_id": 3, "batch": 3420, "projected": 19, "collected": 25, "mean_removed_ratio": 0.03278222155610198, "strict_current_topk": false, "project_active_experts": [0, 2, 3, 4, 6, 7, 9, 10, 11, 14, 15, 16, 19, 20, 22, 24]}
{"event": "split_lite_step", "task_id": 3, "batch": 3440, "projected": 19, "collected": 25, "mean_removed_ratio": 0.04063558465752162, "strict_current_topk": false, "project_active_experts": [0, 2, 3, 4, 6, 7, 9, 10, 11, 14, 15, 16, 19, 20, 22, 24]}
{"event": "split_lite_step", "task_id": 3, "batch": 3460, "projected": 19, "collected": 25, "mean_removed_ratio": 0.06294604253612067, "strict_current_topk": false, "project_active_experts": [0, 2, 3, 4, 6, 7, 9, 10, 11, 14, 15, 16, 19, 20, 22, 24]}
{"event": "split_lite_step", "task_id": 3, "batch": 3480, "projected": 19, "collected": 25, "mean_removed_ratio": 0.03681302560787452, "strict_current_topk": false, "project_active_experts": [0, 2, 3, 4, 6, 7, 9, 10, 11, 14, 15, 16, 19, 20, 22, 24]}
{"event": "split_lite_step", "task_id": 3, "batch": 3500, "projected": 19, "collected": 25, "mean_removed_ratio": 0.06486014281644632, "strict_current_topk": false, "project_active_experts": [0, 2, 3, 4, 6, 7, 9, 10, 11, 14, 15, 16, 19, 20, 22, 24]}
{"event": "split_lite_task_finish", "task_id": 3, "rank": 4, "alpha": 0.2, "interval": 20, "buffer_size": 24, "expert_threshold": 0.03, "active_topk": 16, "strict_current_topk": false, "active_experts": [0, 2, 3, 4, 6, 7, 9, 10, 11, 14, 15, 19, 20, 21, 22, 24], "usage": {"vector": [0.09974625706672668, 0.0, 0.09311565011739731, 0.06666667014360428, 0.03865518048405647, 0.0, 0.06664663553237915, 0.027036592364311218, 0.0069377669133245945, 0.06666667014360428, 0.03780047968029976, 0.041940439492464066, 0.013982371427118778, 0.0, 0.05305822566151619, 0.09513889253139496, 0.008099625818431377, 0.019778311252593994, 0.001228632521815598, 0.034408386796712875, 0.03333333507180214, 0.03923610970377922, 0.028612446039915085, 0.0, 0.12791132926940918], "top3": [24, 0, 15], "top5": [24, 0, 15, 2, 9], "top3_mass": 0.32279646396636963, "top5_mass": 0.4825787842273712, "entropy": 2.792463541030884, "max_entropy": 3.2188758248682006}, "basis_sizes": {"e_pv": {"0": 4, "2": 4, "3": 4, "4": 4, "6": 4, "7": 4, "9": 4, "10": 4, "11": 4, "14": 4, "15": 4, "19": 4, "20": 4, "21": 4, "22": 4, "24": 4}}, "stats": {"project_calls": 176, "projected_vectors": 2106, "collected_vectors": 4400, "skipped_steps": 3334}, "diagnostics": {"expert_usage_mode": "task", "previous_selected_jaccard": 0.8823529411764706, "cp_overlap": null}}
{"event": "split_lite_step", "task_id": 4, "batch": 3520, "projected": 19, "collected": 25, "mean_removed_ratio": 0.06516242576272864, "strict_current_topk": false, "project_active_experts": [0, 2, 3, 4, 6, 7, 9, 10, 11, 14, 15, 19, 20, 21, 22, 24]}
{"event": "split_lite_step", "task_id": 4, "batch": 3540, "projected": 19, "collected": 25, "mean_removed_ratio": 0.06669824413563076, "strict_current_topk": false, "project_active_experts": [0, 2, 3, 4, 6, 7, 9, 10, 11, 14, 15, 19, 20, 21, 22, 24]}
{"event": "split_lite_step", "task_id": 4, "batch": 3560, "projected": 19, "collected": 25, "mean_removed_ratio": 0.05916964723483512, "strict_current_topk": false, "project_active_experts": [0, 2, 3, 4, 6, 7, 9, 10, 11, 14, 15, 19, 20, 21, 22, 24]}
{"event": "split_lite_step", "task_id": 4, "batch": 3580, "projected": 19, "collected": 25, "mean_removed_ratio": 0.05939345748016709, "strict_current_topk": false, "project_active_experts": [0, 2, 3, 4, 6, 7, 9, 10, 11, 14, 15, 19, 20, 21, 22, 24]}
{"event": "split_lite_step", "task_id": 4, "batch": 3600, "projected": 19, "collected": 25, "mean_removed_ratio": 0.06728611690433402, "strict_current_topk": false, "project_active_experts": [0, 2, 3, 4, 6, 7, 9, 10, 11, 14, 15, 19, 20, 21, 22, 24]}
{"event": "split_lite_step", "task_id": 4, "batch": 3620, "projected": 19, "collected": 25, "mean_removed_ratio": 0.03724043193812433, "strict_current_topk": false, "project_active_experts": [0, 2, 3, 4, 6, 7, 9, 10, 11, 14, 15, 19, 20, 21, 22, 24]}
{"event": "split_lite_step", "task_id": 4, "batch": 3640, "projected": 19, "collected": 25, "mean_removed_ratio": 0.03454882979981209, "strict_current_topk": false, "project_active_experts": [0, 2, 3, 4, 6, 7, 9, 10, 11, 14, 15, 19, 20, 21, 22, 24]}
{"event": "split_lite_step", "task_id": 4, "batch": 3660, "projected": 19, "collected": 25, "mean_removed_ratio": 0.05680869754992033, "strict_current_topk": false, "project_active_experts": [0, 2, 3, 4, 6, 7, 9, 10, 11, 14, 15, 19, 20, 21, 22, 24]}
{"event": "split_lite_step", "task_id": 4, "batch": 3680, "projected": 19, "collected": 25, "mean_removed_ratio": 0.07883027362588205, "strict_current_topk": false, "project_active_experts": [0, 2, 3, 4, 6, 7, 9, 10, 11, 14, 15, 19, 20, 21, 22, 24]}
{"event": "split_lite_step", "task_id": 4, "batch": 3700, "projected": 19, "collected": 25, "mean_removed_ratio": 0.05863806066152297, "strict_current_topk": false, "project_active_experts": [0, 2, 3, 4, 6, 7, 9, 10, 11, 14, 15, 19, 20, 21, 22, 24]}
{"event": "split_lite_step", "task_id": 4, "batch": 3720, "projected": 19, "collected": 25, "mean_removed_ratio": 0.0498210059380845, "strict_current_topk": false, "project_active_experts": [0, 2, 3, 4, 6, 7, 9, 10, 11, 14, 15, 19, 20, 21, 22, 24]}
{"event": "split_lite_step", "task_id": 4, "batch": 3740, "projected": 19, "collected": 25, "mean_removed_ratio": 0.03583645178495269, "strict_current_topk": false, "project_active_experts": [0, 2, 3, 4, 6, 7, 9, 10, 11, 14, 15, 19, 20, 21, 22, 24]}
{"event": "split_lite_step", "task_id": 4, "batch": 3760, "projected": 19, "collected": 25, "mean_removed_ratio": 0.05447928019260105, "strict_current_topk": false, "project_active_experts": [0, 2, 3, 4, 6, 7, 9, 10, 11, 14, 15, 19, 20, 21, 22, 24]}
{"event": "split_lite_step", "task_id": 4, "batch": 3780, "projected": 19, "collected": 25, "mean_removed_ratio": 0.045642983560499395, "strict_current_topk": false, "project_active_experts": [0, 2, 3, 4, 6, 7, 9, 10, 11, 14, 15, 19, 20, 21, 22, 24]}
{"event": "split_lite_step", "task_id": 4, "batch": 3800, "projected": 19, "collected": 25, "mean_removed_ratio": 0.04637825283172883, "strict_current_topk": false, "project_active_experts": [0, 2, 3, 4, 6, 7, 9, 10, 11, 14, 15, 19, 20, 21, 22, 24]}
{"event": "split_lite_step", "task_id": 4, "batch": 3820, "projected": 19, "collected": 25, "mean_removed_ratio": 0.04224970819134461, "strict_current_topk": false, "project_active_experts": [0, 2, 3, 4, 6, 7, 9, 10, 11, 14, 15, 19, 20, 21, 22, 24]}
{"event": "split_lite_step", "task_id": 4, "batch": 3840, "projected": 19, "collected": 25, "mean_removed_ratio": 0.05521973467579013, "strict_current_topk": false, "project_active_experts": [0, 2, 3, 4, 6, 7, 9, 10, 11, 14, 15, 19, 20, 21, 22, 24]}
{"event": "split_lite_step", "task_id": 4, "batch": 3860, "projected": 19, "collected": 25, "mean_removed_ratio": 0.039376834750567614, "strict_current_topk": false, "project_active_experts": [0, 2, 3, 4, 6, 7, 9, 10, 11, 14, 15, 19, 20, 21, 22, 24]}
{"event": "split_lite_step", "task_id": 4, "batch": 3880, "projected": 19, "collected": 25, "mean_removed_ratio": 0.0441916127149996, "strict_current_topk": false, "project_active_experts": [0, 2, 3, 4, 6, 7, 9, 10, 11, 14, 15, 19, 20, 21, 22, 24]}
{"event": "split_lite_step", "task_id": 4, "batch": 3900, "projected": 19, "collected": 25, "mean_removed_ratio": 0.04660925636754224, "strict_current_topk": false, "project_active_experts": [0, 2, 3, 4, 6, 7, 9, 10, 11, 14, 15, 19, 20, 21, 22, 24]}
{"event": "split_lite_step", "task_id": 4, "batch": 3920, "projected": 19, "collected": 25, "mean_removed_ratio": 0.04191168250614091, "strict_current_topk": false, "project_active_experts": [0, 2, 3, 4, 6, 7, 9, 10, 11, 14, 15, 19, 20, 21, 22, 24]}
{"event": "split_lite_step", "task_id": 4, "batch": 3940, "projected": 19, "collected": 25, "mean_removed_ratio": 0.029274036519621547, "strict_current_topk": false, "project_active_experts": [0, 2, 3, 4, 6, 7, 9, 10, 11, 14, 15, 19, 20, 21, 22, 24]}
{"event": "split_lite_step", "task_id": 4, "batch": 3960, "projected": 19, "collected": 25, "mean_removed_ratio": 0.036604093485756925, "strict_current_topk": false, "project_active_experts": [0, 2, 3, 4, 6, 7, 9, 10, 11, 14, 15, 19, 20, 21, 22, 24]}
{"event": "split_lite_step", "task_id": 4, "batch": 3980, "projected": 19, "collected": 25, "mean_removed_ratio": 0.029104278618960006, "strict_current_topk": false, "project_active_experts": [0, 2, 3, 4, 6, 7, 9, 10, 11, 14, 15, 19, 20, 21, 22, 24]}
{"event": "split_lite_step", "task_id": 4, "batch": 4000, "projected": 19, "collected": 25, "mean_removed_ratio": 0.07901004574408657, "strict_current_topk": false, "project_active_experts": [0, 2, 3, 4, 6, 7, 9, 10, 11, 14, 15, 19, 20, 21, 22, 24]}
{"event": "split_lite_step", "task_id": 4, "batch": 4020, "projected": 19, "collected": 25, "mean_removed_ratio": 0.03807697942676513, "strict_current_topk": false, "project_active_experts": [0, 2, 3, 4, 6, 7, 9, 10, 11, 14, 15, 19, 20, 21, 22, 24]}
{"event": "split_lite_step", "task_id": 4, "batch": 4040, "projected": 19, "collected": 25, "mean_removed_ratio": 0.04099358196713423, "strict_current_topk": false, "project_active_experts": [0, 2, 3, 4, 6, 7, 9, 10, 11, 14, 15, 19, 20, 21, 22, 24]}
{"event": "split_lite_step", "task_id": 4, "batch": 4060, "projected": 19, "collected": 25, "mean_removed_ratio": 0.04020810166471883, "strict_current_topk": false, "project_active_experts": [0, 2, 3, 4, 6, 7, 9, 10, 11, 14, 15, 19, 20, 21, 22, 24]}
{"event": "split_lite_step", "task_id": 4, "batch": 4080, "projected": 19, "collected": 25, "mean_removed_ratio": 0.045861195772886276, "strict_current_topk": false, "project_active_experts": [0, 2, 3, 4, 6, 7, 9, 10, 11, 14, 15, 19, 20, 21, 22, 24]}
{"event": "split_lite_step", "task_id": 4, "batch": 4100, "projected": 19, "collected": 25, "mean_removed_ratio": 0.03270146503162227, "strict_current_topk": false, "project_active_experts": [0, 2, 3, 4, 6, 7, 9, 10, 11, 14, 15, 19, 20, 21, 22, 24]}
{"event": "split_lite_step", "task_id": 4, "batch": 4120, "projected": 19, "collected": 25, "mean_removed_ratio": 0.03858338134657396, "strict_current_topk": false, "project_active_experts": [0, 2, 3, 4, 6, 7, 9, 10, 11, 14, 15, 19, 20, 21, 22, 24]}
{"event": "split_lite_step", "task_id": 4, "batch": 4140, "projected": 19, "collected": 25, "mean_removed_ratio": 0.048738193257074604, "strict_current_topk": false, "project_active_experts": [0, 2, 3, 4, 6, 7, 9, 10, 11, 14, 15, 19, 20, 21, 22, 24]}
{"event": "split_lite_step", "task_id": 4, "batch": 4160, "projected": 19, "collected": 25, "mean_removed_ratio": 0.04932931746895376, "strict_current_topk": false, "project_active_experts": [0, 2, 3, 4, 6, 7, 9, 10, 11, 14, 15, 19, 20, 21, 22, 24]}
{"event": "split_lite_step", "task_id": 4, "batch": 4180, "projected": 19, "collected": 25, "mean_removed_ratio": 0.0391122220378173, "strict_current_topk": false, "project_active_experts": [0, 2, 3, 4, 6, 7, 9, 10, 11, 14, 15, 19, 20, 21, 22, 24]}
{"event": "split_lite_step", "task_id": 4, "batch": 4200, "projected": 19, "collected": 25, "mean_removed_ratio": 0.07478195281797334, "strict_current_topk": false, "project_active_experts": [0, 2, 3, 4, 6, 7, 9, 10, 11, 14, 15, 19, 20, 21, 22, 24]}
{"event": "split_lite_step", "task_id": 4, "batch": 4220, "projected": 19, "collected": 25, "mean_removed_ratio": 0.04060841846818987, "strict_current_topk": false, "project_active_experts": [0, 2, 3, 4, 6, 7, 9, 10, 11, 14, 15, 19, 20, 21, 22, 24]}
{"event": "split_lite_step", "task_id": 4, "batch": 4240, "projected": 19, "collected": 25, "mean_removed_ratio": 0.04974869800437438, "strict_current_topk": false, "project_active_experts": [0, 2, 3, 4, 6, 7, 9, 10, 11, 14, 15, 19, 20, 21, 22, 24]}
{"event": "split_lite_step", "task_id": 4, "batch": 4260, "projected": 19, "collected": 25, "mean_removed_ratio": 0.03228819397229113, "strict_current_topk": false, "project_active_experts": [0, 2, 3, 4, 6, 7, 9, 10, 11, 14, 15, 19, 20, 21, 22, 24]}
{"event": "split_lite_step", "task_id": 4, "batch": 4280, "projected": 19, "collected": 25, "mean_removed_ratio": 0.03090890558240445, "strict_current_topk": false, "project_active_experts": [0, 2, 3, 4, 6, 7, 9, 10, 11, 14, 15, 19, 20, 21, 22, 24]}
{"event": "split_lite_task_finish", "task_id": 4, "rank": 4, "alpha": 0.2, "interval": 20, "buffer_size": 24, "expert_threshold": 0.03, "active_topk": 16, "strict_current_topk": false, "active_experts": [0, 2, 3, 4, 6, 9, 10, 11, 12, 14, 15, 19, 20, 21, 22, 24], "usage": {"vector": [0.10000000149011612, 4.006410381407477e-05, 0.09983974695205688, 0.06666667014360428, 0.055088140070438385, 0.0029113248456269503, 0.06651309132575989, 0.001268696621991694, 6.677350484096678e-06, 0.06607905775308609, 0.014349626377224922, 0.061298076063394547, 0.04707532003521919, 0.0, 0.06223958358168602, 0.09692174196243286, 0.006503739394247532, 0.0027911325450986624, 0.008827457204461098, 0.03810763731598854, 0.033366721123456955, 0.03355368599295616, 0.019524572417140007, 0.0, 0.11702724546194077], "top3": [24, 0, 2], "top5": [24, 0, 2, 15, 3], "top3_mass": 0.31686699390411377, "top5_mass": 0.4804553985595703, "entropy": 2.731917142868042, "max_entropy": 3.2188758248682006}, "basis_sizes": {"e_pv": {"0": 4, "2": 4, "3": 4, "4": 4, "6": 4, "9": 4, "10": 4, "11": 4, "12": 4, "14": 4, "15": 4, "19": 4, "20": 4, "21": 4, "22": 4, "24": 4}}, "stats": {"project_calls": 215, "projected_vectors": 2847, "collected_vectors": 5375, "skipped_steps": 4075}, "diagnostics": {"expert_usage_mode": "task", "previous_selected_jaccard": 0.8823529411764706, "cp_overlap": null}}
{"event": "split_lite_step", "task_id": 5, "batch": 4300, "projected": 20, "collected": 25, "mean_removed_ratio": 0.07429266069084406, "strict_current_topk": false, "project_active_experts": [0, 2, 3, 4, 6, 9, 10, 11, 12, 14, 15, 19, 20, 21, 22, 24]}
{"event": "split_lite_step", "task_id": 5, "batch": 4320, "projected": 20, "collected": 25, "mean_removed_ratio": 0.06096137138083577, "strict_current_topk": false, "project_active_experts": [0, 2, 3, 4, 6, 9, 10, 11, 12, 14, 15, 19, 20, 21, 22, 24]}
{"event": "split_lite_step", "task_id": 5, "batch": 4340, "projected": 20, "collected": 25, "mean_removed_ratio": 0.06723164105787874, "strict_current_topk": false, "project_active_experts": [0, 2, 3, 4, 6, 9, 10, 11, 12, 14, 15, 19, 20, 21, 22, 24]}
{"event": "split_lite_step", "task_id": 5, "batch": 4360, "projected": 20, "collected": 25, "mean_removed_ratio": 0.06556189083494246, "strict_current_topk": false, "project_active_experts": [0, 2, 3, 4, 6, 9, 10, 11, 12, 14, 15, 19, 20, 21, 22, 24]}
{"event": "split_lite_step", "task_id": 5, "batch": 4380, "projected": 20, "collected": 25, "mean_removed_ratio": 0.06265862146392465, "strict_current_topk": false, "project_active_experts": [0, 2, 3, 4, 6, 9, 10, 11, 12, 14, 15, 19, 20, 21, 22, 24]}
{"event": "split_lite_step", "task_id": 5, "batch": 4400, "projected": 20, "collected": 25, "mean_removed_ratio": 0.03264783620834351, "strict_current_topk": false, "project_active_experts": [0, 2, 3, 4, 6, 9, 10, 11, 12, 14, 15, 19, 20, 21, 22, 24]}
{"event": "split_lite_step", "task_id": 5, "batch": 4420, "projected": 20, "collected": 25, "mean_removed_ratio": 0.030060973856598137, "strict_current_topk": false, "project_active_experts": [0, 2, 3, 4, 6, 9, 10, 11, 12, 14, 15, 19, 20, 21, 22, 24]}
{"event": "split_lite_step", "task_id": 5, "batch": 4440, "projected": 20, "collected": 25, "mean_removed_ratio": 0.06305385436862707, "strict_current_topk": false, "project_active_experts": [0, 2, 3, 4, 6, 9, 10, 11, 12, 14, 15, 19, 20, 21, 22, 24]}
{"event": "split_lite_step", "task_id": 5, "batch": 4460, "projected": 20, "collected": 25, "mean_removed_ratio": 0.04304847619496286, "strict_current_topk": false, "project_active_experts": [0, 2, 3, 4, 6, 9, 10, 11, 12, 14, 15, 19, 20, 21, 22, 24]}
{"event": "split_lite_step", "task_id": 5, "batch": 4480, "projected": 20, "collected": 25, "mean_removed_ratio": 0.039258097670972346, "strict_current_topk": false, "project_active_experts": [0, 2, 3, 4, 6, 9, 10, 11, 12, 14, 15, 19, 20, 21, 22, 24]}
{"event": "split_lite_step", "task_id": 5, "batch": 4500, "projected": 20, "collected": 25, "mean_removed_ratio": 0.05413977345451713, "strict_current_topk": false, "project_active_experts": [0, 2, 3, 4, 6, 9, 10, 11, 12, 14, 15, 19, 20, 21, 22, 24]}
{"event": "split_lite_step", "task_id": 5, "batch": 4520, "projected": 20, "collected": 25, "mean_removed_ratio": 0.04604438235983253, "strict_current_topk": false, "project_active_experts": [0, 2, 3, 4, 6, 9, 10, 11, 12, 14, 15, 19, 20, 21, 22, 24]}
{"event": "split_lite_step", "task_id": 5, "batch": 4540, "projected": 20, "collected": 25, "mean_removed_ratio": 0.047949033044278624, "strict_current_topk": false, "project_active_experts": [0, 2, 3, 4, 6, 9, 10, 11, 12, 14, 15, 19, 20, 21, 22, 24]}
{"event": "split_lite_step", "task_id": 5, "batch": 4560, "projected": 20, "collected": 25, "mean_removed_ratio": 0.03818692145869136, "strict_current_topk": false, "project_active_experts": [0, 2, 3, 4, 6, 9, 10, 11, 12, 14, 15, 19, 20, 21, 22, 24]}
{"event": "split_lite_step", "task_id": 5, "batch": 4580, "projected": 20, "collected": 25, "mean_removed_ratio": 0.04477470275014639, "strict_current_topk": false, "project_active_experts": [0, 2, 3, 4, 6, 9, 10, 11, 12, 14, 15, 19, 20, 21, 22, 24]}
{"event": "split_lite_step", "task_id": 5, "batch": 4600, "projected": 20, "collected": 25, "mean_removed_ratio": 0.03655870147049427, "strict_current_topk": false, "project_active_experts": [0, 2, 3, 4, 6, 9, 10, 11, 12, 14, 15, 19, 20, 21, 22, 24]}
{"event": "split_lite_step", "task_id": 5, "batch": 4620, "projected": 20, "collected": 25, "mean_removed_ratio": 0.03476710966788232, "strict_current_topk": false, "project_active_experts": [0, 2, 3, 4, 6, 9, 10, 11, 12, 14, 15, 19, 20, 21, 22, 24]}
{"event": "split_lite_step", "task_id": 5, "batch": 4640, "projected": 20, "collected": 25, "mean_removed_ratio": 0.05433643534779549, "strict_current_topk": false, "project_active_experts": [0, 2, 3, 4, 6, 9, 10, 11, 12, 14, 15, 19, 20, 21, 22, 24]}
{"event": "split_lite_step", "task_id": 5, "batch": 4660, "projected": 20, "collected": 25, "mean_removed_ratio": 0.042701415438205007, "strict_current_topk": false, "project_active_experts": [0, 2, 3, 4, 6, 9, 10, 11, 12, 14, 15, 19, 20, 21, 22, 24]}
{"event": "split_lite_step", "task_id": 5, "batch": 4680, "projected": 20, "collected": 25, "mean_removed_ratio": 0.04678887790068984, "strict_current_topk": false, "project_active_experts": [0, 2, 3, 4, 6, 9, 10, 11, 12, 14, 15, 19, 20, 21, 22, 24]}
{"event": "split_lite_step", "task_id": 5, "batch": 4700, "projected": 20, "collected": 25, "mean_removed_ratio": 0.0473175355233252, "strict_current_topk": false, "project_active_experts": [0, 2, 3, 4, 6, 9, 10, 11, 12, 14, 15, 19, 20, 21, 22, 24]}
{"event": "split_lite_step", "task_id": 5, "batch": 4720, "projected": 20, "collected": 25, "mean_removed_ratio": 0.042852917313575746, "strict_current_topk": false, "project_active_experts": [0, 2, 3, 4, 6, 9, 10, 11, 12, 14, 15, 19, 20, 21, 22, 24]}
{"event": "split_lite_step", "task_id": 5, "batch": 4740, "projected": 20, "collected": 25, "mean_removed_ratio": 0.0352252809330821, "strict_current_topk": false, "project_active_experts": [0, 2, 3, 4, 6, 9, 10, 11, 12, 14, 15, 19, 20, 21, 22, 24]}
{"event": "split_lite_step", "task_id": 5, "batch": 4760, "projected": 20, "collected": 25, "mean_removed_ratio": 0.028852224256843327, "strict_current_topk": false, "project_active_experts": [0, 2, 3, 4, 6, 9, 10, 11, 12, 14, 15, 19, 20, 21, 22, 24]}
{"event": "split_lite_step", "task_id": 5, "batch": 4780, "projected": 20, "collected": 25, "mean_removed_ratio": 0.042995719239115715, "strict_current_topk": false, "project_active_experts": [0, 2, 3, 4, 6, 9, 10, 11, 12, 14, 15, 19, 20, 21, 22, 24]}
{"event": "split_lite_step", "task_id": 5, "batch": 4800, "projected": 20, "collected": 25, "mean_removed_ratio": 0.04322119350545108, "strict_current_topk": false, "project_active_experts": [0, 2, 3, 4, 6, 9, 10, 11, 12, 14, 15, 19, 20, 21, 22, 24]}
{"event": "split_lite_step", "task_id": 5, "batch": 4820, "projected": 20, "collected": 25, "mean_removed_ratio": 0.037712196633219716, "strict_current_topk": false, "project_active_experts": [0, 2, 3, 4, 6, 9, 10, 11, 12, 14, 15, 19, 20, 21, 22, 24]}
{"event": "split_lite_step", "task_id": 5, "batch": 4840, "projected": 20, "collected": 25, "mean_removed_ratio": 0.04134508818387985, "strict_current_topk": false, "project_active_experts": [0, 2, 3, 4, 6, 9, 10, 11, 12, 14, 15, 19, 20, 21, 22, 24]}
{"event": "split_lite_step", "task_id": 5, "batch": 4860, "projected": 20, "collected": 25, "mean_removed_ratio": 0.04068338619545102, "strict_current_topk": false, "project_active_experts": [0, 2, 3, 4, 6, 9, 10, 11, 12, 14, 15, 19, 20, 21, 22, 24]}
{"event": "split_lite_step", "task_id": 5, "batch": 4880, "projected": 20, "collected": 25, "mean_removed_ratio": 0.03559950408525765, "strict_current_topk": false, "project_active_experts": [0, 2, 3, 4, 6, 9, 10, 11, 12, 14, 15, 19, 20, 21, 22, 24]}
{"event": "split_lite_step", "task_id": 5, "batch": 4900, "projected": 20, "collected": 25, "mean_removed_ratio": 0.03476427579298615, "strict_current_topk": false, "project_active_experts": [0, 2, 3, 4, 6, 9, 10, 11, 12, 14, 15, 19, 20, 21, 22, 24]}
{"event": "split_lite_step", "task_id": 5, "batch": 4920, "projected": 20, "collected": 25, "mean_removed_ratio": 0.0358814190607518, "strict_current_topk": false, "project_active_experts": [0, 2, 3, 4, 6, 9, 10, 11, 12, 14, 15, 19, 20, 21, 22, 24]}
{"event": "split_lite_step", "task_id": 5, "batch": 4940, "projected": 20, "collected": 25, "mean_removed_ratio": 0.03728150948882103, "strict_current_topk": false, "project_active_experts": [0, 2, 3, 4, 6, 9, 10, 11, 12, 14, 15, 19, 20, 21, 22, 24]}
{"event": "split_lite_step", "task_id": 5, "batch": 4960, "projected": 20, "collected": 25, "mean_removed_ratio": 0.05207249028608203, "strict_current_topk": false, "project_active_experts": [0, 2, 3, 4, 6, 9, 10, 11, 12, 14, 15, 19, 20, 21, 22, 24]}
{"event": "split_lite_step", "task_id": 5, "batch": 4980, "projected": 20, "collected": 25, "mean_removed_ratio": 0.045021142438054086, "strict_current_topk": false, "project_active_experts": [0, 2, 3, 4, 6, 9, 10, 11, 12, 14, 15, 19, 20, 21, 22, 24]}
{"event": "split_lite_step", "task_id": 5, "batch": 5000, "projected": 20, "collected": 25, "mean_removed_ratio": 0.05430756662972271, "strict_current_topk": false, "project_active_experts": [0, 2, 3, 4, 6, 9, 10, 11, 12, 14, 15, 19, 20, 21, 22, 24]}
{"event": "split_lite_step", "task_id": 5, "batch": 5020, "projected": 20, "collected": 25, "mean_removed_ratio": 0.04222482396289706, "strict_current_topk": false, "project_active_experts": [0, 2, 3, 4, 6, 9, 10, 11, 12, 14, 15, 19, 20, 21, 22, 24]}
{"event": "split_lite_step", "task_id": 5, "batch": 5040, "projected": 20, "collected": 25, "mean_removed_ratio": 0.052376283798366785, "strict_current_topk": false, "project_active_experts": [0, 2, 3, 4, 6, 9, 10, 11, 12, 14, 15, 19, 20, 21, 22, 24]}
{"event": "split_lite_step", "task_id": 5, "batch": 5060, "projected": 20, "collected": 25, "mean_removed_ratio": 0.051349743641912936, "strict_current_topk": false, "project_active_experts": [0, 2, 3, 4, 6, 9, 10, 11, 12, 14, 15, 19, 20, 21, 22, 24]}
{"event": "split_lite_task_finish", "task_id": 5, "rank": 4, "alpha": 0.2, "interval": 20, "buffer_size": 24, "expert_threshold": 0.03, "active_topk": 16, "strict_current_topk": false, "active_experts": [0, 2, 3, 4, 6, 8, 9, 11, 12, 14, 15, 19, 20, 21, 22, 24], "usage": {"vector": [0.10000000149011612, 0.0, 0.09822382777929306, 0.06668669730424881, 0.04841746762394905, 0.0005542201106436551, 0.06666667014360428, 0.003338675247505307, 0.009748931974172592, 0.06666667014360428, 0.0005809295107610524, 0.06143829971551895, 0.033473558723926544, 0.0, 0.05737179517745972, 0.09983974695205688, 0.0002136752154910937, 0.0, 0.001168536371551454, 0.06897035241127014, 0.03333333507180214, 0.03334001079201698, 0.03297943249344826, 0.0, 0.11698717623949051], "top3": [24, 0, 15], "top5": [24, 0, 15, 2, 19], "top3_mass": 0.3168269395828247, "top5_mass": 0.4840210974216461, "entropy": 2.6826653480529785, "max_entropy": 3.2188758248682006}, "basis_sizes": {"e_pv": {"0": 4, "2": 4, "3": 4, "4": 4, "6": 4, "8": 4, "9": 4, "11": 4, "12": 4, "14": 4, "15": 4, "19": 4, "20": 4, "21": 4, "22": 4, "24": 4}}, "stats": {"project_calls": 254, "projected_vectors": 3627, "collected_vectors": 6350, "skipped_steps": 4816}, "diagnostics": {"expert_usage_mode": "task", "previous_selected_jaccard": 0.8823529411764706, "cp_overlap": null}}
{"event": "split_lite_step", "task_id": 6, "batch": 5080, "projected": 21, "collected": 25, "mean_removed_ratio": 0.06453710510617211, "strict_current_topk": false, "project_active_experts": [0, 2, 3, 4, 6, 8, 9, 11, 12, 14, 15, 19, 20, 21, 22, 24]}
{"event": "split_lite_step", "task_id": 6, "batch": 5100, "projected": 21, "collected": 25, "mean_removed_ratio": 0.037138577949787886, "strict_current_topk": false, "project_active_experts": [0, 2, 3, 4, 6, 8, 9, 11, 12, 14, 15, 19, 20, 21, 22, 24]}
{"event": "split_lite_step", "task_id": 6, "batch": 5120, "projected": 21, "collected": 25, "mean_removed_ratio": 0.05584264245061647, "strict_current_topk": false, "project_active_experts": [0, 2, 3, 4, 6, 8, 9, 11, 12, 14, 15, 19, 20, 21, 22, 24]}
{"event": "split_lite_step", "task_id": 6, "batch": 5140, "projected": 21, "collected": 25, "mean_removed_ratio": 0.050000066159381754, "strict_current_topk": false, "project_active_experts": [0, 2, 3, 4, 6, 8, 9, 11, 12, 14, 15, 19, 20, 21, 22, 24]}
{"event": "split_lite_step", "task_id": 6, "batch": 5160, "projected": 21, "collected": 25, "mean_removed_ratio": 0.0375079329879511, "strict_current_topk": false, "project_active_experts": [0, 2, 3, 4, 6, 8, 9, 11, 12, 14, 15, 19, 20, 21, 22, 24]}
{"event": "split_lite_step", "task_id": 6, "batch": 5180, "projected": 21, "collected": 25, "mean_removed_ratio": 0.044347417673894336, "strict_current_topk": false, "project_active_experts": [0, 2, 3, 4, 6, 8, 9, 11, 12, 14, 15, 19, 20, 21, 22, 24]}
{"event": "split_lite_step", "task_id": 6, "batch": 5200, "projected": 21, "collected": 25, "mean_removed_ratio": 0.05260087957694417, "strict_current_topk": false, "project_active_experts": [0, 2, 3, 4, 6, 8, 9, 11, 12, 14, 15, 19, 20, 21, 22, 24]}
{"event": "split_lite_step", "task_id": 6, "batch": 5220, "projected": 21, "collected": 25, "mean_removed_ratio": 0.0389276020051468, "strict_current_topk": false, "project_active_experts": [0, 2, 3, 4, 6, 8, 9, 11, 12, 14, 15, 19, 20, 21, 22, 24]}
{"event": "split_lite_step", "task_id": 6, "batch": 5240, "projected": 21, "collected": 25, "mean_removed_ratio": 0.039166798282946856, "strict_current_topk": false, "project_active_experts": [0, 2, 3, 4, 6, 8, 9, 11, 12, 14, 15, 19, 20, 21, 22, 24]}
{"event": "split_lite_step", "task_id": 6, "batch": 5260, "projected": 21, "collected": 25, "mean_removed_ratio": 0.03949383402331954, "strict_current_topk": false, "project_active_experts": [0, 2, 3, 4, 6, 8, 9, 11, 12, 14, 15, 19, 20, 21, 22, 24]}
{"event": "split_lite_step", "task_id": 6, "batch": 5280, "projected": 21, "collected": 25, "mean_removed_ratio": 0.04702310476984296, "strict_current_topk": false, "project_active_experts": [0, 2, 3, 4, 6, 8, 9, 11, 12, 14, 15, 19, 20, 21, 22, 24]}
{"event": "split_lite_step", "task_id": 6, "batch": 5300, "projected": 21, "collected": 25, "mean_removed_ratio": 0.037461742758750916, "strict_current_topk": false, "project_active_experts": [0, 2, 3, 4, 6, 8, 9, 11, 12, 14, 15, 19, 20, 21, 22, 24]}
{"event": "split_lite_step", "task_id": 6, "batch": 5320, "projected": 21, "collected": 25, "mean_removed_ratio": 0.05187860619099367, "strict_current_topk": false, "project_active_experts": [0, 2, 3, 4, 6, 8, 9, 11, 12, 14, 15, 19, 20, 21, 22, 24]}
{"event": "split_lite_step", "task_id": 6, "batch": 5340, "projected": 21, "collected": 25, "mean_removed_ratio": 0.05030140498032173, "strict_current_topk": false, "project_active_experts": [0, 2, 3, 4, 6, 8, 9, 11, 12, 14, 15, 19, 20, 21, 22, 24]}
{"event": "split_lite_step", "task_id": 6, "batch": 5360, "projected": 21, "collected": 25, "mean_removed_ratio": 0.036311939802198184, "strict_current_topk": false, "project_active_experts": [0, 2, 3, 4, 6, 8, 9, 11, 12, 14, 15, 19, 20, 21, 22, 24]}
{"event": "split_lite_step", "task_id": 6, "batch": 5380, "projected": 21, "collected": 25, "mean_removed_ratio": 0.041185969087694375, "strict_current_topk": false, "project_active_experts": [0, 2, 3, 4, 6, 8, 9, 11, 12, 14, 15, 19, 20, 21, 22, 24]}
{"event": "split_lite_step", "task_id": 6, "batch": 5400, "projected": 21, "collected": 25, "mean_removed_ratio": 0.037422486004375276, "strict_current_topk": false, "project_active_experts": [0, 2, 3, 4, 6, 8, 9, 11, 12, 14, 15, 19, 20, 21, 22, 24]}
{"event": "split_lite_step", "task_id": 6, "batch": 5420, "projected": 21, "collected": 25, "mean_removed_ratio": 0.041839162819087505, "strict_current_topk": false, "project_active_experts": [0, 2, 3, 4, 6, 8, 9, 11, 12, 14, 15, 19, 20, 21, 22, 24]}
{"event": "split_lite_step", "task_id": 6, "batch": 5440, "projected": 21, "collected": 25, "mean_removed_ratio": 0.043974327987858226, "strict_current_topk": false, "project_active_experts": [0, 2, 3, 4, 6, 8, 9, 11, 12, 14, 15, 19, 20, 21, 22, 24]}
{"event": "split_lite_step", "task_id": 6, "batch": 5460, "projected": 21, "collected": 25, "mean_removed_ratio": 0.04336287586816719, "strict_current_topk": false, "project_active_experts": [0, 2, 3, 4, 6, 8, 9, 11, 12, 14, 15, 19, 20, 21, 22, 24]}
{"event": "split_lite_step", "task_id": 6, "batch": 5480, "projected": 21, "collected": 25, "mean_removed_ratio": 0.03418660687193984, "strict_current_topk": false, "project_active_experts": [0, 2, 3, 4, 6, 8, 9, 11, 12, 14, 15, 19, 20, 21, 22, 24]}
{"event": "split_lite_step", "task_id": 6, "batch": 5500, "projected": 21, "collected": 25, "mean_removed_ratio": 0.03924862370781955, "strict_current_topk": false, "project_active_experts": [0, 2, 3, 4, 6, 8, 9, 11, 12, 14, 15, 19, 20, 21, 22, 24]}
{"event": "split_lite_step", "task_id": 6, "batch": 5520, "projected": 21, "collected": 25, "mean_removed_ratio": 0.03217892002846513, "strict_current_topk": false, "project_active_experts": [0, 2, 3, 4, 6, 8, 9, 11, 12, 14, 15, 19, 20, 21, 22, 24]}
{"event": "split_lite_step", "task_id": 6, "batch": 5540, "projected": 21, "collected": 25, "mean_removed_ratio": 0.04852232718396755, "strict_current_topk": false, "project_active_experts": [0, 2, 3, 4, 6, 8, 9, 11, 12, 14, 15, 19, 20, 21, 22, 24]}
{"event": "split_lite_step", "task_id": 6, "batch": 5560, "projected": 21, "collected": 25, "mean_removed_ratio": 0.037899141665548086, "strict_current_topk": false, "project_active_experts": [0, 2, 3, 4, 6, 8, 9, 11, 12, 14, 15, 19, 20, 21, 22, 24]}
{"event": "split_lite_step", "task_id": 6, "batch": 5580, "projected": 21, "collected": 25, "mean_removed_ratio": 0.04463203224752631, "strict_current_topk": false, "project_active_experts": [0, 2, 3, 4, 6, 8, 9, 11, 12, 14, 15, 19, 20, 21, 22, 24]}
{"event": "split_lite_step", "task_id": 6, "batch": 5600, "projected": 21, "collected": 25, "mean_removed_ratio": 0.05653012880966777, "strict_current_topk": false, "project_active_experts": [0, 2, 3, 4, 6, 8, 9, 11, 12, 14, 15, 19, 20, 21, 22, 24]}
{"event": "split_lite_step", "task_id": 6, "batch": 5620, "projected": 21, "collected": 25, "mean_removed_ratio": 0.0497612597509509, "strict_current_topk": false, "project_active_experts": [0, 2, 3, 4, 6, 8, 9, 11, 12, 14, 15, 19, 20, 21, 22, 24]}
{"event": "split_lite_step", "task_id": 6, "batch": 5640, "projected": 21, "collected": 25, "mean_removed_ratio": 0.048924603898610385, "strict_current_topk": false, "project_active_experts": [0, 2, 3, 4, 6, 8, 9, 11, 12, 14, 15, 19, 20, 21, 22, 24]}
{"event": "split_lite_step", "task_id": 6, "batch": 5660, "projected": 21, "collected": 25, "mean_removed_ratio": 0.043946437182880584, "strict_current_topk": false, "project_active_experts": [0, 2, 3, 4, 6, 8, 9, 11, 12, 14, 15, 19, 20, 21, 22, 24]}
{"event": "split_lite_step", "task_id": 6, "batch": 5680, "projected": 21, "collected": 25, "mean_removed_ratio": 0.04650389749024596, "strict_current_topk": false, "project_active_experts": [0, 2, 3, 4, 6, 8, 9, 11, 12, 14, 15, 19, 20, 21, 22, 24]}
{"event": "split_lite_step", "task_id": 6, "batch": 5700, "projected": 21, "collected": 25, "mean_removed_ratio": 0.032669461908794585, "strict_current_topk": false, "project_active_experts": [0, 2, 3, 4, 6, 8, 9, 11, 12, 14, 15, 19, 20, 21, 22, 24]}
{"event": "split_lite_step", "task_id": 6, "batch": 5720, "projected": 21, "collected": 25, "mean_removed_ratio": 0.04069882254337981, "strict_current_topk": false, "project_active_experts": [0, 2, 3, 4, 6, 8, 9, 11, 12, 14, 15, 19, 20, 21, 22, 24]}
{"event": "split_lite_step", "task_id": 6, "batch": 5740, "projected": 21, "collected": 25, "mean_removed_ratio": 0.05506686476014909, "strict_current_topk": false, "project_active_experts": [0, 2, 3, 4, 6, 8, 9, 11, 12, 14, 15, 19, 20, 21, 22, 24]}
{"event": "split_lite_step", "task_id": 6, "batch": 5760, "projected": 21, "collected": 25, "mean_removed_ratio": 0.032946823697005, "strict_current_topk": false, "project_active_experts": [0, 2, 3, 4, 6, 8, 9, 11, 12, 14, 15, 19, 20, 21, 22, 24]}
{"event": "split_lite_step", "task_id": 6, "batch": 5780, "projected": 21, "collected": 25, "mean_removed_ratio": 0.04580928163514251, "strict_current_topk": false, "project_active_experts": [0, 2, 3, 4, 6, 8, 9, 11, 12, 14, 15, 19, 20, 21, 22, 24]}
{"event": "split_lite_step", "task_id": 6, "batch": 5800, "projected": 21, "collected": 25, "mean_removed_ratio": 0.042942825970905166, "strict_current_topk": false, "project_active_experts": [0, 2, 3, 4, 6, 8, 9, 11, 12, 14, 15, 19, 20, 21, 22, 24]}
{"event": "split_lite_step", "task_id": 6, "batch": 5820, "projected": 21, "collected": 25, "mean_removed_ratio": 0.04822754123735996, "strict_current_topk": false, "project_active_experts": [0, 2, 3, 4, 6, 8, 9, 11, 12, 14, 15, 19, 20, 21, 22, 24]}
{"event": "split_lite_step", "task_id": 6, "batch": 5840, "projected": 21, "collected": 25, "mean_removed_ratio": 0.04274949874906313, "strict_current_topk": false, "project_active_experts": [0, 2, 3, 4, 6, 8, 9, 11, 12, 14, 15, 19, 20, 21, 22, 24]}
{"event": "split_lite_task_finish", "task_id": 6, "rank": 4, "alpha": 0.2, "interval": 20, "buffer_size": 24, "expert_threshold": 0.03, "active_topk": 16, "strict_current_topk": false, "active_experts": [0, 2, 3, 4, 6, 7, 9, 11, 12, 14, 15, 19, 20, 21, 22, 24], "usage": {"vector": [0.10000000149011612, 0.0, 0.09812366217374802, 0.06666667014360428, 0.05424679443240166, 0.00010683760774554685, 0.06666667014360428, 0.03322649747133255, 0.01597222313284874, 0.06666667014360428, 0.0, 0.03333333507180214, 0.03878205269575119, 0.0, 0.05065438151359558, 0.10012686997652054, 0.00020032051543239504, 0.00509481830522418, 8.012820762814954e-05, 0.06666667014360428, 0.03331330046057701, 0.03338007628917694, 0.02777777798473835, 0.0, 0.10891426354646683], "top3": [24, 15, 0], "top5": [24, 15, 0, 2, 3], "top3_mass": 0.3090411424636841, "top5_mass": 0.4738314747810364, "entropy": 2.7365734577178955, "max_entropy": 3.2188758248682006}, "basis_sizes": {"e_pv": {"0": 4, "2": 4, "3": 4, "4": 4, "6": 4, "7": 4, "9": 4, "11": 4, "12": 4, "14": 4, "15": 4, "19": 4, "20": 4, "21": 4, "22": 4, "24": 4}}, "stats": {"project_calls": 293, "projected_vectors": 4446, "collected_vectors": 7325, "skipped_steps": 5557}, "diagnostics": {"expert_usage_mode": "task", "previous_selected_jaccard": 0.8823529411764706, "cp_overlap": null}}
{"event": "split_lite_step", "task_id": 7, "batch": 5860, "projected": 21, "collected": 25, "mean_removed_ratio": 0.04431322416556733, "strict_current_topk": false, "project_active_experts": [0, 2, 3, 4, 6, 7, 9, 11, 12, 14, 15, 19, 20, 21, 22, 24]}
{"event": "split_lite_step", "task_id": 7, "batch": 5880, "projected": 21, "collected": 25, "mean_removed_ratio": 0.04913853920464005, "strict_current_topk": false, "project_active_experts": [0, 2, 3, 4, 6, 7, 9, 11, 12, 14, 15, 19, 20, 21, 22, 24]}
{"event": "split_lite_step", "task_id": 7, "batch": 5900, "projected": 21, "collected": 25, "mean_removed_ratio": 0.047275751075219544, "strict_current_topk": false, "project_active_experts": [0, 2, 3, 4, 6, 7, 9, 11, 12, 14, 15, 19, 20, 21, 22, 24]}
{"event": "split_lite_step", "task_id": 7, "batch": 5920, "projected": 21, "collected": 25, "mean_removed_ratio": 0.058379976788447016, "strict_current_topk": false, "project_active_experts": [0, 2, 3, 4, 6, 7, 9, 11, 12, 14, 15, 19, 20, 21, 22, 24]}
{"event": "split_lite_step", "task_id": 7, "batch": 5940, "projected": 21, "collected": 25, "mean_removed_ratio": 0.05545430954190947, "strict_current_topk": false, "project_active_experts": [0, 2, 3, 4, 6, 7, 9, 11, 12, 14, 15, 19, 20, 21, 22, 24]}
{"event": "split_lite_step", "task_id": 7, "batch": 5960, "projected": 21, "collected": 25, "mean_removed_ratio": 0.042739974334836006, "strict_current_topk": false, "project_active_experts": [0, 2, 3, 4, 6, 7, 9, 11, 12, 14, 15, 19, 20, 21, 22, 24]}
{"event": "split_lite_step", "task_id": 7, "batch": 5980, "projected": 21, "collected": 25, "mean_removed_ratio": 0.06350698197881381, "strict_current_topk": false, "project_active_experts": [0, 2, 3, 4, 6, 7, 9, 11, 12, 14, 15, 19, 20, 21, 22, 24]}
{"event": "split_lite_step", "task_id": 7, "batch": 6000, "projected": 21, "collected": 25, "mean_removed_ratio": 0.0481315441429615, "strict_current_topk": false, "project_active_experts": [0, 2, 3, 4, 6, 7, 9, 11, 12, 14, 15, 19, 20, 21, 22, 24]}
{"event": "split_lite_step", "task_id": 7, "batch": 6020, "projected": 21, "collected": 25, "mean_removed_ratio": 0.04494768948782058, "strict_current_topk": false, "project_active_experts": [0, 2, 3, 4, 6, 7, 9, 11, 12, 14, 15, 19, 20, 21, 22, 24]}
{"event": "split_lite_step", "task_id": 7, "batch": 6040, "projected": 21, "collected": 25, "mean_removed_ratio": 0.04382427351637965, "strict_current_topk": false, "project_active_experts": [0, 2, 3, 4, 6, 7, 9, 11, 12, 14, 15, 19, 20, 21, 22, 24]}
{"event": "split_lite_step", "task_id": 7, "batch": 6060, "projected": 21, "collected": 25, "mean_removed_ratio": 0.05348979260417677, "strict_current_topk": false, "project_active_experts": [0, 2, 3, 4, 6, 7, 9, 11, 12, 14, 15, 19, 20, 21, 22, 24]}
{"event": "split_lite_step", "task_id": 7, "batch": 6080, "projected": 21, "collected": 25, "mean_removed_ratio": 0.06488646154424974, "strict_current_topk": false, "project_active_experts": [0, 2, 3, 4, 6, 7, 9, 11, 12, 14, 15, 19, 20, 21, 22, 24]}
{"event": "split_lite_step", "task_id": 7, "batch": 6100, "projected": 21, "collected": 25, "mean_removed_ratio": 0.03621606595282044, "strict_current_topk": false, "project_active_experts": [0, 2, 3, 4, 6, 7, 9, 11, 12, 14, 15, 19, 20, 21, 22, 24]}
{"event": "split_lite_step", "task_id": 7, "batch": 6120, "projected": 21, "collected": 25, "mean_removed_ratio": 0.04686904303906929, "strict_current_topk": false, "project_active_experts": [0, 2, 3, 4, 6, 7, 9, 11, 12, 14, 15, 19, 20, 21, 22, 24]}
{"event": "split_lite_step", "task_id": 7, "batch": 6140, "projected": 21, "collected": 25, "mean_removed_ratio": 0.03738525461050726, "strict_current_topk": false, "project_active_experts": [0, 2, 3, 4, 6, 7, 9, 11, 12, 14, 15, 19, 20, 21, 22, 24]}
{"event": "split_lite_step", "task_id": 7, "batch": 6160, "projected": 21, "collected": 25, "mean_removed_ratio": 0.04082129243761301, "strict_current_topk": false, "project_active_experts": [0, 2, 3, 4, 6, 7, 9, 11, 12, 14, 15, 19, 20, 21, 22, 24]}
{"event": "split_lite_step", "task_id": 7, "batch": 6180, "projected": 21, "collected": 25, "mean_removed_ratio": 0.042432433659476895, "strict_current_topk": false, "project_active_experts": [0, 2, 3, 4, 6, 7, 9, 11, 12, 14, 15, 19, 20, 21, 22, 24]}
{"event": "split_lite_step", "task_id": 7, "batch": 6200, "projected": 21, "collected": 25, "mean_removed_ratio": 0.03952022735029459, "strict_current_topk": false, "project_active_experts": [0, 2, 3, 4, 6, 7, 9, 11, 12, 14, 15, 19, 20, 21, 22, 24]}
{"event": "split_lite_step", "task_id": 7, "batch": 6220, "projected": 21, "collected": 25, "mean_removed_ratio": 0.02482150448486209, "strict_current_topk": false, "project_active_experts": [0, 2, 3, 4, 6, 7, 9, 11, 12, 14, 15, 19, 20, 21, 22, 24]}
{"event": "split_lite_step", "task_id": 7, "batch": 6240, "projected": 21, "collected": 25, "mean_removed_ratio": 0.035713559859210535, "strict_current_topk": false, "project_active_experts": [0, 2, 3, 4, 6, 7, 9, 11, 12, 14, 15, 19, 20, 21, 22, 24]}
{"event": "split_lite_step", "task_id": 7, "batch": 6260, "projected": 21, "collected": 25, "mean_removed_ratio": 0.0498062517671358, "strict_current_topk": false, "project_active_experts": [0, 2, 3, 4, 6, 7, 9, 11, 12, 14, 15, 19, 20, 21, 22, 24]}
{"event": "split_lite_step", "task_id": 7, "batch": 6280, "projected": 21, "collected": 25, "mean_removed_ratio": 0.047981477120802515, "strict_current_topk": false, "project_active_experts": [0, 2, 3, 4, 6, 7, 9, 11, 12, 14, 15, 19, 20, 21, 22, 24]}
{"event": "split_lite_step", "task_id": 7, "batch": 6300, "projected": 21, "collected": 25, "mean_removed_ratio": 0.033600246001567156, "strict_current_topk": false, "project_active_experts": [0, 2, 3, 4, 6, 7, 9, 11, 12, 14, 15, 19, 20, 21, 22, 24]}
{"event": "split_lite_step", "task_id": 7, "batch": 6320, "projected": 21, "collected": 25, "mean_removed_ratio": 0.040800713667912145, "strict_current_topk": false, "project_active_experts": [0, 2, 3, 4, 6, 7, 9, 11, 12, 14, 15, 19, 20, 21, 22, 24]}
{"event": "split_lite_step", "task_id": 7, "batch": 6340, "projected": 21, "collected": 25, "mean_removed_ratio": 0.04742457540262313, "strict_current_topk": false, "project_active_experts": [0, 2, 3, 4, 6, 7, 9, 11, 12, 14, 15, 19, 20, 21, 22, 24]}
{"event": "split_lite_step", "task_id": 7, "batch": 6360, "projected": 21, "collected": 25, "mean_removed_ratio": 0.041423887302655546, "strict_current_topk": false, "project_active_experts": [0, 2, 3, 4, 6, 7, 9, 11, 12, 14, 15, 19, 20, 21, 22, 24]}
{"event": "split_lite_step", "task_id": 7, "batch": 6380, "projected": 21, "collected": 25, "mean_removed_ratio": 0.03796730931138709, "strict_current_topk": false, "project_active_experts": [0, 2, 3, 4, 6, 7, 9, 11, 12, 14, 15, 19, 20, 21, 22, 24]}
{"event": "split_lite_step", "task_id": 7, "batch": 6400, "projected": 21, "collected": 25, "mean_removed_ratio": 0.02898293547332287, "strict_current_topk": false, "project_active_experts": [0, 2, 3, 4, 6, 7, 9, 11, 12, 14, 15, 19, 20, 21, 22, 24]}
{"event": "split_lite_step", "task_id": 7, "batch": 6420, "projected": 21, "collected": 25, "mean_removed_ratio": 0.04061318814222302, "strict_current_topk": false, "project_active_experts": [0, 2, 3, 4, 6, 7, 9, 11, 12, 14, 15, 19, 20, 21, 22, 24]}
{"event": "split_lite_step", "task_id": 7, "batch": 6440, "projected": 21, "collected": 25, "mean_removed_ratio": 0.029245724635464803, "strict_current_topk": false, "project_active_experts": [0, 2, 3, 4, 6, 7, 9, 11, 12, 14, 15, 19, 20, 21, 22, 24]}
{"event": "split_lite_step", "task_id": 7, "batch": 6460, "projected": 21, "collected": 25, "mean_removed_ratio": 0.0502235729336029, "strict_current_topk": false, "project_active_experts": [0, 2, 3, 4, 6, 7, 9, 11, 12, 14, 15, 19, 20, 21, 22, 24]}
{"event": "split_lite_step", "task_id": 7, "batch": 6480, "projected": 21, "collected": 25, "mean_removed_ratio": 0.04121560754165763, "strict_current_topk": false, "project_active_experts": [0, 2, 3, 4, 6, 7, 9, 11, 12, 14, 15, 19, 20, 21, 22, 24]}
{"event": "split_lite_step", "task_id": 7, "batch": 6500, "projected": 21, "collected": 25, "mean_removed_ratio": 0.0500939256023793, "strict_current_topk": false, "project_active_experts": [0, 2, 3, 4, 6, 7, 9, 11, 12, 14, 15, 19, 20, 21, 22, 24]}
{"event": "split_lite_step", "task_id": 7, "batch": 6520, "projected": 21, "collected": 25, "mean_removed_ratio": 0.046878136916174776, "strict_current_topk": false, "project_active_experts": [0, 2, 3, 4, 6, 7, 9, 11, 12, 14, 15, 19, 20, 21, 22, 24]}
{"event": "split_lite_step", "task_id": 7, "batch": 6540, "projected": 21, "collected": 25, "mean_removed_ratio": 0.0475134091185672, "strict_current_topk": false, "project_active_experts": [0, 2, 3, 4, 6, 7, 9, 11, 12, 14, 15, 19, 20, 21, 22, 24]}
{"event": "split_lite_step", "task_id": 7, "batch": 6560, "projected": 21, "collected": 25, "mean_removed_ratio": 0.04294863431936219, "strict_current_topk": false, "project_active_experts": [0, 2, 3, 4, 6, 7, 9, 11, 12, 14, 15, 19, 20, 21, 22, 24]}
{"event": "split_lite_step", "task_id": 7, "batch": 6580, "projected": 21, "collected": 25, "mean_removed_ratio": 0.048804566485896, "strict_current_topk": false, "project_active_experts": [0, 2, 3, 4, 6, 7, 9, 11, 12, 14, 15, 19, 20, 21, 22, 24]}
{"event": "split_lite_step", "task_id": 7, "batch": 6600, "projected": 21, "collected": 25, "mean_removed_ratio": 0.036047704628713075, "strict_current_topk": false, "project_active_experts": [0, 2, 3, 4, 6, 7, 9, 11, 12, 14, 15, 19, 20, 21, 22, 24]}
{"event": "split_lite_step", "task_id": 7, "batch": 6620, "projected": 21, "collected": 25, "mean_removed_ratio": 0.052623204044288115, "strict_current_topk": false, "project_active_experts": [0, 2, 3, 4, 6, 7, 9, 11, 12, 14, 15, 19, 20, 21, 22, 24]}
{"event": "split_lite_task_finish", "task_id": 7, "rank": 4, "alpha": 0.2, "interval": 20, "buffer_size": 24, "expert_threshold": 0.03, "active_topk": 16, "strict_current_topk": false, "active_experts": [0, 2, 3, 4, 6, 7, 9, 11, 12, 14, 15, 17, 19, 20, 21, 24], "usage": {"vector": [0.10008679330348969, 0.0, 0.08818108588457108, 0.06678017228841782, 0.05133546143770218, 0.0, 0.06436964869499207, 0.017060628160834312, 0.0007478631450794637, 0.06664662808179855, 0.0016159185906872153, 0.033687230199575424, 0.06638620793819427, 0.007425212766975164, 0.06666666269302368, 0.10000666230916977, 0.0, 0.02497328631579876, 0.0014356302563101053, 0.06967814266681671, 0.03333333134651184, 0.03428151458501816, 0.0, 0.0, 0.10530180484056473], "top3": [24, 0, 15], "top5": [24, 0, 15, 2, 19], "top3_mass": 0.3053952753543854, "top5_mass": 0.46325448155403137, "entropy": 2.714655876159668, "max_entropy": 3.2188758248682006}, "basis_sizes": {"e_pv": {"0": 4, "2": 4, "3": 4, "4": 4, "6": 4, "7": 4, "9": 4, "11": 4, "12": 4, "14": 4, "15": 4, "17": 4, "19": 4, "20": 4, "21": 4, "24": 4}}, "stats": {"project_calls": 332, "projected_vectors": 5265, "collected_vectors": 8300, "skipped_steps": 6298}, "diagnostics": {"expert_usage_mode": "task", "previous_selected_jaccard": 0.8823529411764706, "cp_overlap": null}}
{"event": "split_lite_step", "task_id": 8, "batch": 6640, "projected": 22, "collected": 25, "mean_removed_ratio": 0.06114454990760847, "strict_current_topk": false, "project_active_experts": [0, 2, 3, 4, 6, 7, 9, 11, 12, 14, 15, 17, 19, 20, 21, 24]}
{"event": "split_lite_step", "task_id": 8, "batch": 6660, "projected": 22, "collected": 25, "mean_removed_ratio": 0.05113956484604965, "strict_current_topk": false, "project_active_experts": [0, 2, 3, 4, 6, 7, 9, 11, 12, 14, 15, 17, 19, 20, 21, 24]}
{"event": "split_lite_step", "task_id": 8, "batch": 6680, "projected": 22, "collected": 25, "mean_removed_ratio": 0.03812043737112121, "strict_current_topk": false, "project_active_experts": [0, 2, 3, 4, 6, 7, 9, 11, 12, 14, 15, 17, 19, 20, 21, 24]}
{"event": "split_lite_step", "task_id": 8, "batch": 6700, "projected": 22, "collected": 25, "mean_removed_ratio": 0.050152708860960876, "strict_current_topk": false, "project_active_experts": [0, 2, 3, 4, 6, 7, 9, 11, 12, 14, 15, 17, 19, 20, 21, 24]}
{"event": "split_lite_step", "task_id": 8, "batch": 6720, "projected": 22, "collected": 25, "mean_removed_ratio": 0.05798067038201473, "strict_current_topk": false, "project_active_experts": [0, 2, 3, 4, 6, 7, 9, 11, 12, 14, 15, 17, 19, 20, 21, 24]}
{"event": "split_lite_step", "task_id": 8, "batch": 6740, "projected": 22, "collected": 25, "mean_removed_ratio": 0.041098317300731484, "strict_current_topk": false, "project_active_experts": [0, 2, 3, 4, 6, 7, 9, 11, 12, 14, 15, 17, 19, 20, 21, 24]}
{"event": "split_lite_step", "task_id": 8, "batch": 6760, "projected": 22, "collected": 25, "mean_removed_ratio": 0.062009604055095806, "strict_current_topk": false, "project_active_experts": [0, 2, 3, 4, 6, 7, 9, 11, 12, 14, 15, 17, 19, 20, 21, 24]}
{"event": "split_lite_step", "task_id": 8, "batch": 6780, "projected": 22, "collected": 25, "mean_removed_ratio": 0.042300635313784536, "strict_current_topk": false, "project_active_experts": [0, 2, 3, 4, 6, 7, 9, 11, 12, 14, 15, 17, 19, 20, 21, 24]}
{"event": "split_lite_step", "task_id": 8, "batch": 6800, "projected": 22, "collected": 25, "mean_removed_ratio": 0.050239659803496164, "strict_current_topk": false, "project_active_experts": [0, 2, 3, 4, 6, 7, 9, 11, 12, 14, 15, 17, 19, 20, 21, 24]}
{"event": "split_lite_step", "task_id": 8, "batch": 6820, "projected": 22, "collected": 25, "mean_removed_ratio": 0.039448953783986246, "strict_current_topk": false, "project_active_experts": [0, 2, 3, 4, 6, 7, 9, 11, 12, 14, 15, 17, 19, 20, 21, 24]}
{"event": "split_lite_step", "task_id": 8, "batch": 6840, "projected": 22, "collected": 25, "mean_removed_ratio": 0.05124967740002004, "strict_current_topk": false, "project_active_experts": [0, 2, 3, 4, 6, 7, 9, 11, 12, 14, 15, 17, 19, 20, 21, 24]}
{"event": "split_lite_step", "task_id": 8, "batch": 6860, "projected": 22, "collected": 25, "mean_removed_ratio": 0.045308176343413914, "strict_current_topk": false, "project_active_experts": [0, 2, 3, 4, 6, 7, 9, 11, 12, 14, 15, 17, 19, 20, 21, 24]}
{"event": "split_lite_step", "task_id": 8, "batch": 6880, "projected": 22, "collected": 25, "mean_removed_ratio": 0.03783078140325167, "strict_current_topk": false, "project_active_experts": [0, 2, 3, 4, 6, 7, 9, 11, 12, 14, 15, 17, 19, 20, 21, 24]}
{"event": "split_lite_step", "task_id": 8, "batch": 6900, "projected": 22, "collected": 25, "mean_removed_ratio": 0.04118505022911863, "strict_current_topk": false, "project_active_experts": [0, 2, 3, 4, 6, 7, 9, 11, 12, 14, 15, 17, 19, 20, 21, 24]}
{"event": "split_lite_step", "task_id": 8, "batch": 6920, "projected": 22, "collected": 25, "mean_removed_ratio": 0.05555055646056479, "strict_current_topk": false, "project_active_experts": [0, 2, 3, 4, 6, 7, 9, 11, 12, 14, 15, 17, 19, 20, 21, 24]}
{"event": "split_lite_step", "task_id": 8, "batch": 6940, "projected": 22, "collected": 25, "mean_removed_ratio": 0.053396552123806694, "strict_current_topk": false, "project_active_experts": [0, 2, 3, 4, 6, 7, 9, 11, 12, 14, 15, 17, 19, 20, 21, 24]}
{"event": "split_lite_step", "task_id": 8, "batch": 6960, "projected": 22, "collected": 25, "mean_removed_ratio": 0.03512721589173783, "strict_current_topk": false, "project_active_experts": [0, 2, 3, 4, 6, 7, 9, 11, 12, 14, 15, 17, 19, 20, 21, 24]}
{"event": "split_lite_step", "task_id": 8, "batch": 6980, "projected": 22, "collected": 25, "mean_removed_ratio": 0.06627759168093855, "strict_current_topk": false, "project_active_experts": [0, 2, 3, 4, 6, 7, 9, 11, 12, 14, 15, 17, 19, 20, 21, 24]}
{"event": "split_lite_step", "task_id": 8, "batch": 7000, "projected": 22, "collected": 25, "mean_removed_ratio": 0.036920889196070755, "strict_current_topk": false, "project_active_experts": [0, 2, 3, 4, 6, 7, 9, 11, 12, 14, 15, 17, 19, 20, 21, 24]}
{"event": "split_lite_step", "task_id": 8, "batch": 7020, "projected": 22, "collected": 25, "mean_removed_ratio": 0.02893313551744954, "strict_current_topk": false, "project_active_experts": [0, 2, 3, 4, 6, 7, 9, 11, 12, 14, 15, 17, 19, 20, 21, 24]}
{"event": "split_lite_step", "task_id": 8, "batch": 7040, "projected": 22, "collected": 25, "mean_removed_ratio": 0.04097654547711665, "strict_current_topk": false, "project_active_experts": [0, 2, 3, 4, 6, 7, 9, 11, 12, 14, 15, 17, 19, 20, 21, 24]}
{"event": "split_lite_step", "task_id": 8, "batch": 7060, "projected": 22, "collected": 25, "mean_removed_ratio": 0.061723710376430645, "strict_current_topk": false, "project_active_experts": [0, 2, 3, 4, 6, 7, 9, 11, 12, 14, 15, 17, 19, 20, 21, 24]}
{"event": "split_lite_step", "task_id": 8, "batch": 7080, "projected": 22, "collected": 25, "mean_removed_ratio": 0.054883245124735615, "strict_current_topk": false, "project_active_experts": [0, 2, 3, 4, 6, 7, 9, 11, 12, 14, 15, 17, 19, 20, 21, 24]}
{"event": "split_lite_step", "task_id": 8, "batch": 7100, "projected": 22, "collected": 25, "mean_removed_ratio": 0.046970141628249126, "strict_current_topk": false, "project_active_experts": [0, 2, 3, 4, 6, 7, 9, 11, 12, 14, 15, 17, 19, 20, 21, 24]}
{"event": "split_lite_step", "task_id": 8, "batch": 7120, "projected": 22, "collected": 25, "mean_removed_ratio": 0.036392302845012055, "strict_current_topk": false, "project_active_experts": [0, 2, 3, 4, 6, 7, 9, 11, 12, 14, 15, 17, 19, 20, 21, 24]}
{"event": "split_lite_step", "task_id": 8, "batch": 7140, "projected": 22, "collected": 25, "mean_removed_ratio": 0.043959760149432855, "strict_current_topk": false, "project_active_experts": [0, 2, 3, 4, 6, 7, 9, 11, 12, 14, 15, 17, 19, 20, 21, 24]}
{"event": "split_lite_step", "task_id": 8, "batch": 7160, "projected": 22, "collected": 25, "mean_removed_ratio": 0.037139142863452435, "strict_current_topk": false, "project_active_experts": [0, 2, 3, 4, 6, 7, 9, 11, 12, 14, 15, 17, 19, 20, 21, 24]}
{"event": "split_lite_step", "task_id": 8, "batch": 7180, "projected": 22, "collected": 25, "mean_removed_ratio": 0.046510939274660566, "strict_current_topk": false, "project_active_experts": [0, 2, 3, 4, 6, 7, 9, 11, 12, 14, 15, 17, 19, 20, 21, 24]}
{"event": "split_lite_step", "task_id": 8, "batch": 7200, "projected": 22, "collected": 25, "mean_removed_ratio": 0.03933028000491587, "strict_current_topk": false, "project_active_experts": [0, 2, 3, 4, 6, 7, 9, 11, 12, 14, 15, 17, 19, 20, 21, 24]}
{"event": "split_lite_step", "task_id": 8, "batch": 7220, "projected": 22, "collected": 25, "mean_removed_ratio": 0.04421530638567426, "strict_current_topk": false, "project_active_experts": [0, 2, 3, 4, 6, 7, 9, 11, 12, 14, 15, 17, 19, 20, 21, 24]}
{"event": "split_lite_step", "task_id": 8, "batch": 7240, "projected": 22, "collected": 25, "mean_removed_ratio": 0.06428115827624094, "strict_current_topk": false, "project_active_experts": [0, 2, 3, 4, 6, 7, 9, 11, 12, 14, 15, 17, 19, 20, 21, 24]}
{"event": "split_lite_step", "task_id": 8, "batch": 7260, "projected": 22, "collected": 25, "mean_removed_ratio": 0.04861826796761968, "strict_current_topk": false, "project_active_experts": [0, 2, 3, 4, 6, 7, 9, 11, 12, 14, 15, 17, 19, 20, 21, 24]}
{"event": "split_lite_step", "task_id": 8, "batch": 7280, "projected": 22, "collected": 25, "mean_removed_ratio": 0.04356465926817195, "strict_current_topk": false, "project_active_experts": [0, 2, 3, 4, 6, 7, 9, 11, 12, 14, 15, 17, 19, 20, 21, 24]}
{"event": "split_lite_step", "task_id": 8, "batch": 7300, "projected": 22, "collected": 25, "mean_removed_ratio": 0.03794293054802851, "strict_current_topk": false, "project_active_experts": [0, 2, 3, 4, 6, 7, 9, 11, 12, 14, 15, 17, 19, 20, 21, 24]}
{"event": "split_lite_step", "task_id": 8, "batch": 7320, "projected": 22, "collected": 25, "mean_removed_ratio": 0.032063592839139426, "strict_current_topk": false, "project_active_experts": [0, 2, 3, 4, 6, 7, 9, 11, 12, 14, 15, 17, 19, 20, 21, 24]}
{"event": "split_lite_step", "task_id": 8, "batch": 7340, "projected": 22, "collected": 25, "mean_removed_ratio": 0.034230475864288484, "strict_current_topk": false, "project_active_experts": [0, 2, 3, 4, 6, 7, 9, 11, 12, 14, 15, 17, 19, 20, 21, 24]}
{"event": "split_lite_step", "task_id": 8, "batch": 7360, "projected": 22, "collected": 25, "mean_removed_ratio": 0.033907924059101126, "strict_current_topk": false, "project_active_experts": [0, 2, 3, 4, 6, 7, 9, 11, 12, 14, 15, 17, 19, 20, 21, 24]}
{"event": "split_lite_step", "task_id": 8, "batch": 7380, "projected": 22, "collected": 25, "mean_removed_ratio": 0.04262463513507762, "strict_current_topk": false, "project_active_experts": [0, 2, 3, 4, 6, 7, 9, 11, 12, 14, 15, 17, 19, 20, 21, 24]}
{"event": "split_lite_step", "task_id": 8, "batch": 7400, "projected": 22, "collected": 25, "mean_removed_ratio": 0.038223616355522114, "strict_current_topk": false, "project_active_experts": [0, 2, 3, 4, 6, 7, 9, 11, 12, 14, 15, 17, 19, 20, 21, 24]}
{"event": "split_lite_task_finish", "task_id": 8, "rank": 4, "alpha": 0.2, "interval": 20, "buffer_size": 24, "expert_threshold": 0.03, "active_topk": 16, "strict_current_topk": false, "active_experts": [0, 2, 3, 4, 6, 8, 9, 11, 12, 14, 15, 17, 19, 20, 21, 24], "usage": {"vector": [0.10009346902370453, 0.0, 0.12609507143497467, 0.06682024151086807, 0.04072515666484833, 0.0, 0.06651975959539413, 0.002550747711211443, 0.051135141402482986, 0.06663995236158371, 0.029480498284101486, 0.03333333134651184, 0.06608572602272034, 0.0028245190624147654, 0.034288190305233, 0.09999998658895493, 0.00462740333750844, 0.03333333134651184, 0.0, 0.06666666269302368, 0.03333333134651184, 0.03333333134651184, 0.0, 0.0, 0.04211404547095299], "top3": [2, 0, 15], "top5": [2, 0, 15, 3, 19], "top3_mass": 0.3261885344982147, "top5_mass": 0.4596754312515259, "entropy": 2.768908739089966, "max_entropy": 3.2188758248682006}, "basis_sizes": {"e_pv": {"0": 4, "2": 4, "3": 4, "4": 4, "6": 4, "8": 4, "9": 4, "11": 4, "12": 4, "14": 4, "15": 4, "17": 4, "19": 4, "20": 4, "21": 4, "24": 4}}, "stats": {"project_calls": 371, "projected_vectors": 6123, "collected_vectors": 9275, "skipped_steps": 7039}, "diagnostics": {"expert_usage_mode": "task", "previous_selected_jaccard": 0.8823529411764706, "cp_overlap": null}}
{"event": "split_lite_step", "task_id": 9, "batch": 7420, "projected": 22, "collected": 25, "mean_removed_ratio": 0.04467915472659198, "strict_current_topk": false, "project_active_experts": [0, 2, 3, 4, 6, 8, 9, 11, 12, 14, 15, 17, 19, 20, 21, 24]}
{"event": "split_lite_step", "task_id": 9, "batch": 7440, "projected": 22, "collected": 25, "mean_removed_ratio": 0.039151475595479664, "strict_current_topk": false, "project_active_experts": [0, 2, 3, 4, 6, 8, 9, 11, 12, 14, 15, 17, 19, 20, 21, 24]}
{"event": "split_lite_step", "task_id": 9, "batch": 7460, "projected": 22, "collected": 25, "mean_removed_ratio": 0.03930671318349513, "strict_current_topk": false, "project_active_experts": [0, 2, 3, 4, 6, 8, 9, 11, 12, 14, 15, 17, 19, 20, 21, 24]}
{"event": "split_lite_step", "task_id": 9, "batch": 7480, "projected": 22, "collected": 25, "mean_removed_ratio": 0.040487597781148826, "strict_current_topk": false, "project_active_experts": [0, 2, 3, 4, 6, 8, 9, 11, 12, 14, 15, 17, 19, 20, 21, 24]}
{"event": "split_lite_step", "task_id": 9, "batch": 7500, "projected": 22, "collected": 25, "mean_removed_ratio": 0.048888616687194866, "strict_current_topk": false, "project_active_experts": [0, 2, 3, 4, 6, 8, 9, 11, 12, 14, 15, 17, 19, 20, 21, 24]}
{"event": "split_lite_step", "task_id": 9, "batch": 7520, "projected": 22, "collected": 25, "mean_removed_ratio": 0.04965991095047106, "strict_current_topk": false, "project_active_experts": [0, 2, 3, 4, 6, 8, 9, 11, 12, 14, 15, 17, 19, 20, 21, 24]}
{"event": "split_lite_step", "task_id": 9, "batch": 7540, "projected": 22, "collected": 25, "mean_removed_ratio": 0.05141781520267779, "strict_current_topk": false, "project_active_experts": [0, 2, 3, 4, 6, 8, 9, 11, 12, 14, 15, 17, 19, 20, 21, 24]}
{"event": "split_lite_step", "task_id": 9, "batch": 7560, "projected": 22, "collected": 25, "mean_removed_ratio": 0.049133488358083094, "strict_current_topk": false, "project_active_experts": [0, 2, 3, 4, 6, 8, 9, 11, 12, 14, 15, 17, 19, 20, 21, 24]}
{"event": "split_lite_step", "task_id": 9, "batch": 7580, "projected": 22, "collected": 25, "mean_removed_ratio": 0.03912970004603267, "strict_current_topk": false, "project_active_experts": [0, 2, 3, 4, 6, 8, 9, 11, 12, 14, 15, 17, 19, 20, 21, 24]}
{"event": "split_lite_step", "task_id": 9, "batch": 7600, "projected": 22, "collected": 25, "mean_removed_ratio": 0.043164705180309036, "strict_current_topk": false, "project_active_experts": [0, 2, 3, 4, 6, 8, 9, 11, 12, 14, 15, 17, 19, 20, 21, 24]}
{"event": "split_lite_step", "task_id": 9, "batch": 7620, "projected": 22, "collected": 25, "mean_removed_ratio": 0.04212532209401781, "strict_current_topk": false, "project_active_experts": [0, 2, 3, 4, 6, 8, 9, 11, 12, 14, 15, 17, 19, 20, 21, 24]}
{"event": "split_lite_step", "task_id": 9, "batch": 7640, "projected": 22, "collected": 25, "mean_removed_ratio": 0.07173920625990088, "strict_current_topk": false, "project_active_experts": [0, 2, 3, 4, 6, 8, 9, 11, 12, 14, 15, 17, 19, 20, 21, 24]}
{"event": "split_lite_step", "task_id": 9, "batch": 7660, "projected": 22, "collected": 25, "mean_removed_ratio": 0.05104282299395312, "strict_current_topk": false, "project_active_experts": [0, 2, 3, 4, 6, 8, 9, 11, 12, 14, 15, 17, 19, 20, 21, 24]}
{"event": "split_lite_step", "task_id": 9, "batch": 7680, "projected": 22, "collected": 25, "mean_removed_ratio": 0.05024166007272222, "strict_current_topk": false, "project_active_experts": [0, 2, 3, 4, 6, 8, 9, 11, 12, 14, 15, 17, 19, 20, 21, 24]}
{"event": "split_lite_step", "task_id": 9, "batch": 7700, "projected": 22, "collected": 25, "mean_removed_ratio": 0.05541875653646209, "strict_current_topk": false, "project_active_experts": [0, 2, 3, 4, 6, 8, 9, 11, 12, 14, 15, 17, 19, 20, 21, 24]}
{"event": "split_lite_step", "task_id": 9, "batch": 7720, "projected": 22, "collected": 25, "mean_removed_ratio": 0.04744828102940863, "strict_current_topk": false, "project_active_experts": [0, 2, 3, 4, 6, 8, 9, 11, 12, 14, 15, 17, 19, 20, 21, 24]}
{"event": "split_lite_step", "task_id": 9, "batch": 7740, "projected": 22, "collected": 25, "mean_removed_ratio": 0.05776646826416254, "strict_current_topk": false, "project_active_experts": [0, 2, 3, 4, 6, 8, 9, 11, 12, 14, 15, 17, 19, 20, 21, 24]}
{"event": "split_lite_step", "task_id": 9, "batch": 7760, "projected": 22, "collected": 25, "mean_removed_ratio": 0.04670360070568594, "strict_current_topk": false, "project_active_experts": [0, 2, 3, 4, 6, 8, 9, 11, 12, 14, 15, 17, 19, 20, 21, 24]}
{"event": "split_lite_step", "task_id": 9, "batch": 7780, "projected": 22, "collected": 25, "mean_removed_ratio": 0.048458318607035006, "strict_current_topk": false, "project_active_experts": [0, 2, 3, 4, 6, 8, 9, 11, 12, 14, 15, 17, 19, 20, 21, 24]}
{"event": "split_lite_step", "task_id": 9, "batch": 7800, "projected": 22, "collected": 25, "mean_removed_ratio": 0.04239536373114044, "strict_current_topk": false, "project_active_experts": [0, 2, 3, 4, 6, 8, 9, 11, 12, 14, 15, 17, 19, 20, 21, 24]}
{"event": "split_lite_step", "task_id": 9, "batch": 7820, "projected": 22, "collected": 25, "mean_removed_ratio": 0.04872787108814174, "strict_current_topk": false, "project_active_experts": [0, 2, 3, 4, 6, 8, 9, 11, 12, 14, 15, 17, 19, 20, 21, 24]}
{"event": "split_lite_step", "task_id": 9, "batch": 7840, "projected": 22, "collected": 25, "mean_removed_ratio": 0.028440436771647495, "strict_current_topk": false, "project_active_experts": [0, 2, 3, 4, 6, 8, 9, 11, 12, 14, 15, 17, 19, 20, 21, 24]}
{"event": "split_lite_step", "task_id": 9, "batch": 7860, "projected": 22, "collected": 25, "mean_removed_ratio": 0.054476934781467375, "strict_current_topk": false, "project_active_experts": [0, 2, 3, 4, 6, 8, 9, 11, 12, 14, 15, 17, 19, 20, 21, 24]}
{"event": "split_lite_step", "task_id": 9, "batch": 7880, "projected": 22, "collected": 25, "mean_removed_ratio": 0.04896773673086004, "strict_current_topk": false, "project_active_experts": [0, 2, 3, 4, 6, 8, 9, 11, 12, 14, 15, 17, 19, 20, 21, 24]}
{"event": "split_lite_step", "task_id": 9, "batch": 7900, "projected": 22, "collected": 25, "mean_removed_ratio": 0.04888313263654709, "strict_current_topk": false, "project_active_experts": [0, 2, 3, 4, 6, 8, 9, 11, 12, 14, 15, 17, 19, 20, 21, 24]}
{"event": "split_lite_step", "task_id": 9, "batch": 7920, "projected": 22, "collected": 25, "mean_removed_ratio": 0.04395361299711195, "strict_current_topk": false, "project_active_experts": [0, 2, 3, 4, 6, 8, 9, 11, 12, 14, 15, 17, 19, 20, 21, 24]}
{"event": "split_lite_step", "task_id": 9, "batch": 7940, "projected": 22, "collected": 25, "mean_removed_ratio": 0.04753094174983827, "strict_current_topk": false, "project_active_experts": [0, 2, 3, 4, 6, 8, 9, 11, 12, 14, 15, 17, 19, 20, 21, 24]}
{"event": "split_lite_step", "task_id": 9, "batch": 7960, "projected": 22, "collected": 25, "mean_removed_ratio": 0.04906806493686004, "strict_current_topk": false, "project_active_experts": [0, 2, 3, 4, 6, 8, 9, 11, 12, 14, 15, 17, 19, 20, 21, 24]}
{"event": "split_lite_step", "task_id": 9, "batch": 7980, "projected": 22, "collected": 25, "mean_removed_ratio": 0.043297694911333645, "strict_current_topk": false, "project_active_experts": [0, 2, 3, 4, 6, 8, 9, 11, 12, 14, 15, 17, 19, 20, 21, 24]}
{"event": "split_lite_step", "task_id": 9, "batch": 8000, "projected": 22, "collected": 25, "mean_removed_ratio": 0.046546526845883236, "strict_current_topk": false, "project_active_experts": [0, 2, 3, 4, 6, 8, 9, 11, 12, 14, 15, 17, 19, 20, 21, 24]}
{"event": "split_lite_step", "task_id": 9, "batch": 8020, "projected": 22, "collected": 25, "mean_removed_ratio": 0.07930432818830013, "strict_current_topk": false, "project_active_experts": [0, 2, 3, 4, 6, 8, 9, 11, 12, 14, 15, 17, 19, 20, 21, 24]}
{"event": "split_lite_step", "task_id": 9, "batch": 8040, "projected": 22, "collected": 25, "mean_removed_ratio": 0.058878874660215595, "strict_current_topk": false, "project_active_experts": [0, 2, 3, 4, 6, 8, 9, 11, 12, 14, 15, 17, 19, 20, 21, 24]}
{"event": "split_lite_step", "task_id": 9, "batch": 8060, "projected": 22, "collected": 25, "mean_removed_ratio": 0.048847986215894874, "strict_current_topk": false, "project_active_experts": [0, 2, 3, 4, 6, 8, 9, 11, 12, 14, 15, 17, 19, 20, 21, 24]}
{"event": "split_lite_step", "task_id": 9, "batch": 8080, "projected": 22, "collected": 25, "mean_removed_ratio": 0.0405973538079045, "strict_current_topk": false, "project_active_experts": [0, 2, 3, 4, 6, 8, 9, 11, 12, 14, 15, 17, 19, 20, 21, 24]}
{"event": "split_lite_step", "task_id": 9, "batch": 8100, "projected": 22, "collected": 25, "mean_removed_ratio": 0.04793901415541768, "strict_current_topk": false, "project_active_experts": [0, 2, 3, 4, 6, 8, 9, 11, 12, 14, 15, 17, 19, 20, 21, 24]}
{"event": "split_lite_step", "task_id": 9, "batch": 8120, "projected": 22, "collected": 25, "mean_removed_ratio": 0.045681440864096985, "strict_current_topk": false, "project_active_experts": [0, 2, 3, 4, 6, 8, 9, 11, 12, 14, 15, 17, 19, 20, 21, 24]}
{"event": "split_lite_step", "task_id": 9, "batch": 8140, "projected": 22, "collected": 25, "mean_removed_ratio": 0.05420473251830448, "strict_current_topk": false, "project_active_experts": [0, 2, 3, 4, 6, 8, 9, 11, 12, 14, 15, 17, 19, 20, 21, 24]}
{"event": "split_lite_step", "task_id": 9, "batch": 8160, "projected": 22, "collected": 25, "mean_removed_ratio": 0.06346609595824372, "strict_current_topk": false, "project_active_experts": [0, 2, 3, 4, 6, 8, 9, 11, 12, 14, 15, 17, 19, 20, 21, 24]}
{"event": "split_lite_step", "task_id": 9, "batch": 8180, "projected": 22, "collected": 25, "mean_removed_ratio": 0.042980741963467815, "strict_current_topk": false, "project_active_experts": [0, 2, 3, 4, 6, 8, 9, 11, 12, 14, 15, 17, 19, 20, 21, 24]}
{"event": "split_lite_task_finish", "task_id": 9, "rank": 4, "alpha": 0.2, "interval": 20, "buffer_size": 24, "expert_threshold": 0.03, "active_topk": 16, "strict_current_topk": false, "active_experts": [0, 2, 3, 4, 6, 8, 9, 10, 11, 12, 14, 15, 19, 20, 21, 24], "usage": {"vector": [0.10004004836082458, 0.0, 0.09683492034673691, 0.06635282188653946, 0.057164788246154785, 0.0029780978802591562, 0.05867386981844902, 0.0231503713876009, 0.03558359667658806, 0.06720752269029617, 0.03543669357895851, 0.03333333134651184, 0.06450320035219193, 6.677349574601976e-06, 0.03333333134651184, 0.10001333802938461, 0.0013020832557231188, 0.03324652463197708, 6.677349574601976e-06, 0.06666666269302368, 0.03333333134651184, 0.03333333134651184, 0.0, 0.0, 0.05749865621328354], "top3": [0, 15, 2], "top5": [0, 15, 2, 9, 19], "top3_mass": 0.2968883216381073, "top5_mass": 0.43076249957084656, "entropy": 2.816697359085083, "max_entropy": 3.2188758248682006}, "basis_sizes": {"e_pv": {"0": 4, "2": 4, "3": 4, "4": 4, "6": 4, "8": 4, "9": 4, "10": 4, "11": 4, "12": 4, "14": 4, "15": 4, "19": 4, "20": 4, "21": 4, "24": 4}}, "stats": {"project_calls": 410, "projected_vectors": 6981, "collected_vectors": 10250, "skipped_steps": 7780}, "diagnostics": {"expert_usage_mode": "task", "previous_selected_jaccard": 0.8823529411764706, "cp_overlap": null}}
