{"event": "split_lite_step", "task_id": 0, "batch": 0, "projected": 0, "collected": 25, "mean_removed_ratio": 0.0, "strict_current_topk": false, "project_active_experts": null}
{"event": "split_lite_step", "task_id": 0, "batch": 20, "projected": 0, "collected": 25, "mean_removed_ratio": 0.0, "strict_current_topk": false, "project_active_experts": null}
{"event": "split_lite_step", "task_id": 0, "batch": 40, "projected": 0, "collected": 25, "mean_removed_ratio": 0.0, "strict_current_topk": false, "project_active_experts": null}
{"event": "split_lite_step", "task_id": 0, "batch": 60, "projected": 0, "collected": 25, "mean_removed_ratio": 0.0, "strict_current_topk": false, "project_active_experts": null}
{"event": "split_lite_step", "task_id": 0, "batch": 80, "projected": 0, "collected": 25, "mean_removed_ratio": 0.0, "strict_current_topk": false, "project_active_experts": null}
{"event": "split_lite_step", "task_id": 0, "batch": 100, "projected": 0, "collected": 25, "mean_removed_ratio": 0.0, "strict_current_topk": false, "project_active_experts": null}
{"event": "split_lite_step", "task_id": 0, "batch": 120, "projected": 0, "collected": 25, "mean_removed_ratio": 0.0, "strict_current_topk": false, "project_active_experts": null}
{"event": "split_lite_step", "task_id": 0, "batch": 140, "projected": 0, "collected": 25, "mean_removed_ratio": 0.0, "strict_current_topk": false, "project_active_experts": null}
{"event": "split_lite_step", "task_id": 0, "batch": 160, "projected": 0, "collected": 25, "mean_removed_ratio": 0.0, "strict_current_topk": false, "project_active_experts": null}
{"event": "split_lite_step", "task_id": 0, "batch": 180, "projected": 0, "collected": 25, "mean_removed_ratio": 0.0, "strict_current_topk": false, "project_active_experts": null}
{"event": "split_lite_step", "task_id": 0, "batch": 200, "projected": 0, "collected": 25, "mean_removed_ratio": 0.0, "strict_current_topk": false, "project_active_experts": null}
{"event": "split_lite_step", "task_id": 0, "batch": 220, "projected": 0, "collected": 25, "mean_removed_ratio": 0.0, "strict_current_topk": false, "project_active_experts": null}
{"event": "split_lite_step", "task_id": 0, "batch": 240, "projected": 0, "collected": 25, "mean_removed_ratio": 0.0, "strict_current_topk": false, "project_active_experts": null}
{"event": "split_lite_step", "task_id": 0, "batch": 260, "projected": 0, "collected": 25, "mean_removed_ratio": 0.0, "strict_current_topk": false, "project_active_experts": null}
{"event": "split_lite_step", "task_id": 0, "batch": 280, "projected": 0, "collected": 25, "mean_removed_ratio": 0.0, "strict_current_topk": false, "project_active_experts": null}
{"event": "split_lite_step", "task_id": 0, "batch": 300, "projected": 0, "collected": 25, "mean_removed_ratio": 0.0, "strict_current_topk": false, "project_active_experts": null}
{"event": "split_lite_step", "task_id": 0, "batch": 320, "projected": 0, "collected": 25, "mean_removed_ratio": 0.0, "strict_current_topk": false, "project_active_experts": null}
{"event": "split_lite_step", "task_id": 0, "batch": 340, "projected": 0, "collected": 25, "mean_removed_ratio": 0.0, "strict_current_topk": false, "project_active_experts": null}
{"event": "split_lite_step", "task_id": 0, "batch": 360, "projected": 0, "collected": 25, "mean_removed_ratio": 0.0, "strict_current_topk": false, "project_active_experts": null}
{"event": "split_lite_step", "task_id": 0, "batch": 380, "projected": 0, "collected": 25, "mean_removed_ratio": 0.0, "strict_current_topk": false, "project_active_experts": null}
{"event": "split_lite_step", "task_id": 0, "batch": 400, "projected": 0, "collected": 25, "mean_removed_ratio": 0.0, "strict_current_topk": false, "project_active_experts": null}
{"event": "split_lite_step", "task_id": 0, "batch": 420, "projected": 0, "collected": 25, "mean_removed_ratio": 0.0, "strict_current_topk": false, "project_active_experts": null}
{"event": "split_lite_step", "task_id": 0, "batch": 440, "projected": 0, "collected": 25, "mean_removed_ratio": 0.0, "strict_current_topk": false, "project_active_experts": null}
{"event": "split_lite_step", "task_id": 0, "batch": 460, "projected": 0, "collected": 25, "mean_removed_ratio": 0.0, "strict_current_topk": false, "project_active_experts": null}
{"event": "split_lite_step", "task_id": 0, "batch": 480, "projected": 0, "collected": 25, "mean_removed_ratio": 0.0, "strict_current_topk": false, "project_active_experts": null}
{"event": "split_lite_step", "task_id": 0, "batch": 500, "projected": 0, "collected": 25, "mean_removed_ratio": 0.0, "strict_current_topk": false, "project_active_experts": null}
{"event": "split_lite_step", "task_id": 0, "batch": 520, "projected": 0, "collected": 25, "mean_removed_ratio": 0.0, "strict_current_topk": false, "project_active_experts": null}
{"event": "split_lite_step", "task_id": 0, "batch": 540, "projected": 0, "collected": 25, "mean_removed_ratio": 0.0, "strict_current_topk": false, "project_active_experts": null}
{"event": "split_lite_step", "task_id": 0, "batch": 560, "projected": 0, "collected": 25, "mean_removed_ratio": 0.0, "strict_current_topk": false, "project_active_experts": null}
{"event": "split_lite_step", "task_id": 0, "batch": 580, "projected": 0, "collected": 25, "mean_removed_ratio": 0.0, "strict_current_topk": false, "project_active_experts": null}
{"event": "split_lite_step", "task_id": 0, "batch": 600, "projected": 0, "collected": 25, "mean_removed_ratio": 0.0, "strict_current_topk": false, "project_active_experts": null}
{"event": "split_lite_step", "task_id": 0, "batch": 620, "projected": 0, "collected": 25, "mean_removed_ratio": 0.0, "strict_current_topk": false, "project_active_experts": null}
{"event": "split_lite_step", "task_id": 0, "batch": 640, "projected": 0, "collected": 25, "mean_removed_ratio": 0.0, "strict_current_topk": false, "project_active_experts": null}
{"event": "split_lite_step", "task_id": 0, "batch": 660, "projected": 0, "collected": 25, "mean_removed_ratio": 0.0, "strict_current_topk": false, "project_active_experts": null}
{"event": "split_lite_step", "task_id": 0, "batch": 680, "projected": 0, "collected": 25, "mean_removed_ratio": 0.0, "strict_current_topk": false, "project_active_experts": null}
{"event": "split_lite_step", "task_id": 0, "batch": 700, "projected": 0, "collected": 25, "mean_removed_ratio": 0.0, "strict_current_topk": false, "project_active_experts": null}
{"event": "split_lite_step", "task_id": 0, "batch": 720, "projected": 0, "collected": 25, "mean_removed_ratio": 0.0, "strict_current_topk": false, "project_active_experts": null}
{"event": "split_lite_step", "task_id": 0, "batch": 740, "projected": 0, "collected": 25, "mean_removed_ratio": 0.0, "strict_current_topk": false, "project_active_experts": null}
{"event": "split_lite_step", "task_id": 0, "batch": 760, "projected": 0, "collected": 25, "mean_removed_ratio": 0.0, "strict_current_topk": false, "project_active_experts": null}
{"event": "split_lite_step", "task_id": 0, "batch": 780, "projected": 0, "collected": 25, "mean_removed_ratio": 0.0, "strict_current_topk": false, "project_active_experts": null}
{"event": "split_lite_step", "task_id": 0, "batch": 800, "projected": 0, "collected": 25, "mean_removed_ratio": 0.0, "strict_current_topk": false, "project_active_experts": null}
{"event": "split_lite_step", "task_id": 0, "batch": 820, "projected": 0, "collected": 25, "mean_removed_ratio": 0.0, "strict_current_topk": false, "project_active_experts": null}
{"event": "split_lite_step", "task_id": 0, "batch": 840, "projected": 0, "collected": 25, "mean_removed_ratio": 0.0, "strict_current_topk": false, "project_active_experts": null}
{"event": "split_lite_step", "task_id": 0, "batch": 860, "projected": 0, "collected": 25, "mean_removed_ratio": 0.0, "strict_current_topk": false, "project_active_experts": null}
{"event": "split_lite_step", "task_id": 0, "batch": 880, "projected": 0, "collected": 25, "mean_removed_ratio": 0.0, "strict_current_topk": false, "project_active_experts": null}
{"event": "split_lite_step", "task_id": 0, "batch": 900, "projected": 0, "collected": 25, "mean_removed_ratio": 0.0, "strict_current_topk": false, "project_active_experts": null}
{"event": "split_lite_step", "task_id": 0, "batch": 920, "projected": 0, "collected": 25, "mean_removed_ratio": 0.0, "strict_current_topk": false, "project_active_experts": null}
{"event": "split_lite_step", "task_id": 0, "batch": 940, "projected": 0, "collected": 25, "mean_removed_ratio": 0.0, "strict_current_topk": false, "project_active_experts": null}
{"event": "split_lite_step", "task_id": 0, "batch": 960, "projected": 0, "collected": 25, "mean_removed_ratio": 0.0, "strict_current_topk": false, "project_active_experts": null}
{"event": "split_lite_step", "task_id": 0, "batch": 980, "projected": 0, "collected": 25, "mean_removed_ratio": 0.0, "strict_current_topk": false, "project_active_experts": null}
{"event": "split_lite_step", "task_id": 0, "batch": 1000, "projected": 0, "collected": 25, "mean_removed_ratio": 0.0, "strict_current_topk": false, "project_active_experts": null}
{"event": "split_lite_step", "task_id": 0, "batch": 1020, "projected": 0, "collected": 25, "mean_removed_ratio": 0.0, "strict_current_topk": false, "project_active_experts": null}
{"event": "split_lite_step", "task_id": 0, "batch": 1040, "projected": 0, "collected": 25, "mean_removed_ratio": 0.0, "strict_current_topk": false, "project_active_experts": null}
{"event": "split_lite_step", "task_id": 0, "batch": 1060, "projected": 0, "collected": 25, "mean_removed_ratio": 0.0, "strict_current_topk": false, "project_active_experts": null}
{"event": "split_lite_step", "task_id": 0, "batch": 1080, "projected": 0, "collected": 25, "mean_removed_ratio": 0.0, "strict_current_topk": false, "project_active_experts": null}
{"event": "split_lite_step", "task_id": 0, "batch": 1100, "projected": 0, "collected": 25, "mean_removed_ratio": 0.0, "strict_current_topk": false, "project_active_experts": null}
{"event": "split_lite_step", "task_id": 0, "batch": 1120, "projected": 0, "collected": 25, "mean_removed_ratio": 0.0, "strict_current_topk": false, "project_active_experts": null}
{"event": "split_lite_step", "task_id": 0, "batch": 1140, "projected": 0, "collected": 25, "mean_removed_ratio": 0.0, "strict_current_topk": false, "project_active_experts": null}
{"event": "split_lite_step", "task_id": 0, "batch": 1160, "projected": 0, "collected": 25, "mean_removed_ratio": 0.0, "strict_current_topk": false, "project_active_experts": null}
{"event": "split_lite_task_finish", "task_id": 0, "rank": 4, "alpha": 0.2, "interval": 20, "buffer_size": 24, "expert_threshold": 0.03, "active_topk": 16, "strict_current_topk": false, "active_experts": [0, 2, 3, 4, 6, 8, 9, 10, 13, 14, 15, 18, 19, 21, 22, 24], "usage": {"vector": [0.10488169640302658, 0.0, 0.07648201286792755, 0.07092050462961197, 0.03820352628827095, 0.0, 0.06977371871471405, 0.0, 0.0374390110373497, 0.04675566405057907, 0.04672568291425705, 0.0, 0.0, 0.06450452655553818, 0.048846855759620667, 0.10764745622873306, 0.0, 0.0, 0.037416525185108185, 0.07439832389354706, 0.0, 0.037416525185108185, 0.06950388848781586, 0.0, 0.06908415257930756], "top3": [15, 0, 2], "top5": [15, 0, 2, 19, 3], "top3_mass": 0.2890111804008484, "top5_mass": 0.4343299865722656, "entropy": 2.713963270187378, "max_entropy": 3.2188758248682006}, "basis_sizes": {"e_pv": {"0": 4, "2": 4, "3": 4, "4": 4, "6": 4, "8": 4, "9": 4, "10": 4, "13": 4, "14": 4, "15": 4, "18": 4, "19": 4, "21": 4, "22": 4, "24": 4}}, "stats": {"project_calls": 59, "projected_vectors": 0, "collected_vectors": 1475, "skipped_steps": 1111}, "diagnostics": {"expert_usage_mode": "old_union", "previous_selected_jaccard": 0.0, "cp_overlap": null}}
{"event": "split_lite_step", "task_id": 1, "batch": 1180, "projected": 16, "collected": 25, "mean_removed_ratio": 0.06911044125445187, "strict_current_topk": false, "project_active_experts": [0, 2, 3, 4, 6, 8, 9, 10, 13, 14, 15, 18, 19, 21, 22, 24]}
{"event": "split_lite_step", "task_id": 1, "batch": 1200, "projected": 16, "collected": 25, "mean_removed_ratio": 0.10853483388200402, "strict_current_topk": false, "project_active_experts": [0, 2, 3, 4, 6, 8, 9, 10, 13, 14, 15, 18, 19, 21, 22, 24]}
{"event": "split_lite_step", "task_id": 1, "batch": 1220, "projected": 16, "collected": 25, "mean_removed_ratio": 0.06214136409107596, "strict_current_topk": false, "project_active_experts": [0, 2, 3, 4, 6, 8, 9, 10, 13, 14, 15, 18, 19, 21, 22, 24]}
{"event": "split_lite_step", "task_id": 1, "batch": 1240, "projected": 16, "collected": 25, "mean_removed_ratio": 0.08406182378530502, "strict_current_topk": false, "project_active_experts": [0, 2, 3, 4, 6, 8, 9, 10, 13, 14, 15, 18, 19, 21, 22, 24]}
{"event": "split_lite_step", "task_id": 1, "batch": 1260, "projected": 16, "collected": 25, "mean_removed_ratio": 0.07322185207158327, "strict_current_topk": false, "project_active_experts": [0, 2, 3, 4, 6, 8, 9, 10, 13, 14, 15, 18, 19, 21, 22, 24]}
{"event": "split_lite_step", "task_id": 1, "batch": 1280, "projected": 16, "collected": 25, "mean_removed_ratio": 0.04268774657975882, "strict_current_topk": false, "project_active_experts": [0, 2, 3, 4, 6, 8, 9, 10, 13, 14, 15, 18, 19, 21, 22, 24]}
{"event": "split_lite_step", "task_id": 1, "batch": 1300, "projected": 16, "collected": 25, "mean_removed_ratio": 0.04648708528839052, "strict_current_topk": false, "project_active_experts": [0, 2, 3, 4, 6, 8, 9, 10, 13, 14, 15, 18, 19, 21, 22, 24]}
{"event": "split_lite_step", "task_id": 1, "batch": 1320, "projected": 16, "collected": 25, "mean_removed_ratio": 0.03055392551323166, "strict_current_topk": false, "project_active_experts": [0, 2, 3, 4, 6, 8, 9, 10, 13, 14, 15, 18, 19, 21, 22, 24]}
{"event": "split_lite_step", "task_id": 1, "batch": 1340, "projected": 16, "collected": 25, "mean_removed_ratio": 0.058115309628192335, "strict_current_topk": false, "project_active_experts": [0, 2, 3, 4, 6, 8, 9, 10, 13, 14, 15, 18, 19, 21, 22, 24]}
{"event": "split_lite_step", "task_id": 1, "batch": 1360, "projected": 16, "collected": 25, "mean_removed_ratio": 0.04552881885319948, "strict_current_topk": false, "project_active_experts": [0, 2, 3, 4, 6, 8, 9, 10, 13, 14, 15, 18, 19, 21, 22, 24]}
{"event": "split_lite_step", "task_id": 1, "batch": 1380, "projected": 16, "collected": 25, "mean_removed_ratio": 0.03463232651120052, "strict_current_topk": false, "project_active_experts": [0, 2, 3, 4, 6, 8, 9, 10, 13, 14, 15, 18, 19, 21, 22, 24]}
{"event": "split_lite_step", "task_id": 1, "batch": 1400, "projected": 16, "collected": 25, "mean_removed_ratio": 0.05078333837445825, "strict_current_topk": false, "project_active_experts": [0, 2, 3, 4, 6, 8, 9, 10, 13, 14, 15, 18, 19, 21, 22, 24]}
{"event": "split_lite_step", "task_id": 1, "batch": 1420, "projected": 16, "collected": 25, "mean_removed_ratio": 0.04264970985241234, "strict_current_topk": false, "project_active_experts": [0, 2, 3, 4, 6, 8, 9, 10, 13, 14, 15, 18, 19, 21, 22, 24]}
{"event": "split_lite_step", "task_id": 1, "batch": 1440, "projected": 16, "collected": 25, "mean_removed_ratio": 0.034401718119625, "strict_current_topk": false, "project_active_experts": [0, 2, 3, 4, 6, 8, 9, 10, 13, 14, 15, 18, 19, 21, 22, 24]}
{"event": "split_lite_step", "task_id": 1, "batch": 1460, "projected": 16, "collected": 25, "mean_removed_ratio": 0.06368195521645248, "strict_current_topk": false, "project_active_experts": [0, 2, 3, 4, 6, 8, 9, 10, 13, 14, 15, 18, 19, 21, 22, 24]}
{"event": "split_lite_step", "task_id": 1, "batch": 1480, "projected": 16, "collected": 25, "mean_removed_ratio": 0.0393941966467537, "strict_current_topk": false, "project_active_experts": [0, 2, 3, 4, 6, 8, 9, 10, 13, 14, 15, 18, 19, 21, 22, 24]}
{"event": "split_lite_step", "task_id": 1, "batch": 1500, "projected": 16, "collected": 25, "mean_removed_ratio": 0.03973033057991415, "strict_current_topk": false, "project_active_experts": [0, 2, 3, 4, 6, 8, 9, 10, 13, 14, 15, 18, 19, 21, 22, 24]}
{"event": "split_lite_step", "task_id": 1, "batch": 1520, "projected": 16, "collected": 25, "mean_removed_ratio": 0.04857410304248333, "strict_current_topk": false, "project_active_experts": [0, 2, 3, 4, 6, 8, 9, 10, 13, 14, 15, 18, 19, 21, 22, 24]}
{"event": "split_lite_step", "task_id": 1, "batch": 1540, "projected": 16, "collected": 25, "mean_removed_ratio": 0.04078487434890121, "strict_current_topk": false, "project_active_experts": [0, 2, 3, 4, 6, 8, 9, 10, 13, 14, 15, 18, 19, 21, 22, 24]}
{"event": "split_lite_step", "task_id": 1, "batch": 1560, "projected": 16, "collected": 25, "mean_removed_ratio": 0.03693626614403911, "strict_current_topk": false, "project_active_experts": [0, 2, 3, 4, 6, 8, 9, 10, 13, 14, 15, 18, 19, 21, 22, 24]}
{"event": "split_lite_step", "task_id": 1, "batch": 1580, "projected": 16, "collected": 25, "mean_removed_ratio": 0.03487383184256032, "strict_current_topk": false, "project_active_experts": [0, 2, 3, 4, 6, 8, 9, 10, 13, 14, 15, 18, 19, 21, 22, 24]}
{"event": "split_lite_step", "task_id": 1, "batch": 1600, "projected": 16, "collected": 25, "mean_removed_ratio": 0.050360562454443425, "strict_current_topk": false, "project_active_experts": [0, 2, 3, 4, 6, 8, 9, 10, 13, 14, 15, 18, 19, 21, 22, 24]}
{"event": "split_lite_step", "task_id": 1, "batch": 1620, "projected": 16, "collected": 25, "mean_removed_ratio": 0.04311868885997683, "strict_current_topk": false, "project_active_experts": [0, 2, 3, 4, 6, 8, 9, 10, 13, 14, 15, 18, 19, 21, 22, 24]}
{"event": "split_lite_step", "task_id": 1, "batch": 1640, "projected": 16, "collected": 25, "mean_removed_ratio": 0.04570538364350796, "strict_current_topk": false, "project_active_experts": [0, 2, 3, 4, 6, 8, 9, 10, 13, 14, 15, 18, 19, 21, 22, 24]}
{"event": "split_lite_step", "task_id": 1, "batch": 1660, "projected": 16, "collected": 25, "mean_removed_ratio": 0.05591657222248614, "strict_current_topk": false, "project_active_experts": [0, 2, 3, 4, 6, 8, 9, 10, 13, 14, 15, 18, 19, 21, 22, 24]}
{"event": "split_lite_step", "task_id": 1, "batch": 1680, "projected": 16, "collected": 25, "mean_removed_ratio": 0.04678456194233149, "strict_current_topk": false, "project_active_experts": [0, 2, 3, 4, 6, 8, 9, 10, 13, 14, 15, 18, 19, 21, 22, 24]}
{"event": "split_lite_step", "task_id": 1, "batch": 1700, "projected": 16, "collected": 25, "mean_removed_ratio": 0.05521862965542823, "strict_current_topk": false, "project_active_experts": [0, 2, 3, 4, 6, 8, 9, 10, 13, 14, 15, 18, 19, 21, 22, 24]}
{"event": "split_lite_step", "task_id": 1, "batch": 1720, "projected": 16, "collected": 25, "mean_removed_ratio": 0.04269601695705205, "strict_current_topk": false, "project_active_experts": [0, 2, 3, 4, 6, 8, 9, 10, 13, 14, 15, 18, 19, 21, 22, 24]}
{"event": "split_lite_step", "task_id": 1, "batch": 1740, "projected": 16, "collected": 25, "mean_removed_ratio": 0.02910850429907441, "strict_current_topk": false, "project_active_experts": [0, 2, 3, 4, 6, 8, 9, 10, 13, 14, 15, 18, 19, 21, 22, 24]}
{"event": "split_lite_step", "task_id": 1, "batch": 1760, "projected": 16, "collected": 25, "mean_removed_ratio": 0.052798995107878, "strict_current_topk": false, "project_active_experts": [0, 2, 3, 4, 6, 8, 9, 10, 13, 14, 15, 18, 19, 21, 22, 24]}
{"event": "split_lite_step", "task_id": 1, "batch": 1780, "projected": 16, "collected": 25, "mean_removed_ratio": 0.04545197915285826, "strict_current_topk": false, "project_active_experts": [0, 2, 3, 4, 6, 8, 9, 10, 13, 14, 15, 18, 19, 21, 22, 24]}
{"event": "split_lite_step", "task_id": 1, "batch": 1800, "projected": 16, "collected": 25, "mean_removed_ratio": 0.029883330746088177, "strict_current_topk": false, "project_active_experts": [0, 2, 3, 4, 6, 8, 9, 10, 13, 14, 15, 18, 19, 21, 22, 24]}
{"event": "split_lite_step", "task_id": 1, "batch": 1820, "projected": 16, "collected": 25, "mean_removed_ratio": 0.03751972917234525, "strict_current_topk": false, "project_active_experts": [0, 2, 3, 4, 6, 8, 9, 10, 13, 14, 15, 18, 19, 21, 22, 24]}
{"event": "split_lite_step", "task_id": 1, "batch": 1840, "projected": 16, "collected": 25, "mean_removed_ratio": 0.038896167650818825, "strict_current_topk": false, "project_active_experts": [0, 2, 3, 4, 6, 8, 9, 10, 13, 14, 15, 18, 19, 21, 22, 24]}
{"event": "split_lite_step", "task_id": 1, "batch": 1860, "projected": 16, "collected": 25, "mean_removed_ratio": 0.04948637360939756, "strict_current_topk": false, "project_active_experts": [0, 2, 3, 4, 6, 8, 9, 10, 13, 14, 15, 18, 19, 21, 22, 24]}
{"event": "split_lite_step", "task_id": 1, "batch": 1880, "projected": 16, "collected": 25, "mean_removed_ratio": 0.04515960224671289, "strict_current_topk": false, "project_active_experts": [0, 2, 3, 4, 6, 8, 9, 10, 13, 14, 15, 18, 19, 21, 22, 24]}
{"event": "split_lite_step", "task_id": 1, "batch": 1900, "projected": 16, "collected": 25, "mean_removed_ratio": 0.05933510360773653, "strict_current_topk": false, "project_active_experts": [0, 2, 3, 4, 6, 8, 9, 10, 13, 14, 15, 18, 19, 21, 22, 24]}
{"event": "split_lite_step", "task_id": 1, "batch": 1920, "projected": 16, "collected": 25, "mean_removed_ratio": 0.038649494148558006, "strict_current_topk": false, "project_active_experts": [0, 2, 3, 4, 6, 8, 9, 10, 13, 14, 15, 18, 19, 21, 22, 24]}
{"event": "split_lite_step", "task_id": 1, "batch": 1940, "projected": 16, "collected": 25, "mean_removed_ratio": 0.04444478522054851, "strict_current_topk": false, "project_active_experts": [0, 2, 3, 4, 6, 8, 9, 10, 13, 14, 15, 18, 19, 21, 22, 24]}
{"event": "split_lite_task_finish", "task_id": 1, "rank": 4, "alpha": 0.2, "interval": 20, "buffer_size": 24, "expert_threshold": 0.03, "active_topk": 16, "strict_current_topk": false, "active_experts": [0, 2, 3, 4, 6, 7, 9, 10, 13, 14, 15, 18, 19, 21, 22, 24], "usage": {"vector": [0.10681745409965515, 0.0, 0.07691343128681183, 0.07170328497886658, 0.03779853507876396, 0.0, 0.0869097113609314, 0.021644463762640953, 0.018418075516819954, 0.05358387529850006, 0.04138259217143059, 0.01840701326727867, 0.0, 0.07477111369371414, 0.05102488771080971, 0.10709400475025177, 0.0, 0.0, 0.03681403025984764, 0.03660016506910324, 0.01840701326727867, 0.055221039801836014, 0.052503496408462524, 0.0, 0.033985864371061325], "top3": [15, 0, 6], "top5": [15, 0, 6, 2, 13], "top3_mass": 0.3008211851119995, "top5_mass": 0.4525057077407837, "entropy": 2.810688018798828, "max_entropy": 3.2188758248682006}, "basis_sizes": {"e_pv": {"0": 4, "2": 4, "3": 4, "4": 4, "6": 4, "7": 4, "9": 4, "10": 4, "13": 4, "14": 4, "15": 4, "18": 4, "19": 4, "21": 4, "22": 4, "24": 4}}, "stats": {"project_calls": 98, "projected_vectors": 624, "collected_vectors": 2450, "skipped_steps": 1852}, "diagnostics": {"expert_usage_mode": "old_union", "previous_selected_jaccard": 0.8823529411764706, "cp_overlap": null}}
{"event": "split_lite_step", "task_id": 2, "batch": 1960, "projected": 17, "collected": 25, "mean_removed_ratio": 0.051914849647266025, "strict_current_topk": false, "project_active_experts": [0, 2, 3, 4, 6, 7, 9, 10, 13, 14, 15, 18, 19, 21, 22, 24]}
{"event": "split_lite_step", "task_id": 2, "batch": 1980, "projected": 17, "collected": 25, "mean_removed_ratio": 0.04114098178551478, "strict_current_topk": false, "project_active_experts": [0, 2, 3, 4, 6, 7, 9, 10, 13, 14, 15, 18, 19, 21, 22, 24]}
{"event": "split_lite_step", "task_id": 2, "batch": 2000, "projected": 17, "collected": 25, "mean_removed_ratio": 0.04423202848171487, "strict_current_topk": false, "project_active_experts": [0, 2, 3, 4, 6, 7, 9, 10, 13, 14, 15, 18, 19, 21, 22, 24]}
{"event": "split_lite_step", "task_id": 2, "batch": 2020, "projected": 17, "collected": 25, "mean_removed_ratio": 0.05761904170846238, "strict_current_topk": false, "project_active_experts": [0, 2, 3, 4, 6, 7, 9, 10, 13, 14, 15, 18, 19, 21, 22, 24]}
{"event": "split_lite_step", "task_id": 2, "batch": 2040, "projected": 17, "collected": 25, "mean_removed_ratio": 0.07777286496232538, "strict_current_topk": false, "project_active_experts": [0, 2, 3, 4, 6, 7, 9, 10, 13, 14, 15, 18, 19, 21, 22, 24]}
{"event": "split_lite_step", "task_id": 2, "batch": 2060, "projected": 17, "collected": 25, "mean_removed_ratio": 0.04298587965176386, "strict_current_topk": false, "project_active_experts": [0, 2, 3, 4, 6, 7, 9, 10, 13, 14, 15, 18, 19, 21, 22, 24]}
{"event": "split_lite_step", "task_id": 2, "batch": 2080, "projected": 17, "collected": 25, "mean_removed_ratio": 0.06237327581381097, "strict_current_topk": false, "project_active_experts": [0, 2, 3, 4, 6, 7, 9, 10, 13, 14, 15, 18, 19, 21, 22, 24]}
{"event": "split_lite_step", "task_id": 2, "batch": 2100, "projected": 17, "collected": 25, "mean_removed_ratio": 0.04373051943805288, "strict_current_topk": false, "project_active_experts": [0, 2, 3, 4, 6, 7, 9, 10, 13, 14, 15, 18, 19, 21, 22, 24]}
{"event": "split_lite_step", "task_id": 2, "batch": 2120, "projected": 17, "collected": 25, "mean_removed_ratio": 0.030879567979889756, "strict_current_topk": false, "project_active_experts": [0, 2, 3, 4, 6, 7, 9, 10, 13, 14, 15, 18, 19, 21, 22, 24]}
{"event": "split_lite_step", "task_id": 2, "batch": 2140, "projected": 17, "collected": 25, "mean_removed_ratio": 0.050385145744418394, "strict_current_topk": false, "project_active_experts": [0, 2, 3, 4, 6, 7, 9, 10, 13, 14, 15, 18, 19, 21, 22, 24]}
{"event": "split_lite_step", "task_id": 2, "batch": 2160, "projected": 17, "collected": 25, "mean_removed_ratio": 0.03813027612426702, "strict_current_topk": false, "project_active_experts": [0, 2, 3, 4, 6, 7, 9, 10, 13, 14, 15, 18, 19, 21, 22, 24]}
{"event": "split_lite_step", "task_id": 2, "batch": 2180, "projected": 17, "collected": 25, "mean_removed_ratio": 0.0506728049915503, "strict_current_topk": false, "project_active_experts": [0, 2, 3, 4, 6, 7, 9, 10, 13, 14, 15, 18, 19, 21, 22, 24]}
{"event": "split_lite_step", "task_id": 2, "batch": 2200, "projected": 17, "collected": 25, "mean_removed_ratio": 0.04212575663319405, "strict_current_topk": false, "project_active_experts": [0, 2, 3, 4, 6, 7, 9, 10, 13, 14, 15, 18, 19, 21, 22, 24]}
{"event": "split_lite_step", "task_id": 2, "batch": 2220, "projected": 17, "collected": 25, "mean_removed_ratio": 0.05365125352845473, "strict_current_topk": false, "project_active_experts": [0, 2, 3, 4, 6, 7, 9, 10, 13, 14, 15, 18, 19, 21, 22, 24]}
{"event": "split_lite_step", "task_id": 2, "batch": 2240, "projected": 17, "collected": 25, "mean_removed_ratio": 0.04904381941784831, "strict_current_topk": false, "project_active_experts": [0, 2, 3, 4, 6, 7, 9, 10, 13, 14, 15, 18, 19, 21, 22, 24]}
{"event": "split_lite_step", "task_id": 2, "batch": 2260, "projected": 17, "collected": 25, "mean_removed_ratio": 0.03871258071568959, "strict_current_topk": false, "project_active_experts": [0, 2, 3, 4, 6, 7, 9, 10, 13, 14, 15, 18, 19, 21, 22, 24]}
{"event": "split_lite_step", "task_id": 2, "batch": 2280, "projected": 17, "collected": 25, "mean_removed_ratio": 0.04376319384969333, "strict_current_topk": false, "project_active_experts": [0, 2, 3, 4, 6, 7, 9, 10, 13, 14, 15, 18, 19, 21, 22, 24]}
{"event": "split_lite_step", "task_id": 2, "batch": 2300, "projected": 17, "collected": 25, "mean_removed_ratio": 0.042126419789650864, "strict_current_topk": false, "project_active_experts": [0, 2, 3, 4, 6, 7, 9, 10, 13, 14, 15, 18, 19, 21, 22, 24]}
{"event": "split_lite_step", "task_id": 2, "batch": 2320, "projected": 17, "collected": 25, "mean_removed_ratio": 0.04771356262704905, "strict_current_topk": false, "project_active_experts": [0, 2, 3, 4, 6, 7, 9, 10, 13, 14, 15, 18, 19, 21, 22, 24]}
{"event": "split_lite_step", "task_id": 2, "batch": 2340, "projected": 17, "collected": 25, "mean_removed_ratio": 0.053519917542443556, "strict_current_topk": false, "project_active_experts": [0, 2, 3, 4, 6, 7, 9, 10, 13, 14, 15, 18, 19, 21, 22, 24]}
{"event": "split_lite_step", "task_id": 2, "batch": 2360, "projected": 17, "collected": 25, "mean_removed_ratio": 0.049983848762862826, "strict_current_topk": false, "project_active_experts": [0, 2, 3, 4, 6, 7, 9, 10, 13, 14, 15, 18, 19, 21, 22, 24]}
{"event": "split_lite_step", "task_id": 2, "batch": 2380, "projected": 17, "collected": 25, "mean_removed_ratio": 0.07192808422533904, "strict_current_topk": false, "project_active_experts": [0, 2, 3, 4, 6, 7, 9, 10, 13, 14, 15, 18, 19, 21, 22, 24]}
{"event": "split_lite_step", "task_id": 2, "batch": 2400, "projected": 17, "collected": 25, "mean_removed_ratio": 0.04547251684262472, "strict_current_topk": false, "project_active_experts": [0, 2, 3, 4, 6, 7, 9, 10, 13, 14, 15, 18, 19, 21, 22, 24]}
{"event": "split_lite_step", "task_id": 2, "batch": 2420, "projected": 17, "collected": 25, "mean_removed_ratio": 0.08651164031642325, "strict_current_topk": false, "project_active_experts": [0, 2, 3, 4, 6, 7, 9, 10, 13, 14, 15, 18, 19, 21, 22, 24]}
{"event": "split_lite_step", "task_id": 2, "batch": 2440, "projected": 17, "collected": 25, "mean_removed_ratio": 0.044793616980314255, "strict_current_topk": false, "project_active_experts": [0, 2, 3, 4, 6, 7, 9, 10, 13, 14, 15, 18, 19, 21, 22, 24]}
{"event": "split_lite_step", "task_id": 2, "batch": 2460, "projected": 17, "collected": 25, "mean_removed_ratio": 0.045484720071887266, "strict_current_topk": false, "project_active_experts": [0, 2, 3, 4, 6, 7, 9, 10, 13, 14, 15, 18, 19, 21, 22, 24]}
{"event": "split_lite_step", "task_id": 2, "batch": 2480, "projected": 17, "collected": 25, "mean_removed_ratio": 0.03719834619037369, "strict_current_topk": false, "project_active_experts": [0, 2, 3, 4, 6, 7, 9, 10, 13, 14, 15, 18, 19, 21, 22, 24]}
{"event": "split_lite_step", "task_id": 2, "batch": 2500, "projected": 17, "collected": 25, "mean_removed_ratio": 0.03918663795818301, "strict_current_topk": false, "project_active_experts": [0, 2, 3, 4, 6, 7, 9, 10, 13, 14, 15, 18, 19, 21, 22, 24]}
{"event": "split_lite_step", "task_id": 2, "batch": 2520, "projected": 17, "collected": 25, "mean_removed_ratio": 0.051130237276939786, "strict_current_topk": false, "project_active_experts": [0, 2, 3, 4, 6, 7, 9, 10, 13, 14, 15, 18, 19, 21, 22, 24]}
{"event": "split_lite_step", "task_id": 2, "batch": 2540, "projected": 17, "collected": 25, "mean_removed_ratio": 0.03439256800886463, "strict_current_topk": false, "project_active_experts": [0, 2, 3, 4, 6, 7, 9, 10, 13, 14, 15, 18, 19, 21, 22, 24]}
{"event": "split_lite_step", "task_id": 2, "batch": 2560, "projected": 17, "collected": 25, "mean_removed_ratio": 0.06954290279570748, "strict_current_topk": false, "project_active_experts": [0, 2, 3, 4, 6, 7, 9, 10, 13, 14, 15, 18, 19, 21, 22, 24]}
{"event": "split_lite_step", "task_id": 2, "batch": 2580, "projected": 17, "collected": 25, "mean_removed_ratio": 0.04692308955332812, "strict_current_topk": false, "project_active_experts": [0, 2, 3, 4, 6, 7, 9, 10, 13, 14, 15, 18, 19, 21, 22, 24]}
{"event": "split_lite_step", "task_id": 2, "batch": 2600, "projected": 17, "collected": 25, "mean_removed_ratio": 0.042454398018034065, "strict_current_topk": false, "project_active_experts": [0, 2, 3, 4, 6, 7, 9, 10, 13, 14, 15, 18, 19, 21, 22, 24]}
{"event": "split_lite_step", "task_id": 2, "batch": 2620, "projected": 17, "collected": 25, "mean_removed_ratio": 0.06091287315768354, "strict_current_topk": false, "project_active_experts": [0, 2, 3, 4, 6, 7, 9, 10, 13, 14, 15, 18, 19, 21, 22, 24]}
{"event": "split_lite_step", "task_id": 2, "batch": 2640, "projected": 17, "collected": 25, "mean_removed_ratio": 0.03469825766104109, "strict_current_topk": false, "project_active_experts": [0, 2, 3, 4, 6, 7, 9, 10, 13, 14, 15, 18, 19, 21, 22, 24]}
{"event": "split_lite_step", "task_id": 2, "batch": 2660, "projected": 17, "collected": 25, "mean_removed_ratio": 0.06881606885615517, "strict_current_topk": false, "project_active_experts": [0, 2, 3, 4, 6, 7, 9, 10, 13, 14, 15, 18, 19, 21, 22, 24]}
{"event": "split_lite_step", "task_id": 2, "batch": 2680, "projected": 17, "collected": 25, "mean_removed_ratio": 0.038446398451924324, "strict_current_topk": false, "project_active_experts": [0, 2, 3, 4, 6, 7, 9, 10, 13, 14, 15, 18, 19, 21, 22, 24]}
{"event": "split_lite_step", "task_id": 2, "batch": 2700, "projected": 17, "collected": 25, "mean_removed_ratio": 0.05537728099700283, "strict_current_topk": false, "project_active_experts": [0, 2, 3, 4, 6, 7, 9, 10, 13, 14, 15, 18, 19, 21, 22, 24]}
{"event": "split_lite_step", "task_id": 2, "batch": 2720, "projected": 17, "collected": 25, "mean_removed_ratio": 0.02876908567679279, "strict_current_topk": false, "project_active_experts": [0, 2, 3, 4, 6, 7, 9, 10, 13, 14, 15, 18, 19, 21, 22, 24]}
{"event": "split_lite_task_finish", "task_id": 2, "rank": 4, "alpha": 0.2, "interval": 20, "buffer_size": 24, "expert_threshold": 0.03, "active_topk": 16, "strict_current_topk": false, "active_experts": [0, 2, 3, 4, 6, 7, 9, 10, 11, 13, 14, 15, 18, 19, 21, 22], "usage": {"vector": [0.10842879116535187, 0.0, 0.07837370038032532, 0.07261484861373901, 0.03761019930243492, 0.0, 0.08909197151660919, 0.02674141153693199, 0.012324539944529533, 0.05890611186623573, 0.03996653854846954, 0.02469348907470703, 0.0, 0.07409527152776718, 0.04940671846270561, 0.10931211709976196, 0.0, 0.0, 0.03695141151547432, 0.03738813474774361, 0.02463427372276783, 0.0615856871008873, 0.03513295203447342, 0.0, 0.02274179644882679], "top3": [15, 0, 6], "top5": [15, 0, 6, 2, 13], "top3_mass": 0.306832879781723, "top5_mass": 0.4593018591403961, "entropy": 2.8023393154144287, "max_entropy": 3.2188758248682006}, "basis_sizes": {"e_pv": {"0": 4, "2": 4, "3": 4, "4": 4, "6": 4, "7": 4, "9": 4, "10": 4, "11": 4, "13": 4, "14": 4, "15": 4, "18": 4, "19": 4, "21": 4, "22": 4}}, "stats": {"project_calls": 137, "projected_vectors": 1287, "collected_vectors": 3425, "skipped_steps": 2593}, "diagnostics": {"expert_usage_mode": "old_union", "previous_selected_jaccard": 0.8823529411764706, "cp_overlap": null}}
{"event": "split_lite_step", "task_id": 3, "batch": 2740, "projected": 18, "collected": 25, "mean_removed_ratio": 0.06765303988423613, "strict_current_topk": false, "project_active_experts": [0, 2, 3, 4, 6, 7, 9, 10, 11, 13, 14, 15, 18, 19, 21, 22]}
{"event": "split_lite_step", "task_id": 3, "batch": 2760, "projected": 18, "collected": 25, "mean_removed_ratio": 0.04642261207724611, "strict_current_topk": false, "project_active_experts": [0, 2, 3, 4, 6, 7, 9, 10, 11, 13, 14, 15, 18, 19, 21, 22]}
{"event": "split_lite_step", "task_id": 3, "batch": 2780, "projected": 18, "collected": 25, "mean_removed_ratio": 0.037236642040726214, "strict_current_topk": false, "project_active_experts": [0, 2, 3, 4, 6, 7, 9, 10, 11, 13, 14, 15, 18, 19, 21, 22]}
{"event": "split_lite_step", "task_id": 3, "batch": 2800, "projected": 18, "collected": 25, "mean_removed_ratio": 0.04608712660976582, "strict_current_topk": false, "project_active_experts": [0, 2, 3, 4, 6, 7, 9, 10, 11, 13, 14, 15, 18, 19, 21, 22]}
{"event": "split_lite_step", "task_id": 3, "batch": 2820, "projected": 18, "collected": 25, "mean_removed_ratio": 0.06029642388845483, "strict_current_topk": false, "project_active_experts": [0, 2, 3, 4, 6, 7, 9, 10, 11, 13, 14, 15, 18, 19, 21, 22]}
{"event": "split_lite_step", "task_id": 3, "batch": 2840, "projected": 18, "collected": 25, "mean_removed_ratio": 0.04129372278435363, "strict_current_topk": false, "project_active_experts": [0, 2, 3, 4, 6, 7, 9, 10, 11, 13, 14, 15, 18, 19, 21, 22]}
{"event": "split_lite_step", "task_id": 3, "batch": 2860, "projected": 18, "collected": 25, "mean_removed_ratio": 0.034597770828339786, "strict_current_topk": false, "project_active_experts": [0, 2, 3, 4, 6, 7, 9, 10, 11, 13, 14, 15, 18, 19, 21, 22]}
{"event": "split_lite_step", "task_id": 3, "batch": 2880, "projected": 18, "collected": 25, "mean_removed_ratio": 0.049850599840283394, "strict_current_topk": false, "project_active_experts": [0, 2, 3, 4, 6, 7, 9, 10, 11, 13, 14, 15, 18, 19, 21, 22]}
{"event": "split_lite_step", "task_id": 3, "batch": 2900, "projected": 18, "collected": 25, "mean_removed_ratio": 0.06370762704561155, "strict_current_topk": false, "project_active_experts": [0, 2, 3, 4, 6, 7, 9, 10, 11, 13, 14, 15, 18, 19, 21, 22]}
{"event": "split_lite_step", "task_id": 3, "batch": 2920, "projected": 18, "collected": 25, "mean_removed_ratio": 0.04079819988045427, "strict_current_topk": false, "project_active_experts": [0, 2, 3, 4, 6, 7, 9, 10, 11, 13, 14, 15, 18, 19, 21, 22]}
{"event": "split_lite_step", "task_id": 3, "batch": 2940, "projected": 18, "collected": 25, "mean_removed_ratio": 0.038095827059199415, "strict_current_topk": false, "project_active_experts": [0, 2, 3, 4, 6, 7, 9, 10, 11, 13, 14, 15, 18, 19, 21, 22]}
{"event": "split_lite_step", "task_id": 3, "batch": 2960, "projected": 18, "collected": 25, "mean_removed_ratio": 0.03901837062504557, "strict_current_topk": false, "project_active_experts": [0, 2, 3, 4, 6, 7, 9, 10, 11, 13, 14, 15, 18, 19, 21, 22]}
{"event": "split_lite_step", "task_id": 3, "batch": 2980, "projected": 18, "collected": 25, "mean_removed_ratio": 0.04136549210589793, "strict_current_topk": false, "project_active_experts": [0, 2, 3, 4, 6, 7, 9, 10, 11, 13, 14, 15, 18, 19, 21, 22]}
{"event": "split_lite_step", "task_id": 3, "batch": 3000, "projected": 18, "collected": 25, "mean_removed_ratio": 0.04317014281534486, "strict_current_topk": false, "project_active_experts": [0, 2, 3, 4, 6, 7, 9, 10, 11, 13, 14, 15, 18, 19, 21, 22]}
{"event": "split_lite_step", "task_id": 3, "batch": 3020, "projected": 18, "collected": 25, "mean_removed_ratio": 0.04011221840563747, "strict_current_topk": false, "project_active_experts": [0, 2, 3, 4, 6, 7, 9, 10, 11, 13, 14, 15, 18, 19, 21, 22]}
{"event": "split_lite_step", "task_id": 3, "batch": 3040, "projected": 18, "collected": 25, "mean_removed_ratio": 0.04078827125744687, "strict_current_topk": false, "project_active_experts": [0, 2, 3, 4, 6, 7, 9, 10, 11, 13, 14, 15, 18, 19, 21, 22]}
{"event": "split_lite_step", "task_id": 3, "batch": 3060, "projected": 18, "collected": 25, "mean_removed_ratio": 0.03190508143355449, "strict_current_topk": false, "project_active_experts": [0, 2, 3, 4, 6, 7, 9, 10, 11, 13, 14, 15, 18, 19, 21, 22]}
{"event": "split_lite_step", "task_id": 3, "batch": 3080, "projected": 18, "collected": 25, "mean_removed_ratio": 0.03789083876957496, "strict_current_topk": false, "project_active_experts": [0, 2, 3, 4, 6, 7, 9, 10, 11, 13, 14, 15, 18, 19, 21, 22]}
{"event": "split_lite_step", "task_id": 3, "batch": 3100, "projected": 18, "collected": 25, "mean_removed_ratio": 0.026738146371725533, "strict_current_topk": false, "project_active_experts": [0, 2, 3, 4, 6, 7, 9, 10, 11, 13, 14, 15, 18, 19, 21, 22]}
{"event": "split_lite_step", "task_id": 3, "batch": 3120, "projected": 18, "collected": 25, "mean_removed_ratio": 0.03345768557240566, "strict_current_topk": false, "project_active_experts": [0, 2, 3, 4, 6, 7, 9, 10, 11, 13, 14, 15, 18, 19, 21, 22]}
{"event": "split_lite_step", "task_id": 3, "batch": 3140, "projected": 18, "collected": 25, "mean_removed_ratio": 0.0327488388090084, "strict_current_topk": false, "project_active_experts": [0, 2, 3, 4, 6, 7, 9, 10, 11, 13, 14, 15, 18, 19, 21, 22]}
{"event": "split_lite_step", "task_id": 3, "batch": 3160, "projected": 18, "collected": 25, "mean_removed_ratio": 0.04397414169377751, "strict_current_topk": false, "project_active_experts": [0, 2, 3, 4, 6, 7, 9, 10, 11, 13, 14, 15, 18, 19, 21, 22]}
{"event": "split_lite_step", "task_id": 3, "batch": 3180, "projected": 18, "collected": 25, "mean_removed_ratio": 0.04274461527044574, "strict_current_topk": false, "project_active_experts": [0, 2, 3, 4, 6, 7, 9, 10, 11, 13, 14, 15, 18, 19, 21, 22]}
{"event": "split_lite_step", "task_id": 3, "batch": 3200, "projected": 18, "collected": 25, "mean_removed_ratio": 0.03357711175663604, "strict_current_topk": false, "project_active_experts": [0, 2, 3, 4, 6, 7, 9, 10, 11, 13, 14, 15, 18, 19, 21, 22]}
{"event": "split_lite_step", "task_id": 3, "batch": 3220, "projected": 18, "collected": 25, "mean_removed_ratio": 0.031606559822749763, "strict_current_topk": false, "project_active_experts": [0, 2, 3, 4, 6, 7, 9, 10, 11, 13, 14, 15, 18, 19, 21, 22]}
{"event": "split_lite_step", "task_id": 3, "batch": 3240, "projected": 18, "collected": 25, "mean_removed_ratio": 0.03293413309276932, "strict_current_topk": false, "project_active_experts": [0, 2, 3, 4, 6, 7, 9, 10, 11, 13, 14, 15, 18, 19, 21, 22]}
{"event": "split_lite_step", "task_id": 3, "batch": 3260, "projected": 18, "collected": 25, "mean_removed_ratio": 0.029606065143727593, "strict_current_topk": false, "project_active_experts": [0, 2, 3, 4, 6, 7, 9, 10, 11, 13, 14, 15, 18, 19, 21, 22]}
{"event": "split_lite_step", "task_id": 3, "batch": 3280, "projected": 18, "collected": 25, "mean_removed_ratio": 0.037028618881271944, "strict_current_topk": false, "project_active_experts": [0, 2, 3, 4, 6, 7, 9, 10, 11, 13, 14, 15, 18, 19, 21, 22]}
{"event": "split_lite_step", "task_id": 3, "batch": 3300, "projected": 18, "collected": 25, "mean_removed_ratio": 0.05030270821104447, "strict_current_topk": false, "project_active_experts": [0, 2, 3, 4, 6, 7, 9, 10, 11, 13, 14, 15, 18, 19, 21, 22]}
{"event": "split_lite_step", "task_id": 3, "batch": 3320, "projected": 18, "collected": 25, "mean_removed_ratio": 0.0322248004635589, "strict_current_topk": false, "project_active_experts": [0, 2, 3, 4, 6, 7, 9, 10, 11, 13, 14, 15, 18, 19, 21, 22]}
{"event": "split_lite_step", "task_id": 3, "batch": 3340, "projected": 18, "collected": 25, "mean_removed_ratio": 0.05484363850620058, "strict_current_topk": false, "project_active_experts": [0, 2, 3, 4, 6, 7, 9, 10, 11, 13, 14, 15, 18, 19, 21, 22]}
{"event": "split_lite_step", "task_id": 3, "batch": 3360, "projected": 18, "collected": 25, "mean_removed_ratio": 0.02787167131383386, "strict_current_topk": false, "project_active_experts": [0, 2, 3, 4, 6, 7, 9, 10, 11, 13, 14, 15, 18, 19, 21, 22]}
{"event": "split_lite_step", "task_id": 3, "batch": 3380, "projected": 18, "collected": 25, "mean_removed_ratio": 0.043670677890380226, "strict_current_topk": false, "project_active_experts": [0, 2, 3, 4, 6, 7, 9, 10, 11, 13, 14, 15, 18, 19, 21, 22]}
{"event": "split_lite_step", "task_id": 3, "batch": 3400, "projected": 18, "collected": 25, "mean_removed_ratio": 0.05274775127569834, "strict_current_topk": false, "project_active_experts": [0, 2, 3, 4, 6, 7, 9, 10, 11, 13, 14, 15, 18, 19, 21, 22]}
{"event": "split_lite_step", "task_id": 3, "batch": 3420, "projected": 18, "collected": 25, "mean_removed_ratio": 0.0572942401179009, "strict_current_topk": false, "project_active_experts": [0, 2, 3, 4, 6, 7, 9, 10, 11, 13, 14, 15, 18, 19, 21, 22]}
{"event": "split_lite_step", "task_id": 3, "batch": 3440, "projected": 18, "collected": 25, "mean_removed_ratio": 0.04663543703241481, "strict_current_topk": false, "project_active_experts": [0, 2, 3, 4, 6, 7, 9, 10, 11, 13, 14, 15, 18, 19, 21, 22]}
{"event": "split_lite_step", "task_id": 3, "batch": 3460, "projected": 18, "collected": 25, "mean_removed_ratio": 0.04476779947678248, "strict_current_topk": false, "project_active_experts": [0, 2, 3, 4, 6, 7, 9, 10, 11, 13, 14, 15, 18, 19, 21, 22]}
{"event": "split_lite_step", "task_id": 3, "batch": 3480, "projected": 18, "collected": 25, "mean_removed_ratio": 0.04518814695378145, "strict_current_topk": false, "project_active_experts": [0, 2, 3, 4, 6, 7, 9, 10, 11, 13, 14, 15, 18, 19, 21, 22]}
{"event": "split_lite_step", "task_id": 3, "batch": 3500, "projected": 18, "collected": 25, "mean_removed_ratio": 0.044235699654867254, "strict_current_topk": false, "project_active_experts": [0, 2, 3, 4, 6, 7, 9, 10, 11, 13, 14, 15, 18, 19, 21, 22]}
{"event": "split_lite_task_finish", "task_id": 3, "rank": 4, "alpha": 0.2, "interval": 20, "buffer_size": 24, "expert_threshold": 0.03, "active_topk": 16, "strict_current_topk": false, "active_experts": [0, 2, 3, 4, 6, 7, 9, 10, 11, 13, 14, 15, 18, 19, 20, 21], "usage": {"vector": [0.10908366739749908, 0.0, 0.08147071301937103, 0.07235649228096008, 0.039687491953372955, 0.0, 0.08407741785049438, 0.030032675713300705, 0.009247517213225365, 0.06229438632726669, 0.04763535410165787, 0.02780364453792572, 0.0, 0.06448453664779663, 0.05545918270945549, 0.10494589060544968, 0.0, 0.0, 0.036965999752283096, 0.038158271461725235, 0.027725890278816223, 0.06514547020196915, 0.026361439377069473, 0.0, 0.017063936218619347], "top3": [0, 15, 6], "top5": [0, 15, 6, 2, 3], "top3_mass": 0.29810696840286255, "top5_mass": 0.45193415880203247, "entropy": 2.8012828826904297, "max_entropy": 3.2188758248682006}, "basis_sizes": {"e_pv": {"0": 4, "2": 4, "3": 4, "4": 4, "6": 4, "7": 4, "9": 4, "10": 4, "11": 4, "13": 4, "14": 4, "15": 4, "18": 4, "19": 4, "20": 4, "21": 4}}, "stats": {"project_calls": 176, "projected_vectors": 1989, "collected_vectors": 4400, "skipped_steps": 3334}, "diagnostics": {"expert_usage_mode": "old_union", "previous_selected_jaccard": 0.8823529411764706, "cp_overlap": null}}
{"event": "split_lite_step", "task_id": 4, "batch": 3520, "projected": 19, "collected": 25, "mean_removed_ratio": 0.05710096480815034, "strict_current_topk": false, "project_active_experts": [0, 2, 3, 4, 6, 7, 9, 10, 11, 13, 14, 15, 18, 19, 20, 21]}
{"event": "split_lite_step", "task_id": 4, "batch": 3540, "projected": 19, "collected": 25, "mean_removed_ratio": 0.04962866869755089, "strict_current_topk": false, "project_active_experts": [0, 2, 3, 4, 6, 7, 9, 10, 11, 13, 14, 15, 18, 19, 20, 21]}
{"event": "split_lite_step", "task_id": 4, "batch": 3560, "projected": 19, "collected": 25, "mean_removed_ratio": 0.05186932607504882, "strict_current_topk": false, "project_active_experts": [0, 2, 3, 4, 6, 7, 9, 10, 11, 13, 14, 15, 18, 19, 20, 21]}
{"event": "split_lite_step", "task_id": 4, "batch": 3580, "projected": 19, "collected": 25, "mean_removed_ratio": 0.05647868459652129, "strict_current_topk": false, "project_active_experts": [0, 2, 3, 4, 6, 7, 9, 10, 11, 13, 14, 15, 18, 19, 20, 21]}
{"event": "split_lite_step", "task_id": 4, "batch": 3600, "projected": 19, "collected": 25, "mean_removed_ratio": 0.04203834673879962, "strict_current_topk": false, "project_active_experts": [0, 2, 3, 4, 6, 7, 9, 10, 11, 13, 14, 15, 18, 19, 20, 21]}
{"event": "split_lite_step", "task_id": 4, "batch": 3620, "projected": 19, "collected": 25, "mean_removed_ratio": 0.04639940532414537, "strict_current_topk": false, "project_active_experts": [0, 2, 3, 4, 6, 7, 9, 10, 11, 13, 14, 15, 18, 19, 20, 21]}
{"event": "split_lite_step", "task_id": 4, "batch": 3640, "projected": 19, "collected": 25, "mean_removed_ratio": 0.033764910099929886, "strict_current_topk": false, "project_active_experts": [0, 2, 3, 4, 6, 7, 9, 10, 11, 13, 14, 15, 18, 19, 20, 21]}
{"event": "split_lite_step", "task_id": 4, "batch": 3660, "projected": 19, "collected": 25, "mean_removed_ratio": 0.047928682773521074, "strict_current_topk": false, "project_active_experts": [0, 2, 3, 4, 6, 7, 9, 10, 11, 13, 14, 15, 18, 19, 20, 21]}
{"event": "split_lite_step", "task_id": 4, "batch": 3680, "projected": 19, "collected": 25, "mean_removed_ratio": 0.05071694648971683, "strict_current_topk": false, "project_active_experts": [0, 2, 3, 4, 6, 7, 9, 10, 11, 13, 14, 15, 18, 19, 20, 21]}
{"event": "split_lite_step", "task_id": 4, "batch": 3700, "projected": 19, "collected": 25, "mean_removed_ratio": 0.048845655088754075, "strict_current_topk": false, "project_active_experts": [0, 2, 3, 4, 6, 7, 9, 10, 11, 13, 14, 15, 18, 19, 20, 21]}
{"event": "split_lite_step", "task_id": 4, "batch": 3720, "projected": 19, "collected": 25, "mean_removed_ratio": 0.046809636767169364, "strict_current_topk": false, "project_active_experts": [0, 2, 3, 4, 6, 7, 9, 10, 11, 13, 14, 15, 18, 19, 20, 21]}
{"event": "split_lite_step", "task_id": 4, "batch": 3740, "projected": 19, "collected": 25, "mean_removed_ratio": 0.03715864912067589, "strict_current_topk": false, "project_active_experts": [0, 2, 3, 4, 6, 7, 9, 10, 11, 13, 14, 15, 18, 19, 20, 21]}
{"event": "split_lite_step", "task_id": 4, "batch": 3760, "projected": 19, "collected": 25, "mean_removed_ratio": 0.02859051564806386, "strict_current_topk": false, "project_active_experts": [0, 2, 3, 4, 6, 7, 9, 10, 11, 13, 14, 15, 18, 19, 20, 21]}
{"event": "split_lite_step", "task_id": 4, "batch": 3780, "projected": 19, "collected": 25, "mean_removed_ratio": 0.03322964318488773, "strict_current_topk": false, "project_active_experts": [0, 2, 3, 4, 6, 7, 9, 10, 11, 13, 14, 15, 18, 19, 20, 21]}
{"event": "split_lite_step", "task_id": 4, "batch": 3800, "projected": 19, "collected": 25, "mean_removed_ratio": 0.05150870361218327, "strict_current_topk": false, "project_active_experts": [0, 2, 3, 4, 6, 7, 9, 10, 11, 13, 14, 15, 18, 19, 20, 21]}
{"event": "split_lite_step", "task_id": 4, "batch": 3820, "projected": 19, "collected": 25, "mean_removed_ratio": 0.0495757588038319, "strict_current_topk": false, "project_active_experts": [0, 2, 3, 4, 6, 7, 9, 10, 11, 13, 14, 15, 18, 19, 20, 21]}
{"event": "split_lite_step", "task_id": 4, "batch": 3840, "projected": 19, "collected": 25, "mean_removed_ratio": 0.06662482729083613, "strict_current_topk": false, "project_active_experts": [0, 2, 3, 4, 6, 7, 9, 10, 11, 13, 14, 15, 18, 19, 20, 21]}
{"event": "split_lite_step", "task_id": 4, "batch": 3860, "projected": 19, "collected": 25, "mean_removed_ratio": 0.06090565538033843, "strict_current_topk": false, "project_active_experts": [0, 2, 3, 4, 6, 7, 9, 10, 11, 13, 14, 15, 18, 19, 20, 21]}
{"event": "split_lite_step", "task_id": 4, "batch": 3880, "projected": 19, "collected": 25, "mean_removed_ratio": 0.04248033312002295, "strict_current_topk": false, "project_active_experts": [0, 2, 3, 4, 6, 7, 9, 10, 11, 13, 14, 15, 18, 19, 20, 21]}
{"event": "split_lite_step", "task_id": 4, "batch": 3900, "projected": 19, "collected": 25, "mean_removed_ratio": 0.03236386758324347, "strict_current_topk": false, "project_active_experts": [0, 2, 3, 4, 6, 7, 9, 10, 11, 13, 14, 15, 18, 19, 20, 21]}
{"event": "split_lite_step", "task_id": 4, "batch": 3920, "projected": 19, "collected": 25, "mean_removed_ratio": 0.057061932343793545, "strict_current_topk": false, "project_active_experts": [0, 2, 3, 4, 6, 7, 9, 10, 11, 13, 14, 15, 18, 19, 20, 21]}
{"event": "split_lite_step", "task_id": 4, "batch": 3940, "projected": 19, "collected": 25, "mean_removed_ratio": 0.03394092754215786, "strict_current_topk": false, "project_active_experts": [0, 2, 3, 4, 6, 7, 9, 10, 11, 13, 14, 15, 18, 19, 20, 21]}
{"event": "split_lite_step", "task_id": 4, "batch": 3960, "projected": 19, "collected": 25, "mean_removed_ratio": 0.04399758344516158, "strict_current_topk": false, "project_active_experts": [0, 2, 3, 4, 6, 7, 9, 10, 11, 13, 14, 15, 18, 19, 20, 21]}
{"event": "split_lite_step", "task_id": 4, "batch": 3980, "projected": 19, "collected": 25, "mean_removed_ratio": 0.035697190189047864, "strict_current_topk": false, "project_active_experts": [0, 2, 3, 4, 6, 7, 9, 10, 11, 13, 14, 15, 18, 19, 20, 21]}
{"event": "split_lite_step", "task_id": 4, "batch": 4000, "projected": 19, "collected": 25, "mean_removed_ratio": 0.03208107422841223, "strict_current_topk": false, "project_active_experts": [0, 2, 3, 4, 6, 7, 9, 10, 11, 13, 14, 15, 18, 19, 20, 21]}
{"event": "split_lite_step", "task_id": 4, "batch": 4020, "projected": 19, "collected": 25, "mean_removed_ratio": 0.04797154321874443, "strict_current_topk": false, "project_active_experts": [0, 2, 3, 4, 6, 7, 9, 10, 11, 13, 14, 15, 18, 19, 20, 21]}
{"event": "split_lite_step", "task_id": 4, "batch": 4040, "projected": 19, "collected": 25, "mean_removed_ratio": 0.042283562747271436, "strict_current_topk": false, "project_active_experts": [0, 2, 3, 4, 6, 7, 9, 10, 11, 13, 14, 15, 18, 19, 20, 21]}
{"event": "split_lite_step", "task_id": 4, "batch": 4060, "projected": 19, "collected": 25, "mean_removed_ratio": 0.030187763665851793, "strict_current_topk": false, "project_active_experts": [0, 2, 3, 4, 6, 7, 9, 10, 11, 13, 14, 15, 18, 19, 20, 21]}
{"event": "split_lite_step", "task_id": 4, "batch": 4080, "projected": 19, "collected": 25, "mean_removed_ratio": 0.04555976684940489, "strict_current_topk": false, "project_active_experts": [0, 2, 3, 4, 6, 7, 9, 10, 11, 13, 14, 15, 18, 19, 20, 21]}
{"event": "split_lite_step", "task_id": 4, "batch": 4100, "projected": 19, "collected": 25, "mean_removed_ratio": 0.030841071232173004, "strict_current_topk": false, "project_active_experts": [0, 2, 3, 4, 6, 7, 9, 10, 11, 13, 14, 15, 18, 19, 20, 21]}
{"event": "split_lite_step", "task_id": 4, "batch": 4120, "projected": 19, "collected": 25, "mean_removed_ratio": 0.040153646204424534, "strict_current_topk": false, "project_active_experts": [0, 2, 3, 4, 6, 7, 9, 10, 11, 13, 14, 15, 18, 19, 20, 21]}
{"event": "split_lite_step", "task_id": 4, "batch": 4140, "projected": 19, "collected": 25, "mean_removed_ratio": 0.05155596323311329, "strict_current_topk": false, "project_active_experts": [0, 2, 3, 4, 6, 7, 9, 10, 11, 13, 14, 15, 18, 19, 20, 21]}
{"event": "split_lite_step", "task_id": 4, "batch": 4160, "projected": 19, "collected": 25, "mean_removed_ratio": 0.045938523094120776, "strict_current_topk": false, "project_active_experts": [0, 2, 3, 4, 6, 7, 9, 10, 11, 13, 14, 15, 18, 19, 20, 21]}
{"event": "split_lite_step", "task_id": 4, "batch": 4180, "projected": 19, "collected": 25, "mean_removed_ratio": 0.03323721874652332, "strict_current_topk": false, "project_active_experts": [0, 2, 3, 4, 6, 7, 9, 10, 11, 13, 14, 15, 18, 19, 20, 21]}
{"event": "split_lite_step", "task_id": 4, "batch": 4200, "projected": 19, "collected": 25, "mean_removed_ratio": 0.02830651946561901, "strict_current_topk": false, "project_active_experts": [0, 2, 3, 4, 6, 7, 9, 10, 11, 13, 14, 15, 18, 19, 20, 21]}
{"event": "split_lite_step", "task_id": 4, "batch": 4220, "projected": 19, "collected": 25, "mean_removed_ratio": 0.045215031622271785, "strict_current_topk": false, "project_active_experts": [0, 2, 3, 4, 6, 7, 9, 10, 11, 13, 14, 15, 18, 19, 20, 21]}
{"event": "split_lite_step", "task_id": 4, "batch": 4240, "projected": 19, "collected": 25, "mean_removed_ratio": 0.04076628347760752, "strict_current_topk": false, "project_active_experts": [0, 2, 3, 4, 6, 7, 9, 10, 11, 13, 14, 15, 18, 19, 20, 21]}
{"event": "split_lite_step", "task_id": 4, "batch": 4260, "projected": 19, "collected": 25, "mean_removed_ratio": 0.06432273077141297, "strict_current_topk": false, "project_active_experts": [0, 2, 3, 4, 6, 7, 9, 10, 11, 13, 14, 15, 18, 19, 20, 21]}
{"event": "split_lite_step", "task_id": 4, "batch": 4280, "projected": 19, "collected": 25, "mean_removed_ratio": 0.051271910141957436, "strict_current_topk": false, "project_active_experts": [0, 2, 3, 4, 6, 7, 9, 10, 11, 13, 14, 15, 18, 19, 20, 21]}
{"event": "split_lite_task_finish", "task_id": 4, "rank": 4, "alpha": 0.2, "interval": 20, "buffer_size": 24, "expert_threshold": 0.03, "active_topk": 16, "strict_current_topk": false, "active_experts": [0, 2, 3, 4, 6, 7, 9, 10, 11, 13, 14, 15, 18, 19, 20, 21], "usage": {"vector": [0.1123756393790245, 0.0, 0.08082983642816544, 0.07234331965446472, 0.046127401292324066, 0.007360096555203199, 0.06695741415023804, 0.03119194693863392, 0.007364520337432623, 0.06411628425121307, 0.051444005221128464, 0.029564233496785164, 0.0, 0.05824089050292969, 0.05689183250069618, 0.09769230335950851, 0.0, 0.0, 0.03672086447477341, 0.04504372924566269, 0.029440386220812798, 0.07171228528022766, 0.020993672311306, 0.0, 0.013589344918727875], "top3": [0, 15, 2], "top5": [0, 15, 2, 3, 21], "top3_mass": 0.29089778661727905, "top5_mass": 0.43495339155197144, "entropy": 2.8244197368621826, "max_entropy": 3.2188758248682006}, "basis_sizes": {"e_pv": {"0": 4, "2": 4, "3": 4, "4": 4, "6": 4, "7": 4, "9": 4, "10": 4, "11": 4, "13": 4, "14": 4, "15": 4, "18": 4, "19": 4, "20": 4, "21": 4}}, "stats": {"project_calls": 215, "projected_vectors": 2730, "collected_vectors": 5375, "skipped_steps": 4075}, "diagnostics": {"expert_usage_mode": "old_union", "previous_selected_jaccard": 1.0, "cp_overlap": null}}
{"event": "split_lite_step", "task_id": 5, "batch": 4300, "projected": 19, "collected": 25, "mean_removed_ratio": 0.047962429590131105, "strict_current_topk": false, "project_active_experts": [0, 2, 3, 4, 6, 7, 9, 10, 11, 13, 14, 15, 18, 19, 20, 21]}
{"event": "split_lite_step", "task_id": 5, "batch": 4320, "projected": 19, "collected": 25, "mean_removed_ratio": 0.05327432279131914, "strict_current_topk": false, "project_active_experts": [0, 2, 3, 4, 6, 7, 9, 10, 11, 13, 14, 15, 18, 19, 20, 21]}
{"event": "split_lite_step", "task_id": 5, "batch": 4340, "projected": 19, "collected": 25, "mean_removed_ratio": 0.05074072163552046, "strict_current_topk": false, "project_active_experts": [0, 2, 3, 4, 6, 7, 9, 10, 11, 13, 14, 15, 18, 19, 20, 21]}
{"event": "split_lite_step", "task_id": 5, "batch": 4360, "projected": 19, "collected": 25, "mean_removed_ratio": 0.05890560189360067, "strict_current_topk": false, "project_active_experts": [0, 2, 3, 4, 6, 7, 9, 10, 11, 13, 14, 15, 18, 19, 20, 21]}
{"event": "split_lite_step", "task_id": 5, "batch": 4380, "projected": 19, "collected": 25, "mean_removed_ratio": 0.058776377112065493, "strict_current_topk": false, "project_active_experts": [0, 2, 3, 4, 6, 7, 9, 10, 11, 13, 14, 15, 18, 19, 20, 21]}
{"event": "split_lite_step", "task_id": 5, "batch": 4400, "projected": 19, "collected": 25, "mean_removed_ratio": 0.05102770067261238, "strict_current_topk": false, "project_active_experts": [0, 2, 3, 4, 6, 7, 9, 10, 11, 13, 14, 15, 18, 19, 20, 21]}
{"event": "split_lite_step", "task_id": 5, "batch": 4420, "projected": 19, "collected": 25, "mean_removed_ratio": 0.044034168124198914, "strict_current_topk": false, "project_active_experts": [0, 2, 3, 4, 6, 7, 9, 10, 11, 13, 14, 15, 18, 19, 20, 21]}
{"event": "split_lite_step", "task_id": 5, "batch": 4440, "projected": 19, "collected": 25, "mean_removed_ratio": 0.0411085644736886, "strict_current_topk": false, "project_active_experts": [0, 2, 3, 4, 6, 7, 9, 10, 11, 13, 14, 15, 18, 19, 20, 21]}
{"event": "split_lite_step", "task_id": 5, "batch": 4460, "projected": 19, "collected": 25, "mean_removed_ratio": 0.0397408657560223, "strict_current_topk": false, "project_active_experts": [0, 2, 3, 4, 6, 7, 9, 10, 11, 13, 14, 15, 18, 19, 20, 21]}
{"event": "split_lite_step", "task_id": 5, "batch": 4480, "projected": 19, "collected": 25, "mean_removed_ratio": 0.05066412858861057, "strict_current_topk": false, "project_active_experts": [0, 2, 3, 4, 6, 7, 9, 10, 11, 13, 14, 15, 18, 19, 20, 21]}
{"event": "split_lite_step", "task_id": 5, "batch": 4500, "projected": 19, "collected": 25, "mean_removed_ratio": 0.04663412074411386, "strict_current_topk": false, "project_active_experts": [0, 2, 3, 4, 6, 7, 9, 10, 11, 13, 14, 15, 18, 19, 20, 21]}
{"event": "split_lite_step", "task_id": 5, "batch": 4520, "projected": 19, "collected": 25, "mean_removed_ratio": 0.03216442000120878, "strict_current_topk": false, "project_active_experts": [0, 2, 3, 4, 6, 7, 9, 10, 11, 13, 14, 15, 18, 19, 20, 21]}
{"event": "split_lite_step", "task_id": 5, "batch": 4540, "projected": 19, "collected": 25, "mean_removed_ratio": 0.06033876283388389, "strict_current_topk": false, "project_active_experts": [0, 2, 3, 4, 6, 7, 9, 10, 11, 13, 14, 15, 18, 19, 20, 21]}
{"event": "split_lite_step", "task_id": 5, "batch": 4560, "projected": 19, "collected": 25, "mean_removed_ratio": 0.05413861759006977, "strict_current_topk": false, "project_active_experts": [0, 2, 3, 4, 6, 7, 9, 10, 11, 13, 14, 15, 18, 19, 20, 21]}
{"event": "split_lite_step", "task_id": 5, "batch": 4580, "projected": 19, "collected": 25, "mean_removed_ratio": 0.03640880634223944, "strict_current_topk": false, "project_active_experts": [0, 2, 3, 4, 6, 7, 9, 10, 11, 13, 14, 15, 18, 19, 20, 21]}
{"event": "split_lite_step", "task_id": 5, "batch": 4600, "projected": 19, "collected": 25, "mean_removed_ratio": 0.03937242655573707, "strict_current_topk": false, "project_active_experts": [0, 2, 3, 4, 6, 7, 9, 10, 11, 13, 14, 15, 18, 19, 20, 21]}
{"event": "split_lite_step", "task_id": 5, "batch": 4620, "projected": 19, "collected": 25, "mean_removed_ratio": 0.028072989202643697, "strict_current_topk": false, "project_active_experts": [0, 2, 3, 4, 6, 7, 9, 10, 11, 13, 14, 15, 18, 19, 20, 21]}
{"event": "split_lite_step", "task_id": 5, "batch": 4640, "projected": 19, "collected": 25, "mean_removed_ratio": 0.032389245584214986, "strict_current_topk": false, "project_active_experts": [0, 2, 3, 4, 6, 7, 9, 10, 11, 13, 14, 15, 18, 19, 20, 21]}
{"event": "split_lite_step", "task_id": 5, "batch": 4660, "projected": 19, "collected": 25, "mean_removed_ratio": 0.04150262778918994, "strict_current_topk": false, "project_active_experts": [0, 2, 3, 4, 6, 7, 9, 10, 11, 13, 14, 15, 18, 19, 20, 21]}
{"event": "split_lite_step", "task_id": 5, "batch": 4680, "projected": 19, "collected": 25, "mean_removed_ratio": 0.03301800775194639, "strict_current_topk": false, "project_active_experts": [0, 2, 3, 4, 6, 7, 9, 10, 11, 13, 14, 15, 18, 19, 20, 21]}
{"event": "split_lite_step", "task_id": 5, "batch": 4700, "projected": 19, "collected": 25, "mean_removed_ratio": 0.041327086424357014, "strict_current_topk": false, "project_active_experts": [0, 2, 3, 4, 6, 7, 9, 10, 11, 13, 14, 15, 18, 19, 20, 21]}
{"event": "split_lite_step", "task_id": 5, "batch": 4720, "projected": 19, "collected": 25, "mean_removed_ratio": 0.04556607859405248, "strict_current_topk": false, "project_active_experts": [0, 2, 3, 4, 6, 7, 9, 10, 11, 13, 14, 15, 18, 19, 20, 21]}
{"event": "split_lite_step", "task_id": 5, "batch": 4740, "projected": 19, "collected": 25, "mean_removed_ratio": 0.03766817579928197, "strict_current_topk": false, "project_active_experts": [0, 2, 3, 4, 6, 7, 9, 10, 11, 13, 14, 15, 18, 19, 20, 21]}
{"event": "split_lite_step", "task_id": 5, "batch": 4760, "projected": 19, "collected": 25, "mean_removed_ratio": 0.04054308810124272, "strict_current_topk": false, "project_active_experts": [0, 2, 3, 4, 6, 7, 9, 10, 11, 13, 14, 15, 18, 19, 20, 21]}
{"event": "split_lite_step", "task_id": 5, "batch": 4780, "projected": 19, "collected": 25, "mean_removed_ratio": 0.04368053361969559, "strict_current_topk": false, "project_active_experts": [0, 2, 3, 4, 6, 7, 9, 10, 11, 13, 14, 15, 18, 19, 20, 21]}
{"event": "split_lite_step", "task_id": 5, "batch": 4800, "projected": 19, "collected": 25, "mean_removed_ratio": 0.03848452204348225, "strict_current_topk": false, "project_active_experts": [0, 2, 3, 4, 6, 7, 9, 10, 11, 13, 14, 15, 18, 19, 20, 21]}
{"event": "split_lite_step", "task_id": 5, "batch": 4820, "projected": 19, "collected": 25, "mean_removed_ratio": 0.03402107939320175, "strict_current_topk": false, "project_active_experts": [0, 2, 3, 4, 6, 7, 9, 10, 11, 13, 14, 15, 18, 19, 20, 21]}
{"event": "split_lite_step", "task_id": 5, "batch": 4840, "projected": 19, "collected": 25, "mean_removed_ratio": 0.04620263977956615, "strict_current_topk": false, "project_active_experts": [0, 2, 3, 4, 6, 7, 9, 10, 11, 13, 14, 15, 18, 19, 20, 21]}
{"event": "split_lite_step", "task_id": 5, "batch": 4860, "projected": 19, "collected": 25, "mean_removed_ratio": 0.029852534411475062, "strict_current_topk": false, "project_active_experts": [0, 2, 3, 4, 6, 7, 9, 10, 11, 13, 14, 15, 18, 19, 20, 21]}
{"event": "split_lite_step", "task_id": 5, "batch": 4880, "projected": 19, "collected": 25, "mean_removed_ratio": 0.03593686556345538, "strict_current_topk": false, "project_active_experts": [0, 2, 3, 4, 6, 7, 9, 10, 11, 13, 14, 15, 18, 19, 20, 21]}
{"event": "split_lite_step", "task_id": 5, "batch": 4900, "projected": 19, "collected": 25, "mean_removed_ratio": 0.04366608780171526, "strict_current_topk": false, "project_active_experts": [0, 2, 3, 4, 6, 7, 9, 10, 11, 13, 14, 15, 18, 19, 20, 21]}
{"event": "split_lite_step", "task_id": 5, "batch": 4920, "projected": 19, "collected": 25, "mean_removed_ratio": 0.04984853485305058, "strict_current_topk": false, "project_active_experts": [0, 2, 3, 4, 6, 7, 9, 10, 11, 13, 14, 15, 18, 19, 20, 21]}
{"event": "split_lite_step", "task_id": 5, "batch": 4940, "projected": 19, "collected": 25, "mean_removed_ratio": 0.029641652136648957, "strict_current_topk": false, "project_active_experts": [0, 2, 3, 4, 6, 7, 9, 10, 11, 13, 14, 15, 18, 19, 20, 21]}
{"event": "split_lite_step", "task_id": 5, "batch": 4960, "projected": 19, "collected": 25, "mean_removed_ratio": 0.04496760151692127, "strict_current_topk": false, "project_active_experts": [0, 2, 3, 4, 6, 7, 9, 10, 11, 13, 14, 15, 18, 19, 20, 21]}
{"event": "split_lite_step", "task_id": 5, "batch": 4980, "projected": 19, "collected": 25, "mean_removed_ratio": 0.040725169850415306, "strict_current_topk": false, "project_active_experts": [0, 2, 3, 4, 6, 7, 9, 10, 11, 13, 14, 15, 18, 19, 20, 21]}
{"event": "split_lite_step", "task_id": 5, "batch": 5000, "projected": 19, "collected": 25, "mean_removed_ratio": 0.037723478616068236, "strict_current_topk": false, "project_active_experts": [0, 2, 3, 4, 6, 7, 9, 10, 11, 13, 14, 15, 18, 19, 20, 21]}
{"event": "split_lite_step", "task_id": 5, "batch": 5020, "projected": 19, "collected": 25, "mean_removed_ratio": 0.0439525082903473, "strict_current_topk": false, "project_active_experts": [0, 2, 3, 4, 6, 7, 9, 10, 11, 13, 14, 15, 18, 19, 20, 21]}
{"event": "split_lite_step", "task_id": 5, "batch": 5040, "projected": 19, "collected": 25, "mean_removed_ratio": 0.04047752416839725, "strict_current_topk": false, "project_active_experts": [0, 2, 3, 4, 6, 7, 9, 10, 11, 13, 14, 15, 18, 19, 20, 21]}
{"event": "split_lite_step", "task_id": 5, "batch": 5060, "projected": 19, "collected": 25, "mean_removed_ratio": 0.0393258067779243, "strict_current_topk": false, "project_active_experts": [0, 2, 3, 4, 6, 7, 9, 10, 11, 13, 14, 15, 18, 19, 20, 21]}
{"event": "split_lite_task_finish", "task_id": 5, "rank": 4, "alpha": 0.2, "interval": 20, "buffer_size": 24, "expert_threshold": 0.03, "active_topk": 16, "strict_current_topk": false, "active_experts": [0, 2, 3, 4, 6, 7, 9, 10, 11, 13, 14, 15, 18, 19, 20, 21], "usage": {"vector": [0.11166859418153763, 0.0, 0.07947207987308502, 0.06923110783100128, 0.04705842211842537, 0.006089683622121811, 0.06740127503871918, 0.02580796182155609, 0.012684401124715805, 0.06510301679372787, 0.053643371909856796, 0.0365942157804966, 0.0, 0.05427771806716919, 0.05914507061243057, 0.09448768198490143, 0.0, 0.0, 0.03647222742438316, 0.049315210431814194, 0.030448418110609055, 0.0724857822060585, 0.017369993031024933, 0.0, 0.011243713088333607], "top3": [0, 15, 2], "top5": [0, 15, 2, 21, 3], "top3_mass": 0.28562837839126587, "top5_mass": 0.42734524607658386, "entropy": 2.828112840652466, "max_entropy": 3.2188758248682006}, "basis_sizes": {"e_pv": {"0": 4, "2": 4, "3": 4, "4": 4, "6": 4, "7": 4, "9": 4, "10": 4, "11": 4, "13": 4, "14": 4, "15": 4, "18": 4, "19": 4, "20": 4, "21": 4}}, "stats": {"project_calls": 254, "projected_vectors": 3471, "collected_vectors": 6350, "skipped_steps": 4816}, "diagnostics": {"expert_usage_mode": "old_union", "previous_selected_jaccard": 1.0, "cp_overlap": null}}
{"event": "split_lite_step", "task_id": 6, "batch": 5080, "projected": 19, "collected": 25, "mean_removed_ratio": 0.05211499539252959, "strict_current_topk": false, "project_active_experts": [0, 2, 3, 4, 6, 7, 9, 10, 11, 13, 14, 15, 18, 19, 20, 21]}
{"event": "split_lite_step", "task_id": 6, "batch": 5100, "projected": 19, "collected": 25, "mean_removed_ratio": 0.05358928731201511, "strict_current_topk": false, "project_active_experts": [0, 2, 3, 4, 6, 7, 9, 10, 11, 13, 14, 15, 18, 19, 20, 21]}
{"event": "split_lite_step", "task_id": 6, "batch": 5120, "projected": 19, "collected": 25, "mean_removed_ratio": 0.040218236120907885, "strict_current_topk": false, "project_active_experts": [0, 2, 3, 4, 6, 7, 9, 10, 11, 13, 14, 15, 18, 19, 20, 21]}
{"event": "split_lite_step", "task_id": 6, "batch": 5140, "projected": 19, "collected": 25, "mean_removed_ratio": 0.06290151896935545, "strict_current_topk": false, "project_active_experts": [0, 2, 3, 4, 6, 7, 9, 10, 11, 13, 14, 15, 18, 19, 20, 21]}
{"event": "split_lite_step", "task_id": 6, "batch": 5160, "projected": 19, "collected": 25, "mean_removed_ratio": 0.052997069335297534, "strict_current_topk": false, "project_active_experts": [0, 2, 3, 4, 6, 7, 9, 10, 11, 13, 14, 15, 18, 19, 20, 21]}
{"event": "split_lite_step", "task_id": 6, "batch": 5180, "projected": 19, "collected": 25, "mean_removed_ratio": 0.03940761030504578, "strict_current_topk": false, "project_active_experts": [0, 2, 3, 4, 6, 7, 9, 10, 11, 13, 14, 15, 18, 19, 20, 21]}
{"event": "split_lite_step", "task_id": 6, "batch": 5200, "projected": 19, "collected": 25, "mean_removed_ratio": 0.03338914920919036, "strict_current_topk": false, "project_active_experts": [0, 2, 3, 4, 6, 7, 9, 10, 11, 13, 14, 15, 18, 19, 20, 21]}
{"event": "split_lite_step", "task_id": 6, "batch": 5220, "projected": 19, "collected": 25, "mean_removed_ratio": 0.041359443094973504, "strict_current_topk": false, "project_active_experts": [0, 2, 3, 4, 6, 7, 9, 10, 11, 13, 14, 15, 18, 19, 20, 21]}
{"event": "split_lite_step", "task_id": 6, "batch": 5240, "projected": 19, "collected": 25, "mean_removed_ratio": 0.03539871392575534, "strict_current_topk": false, "project_active_experts": [0, 2, 3, 4, 6, 7, 9, 10, 11, 13, 14, 15, 18, 19, 20, 21]}
{"event": "split_lite_step", "task_id": 6, "batch": 5260, "projected": 19, "collected": 25, "mean_removed_ratio": 0.025818820675148776, "strict_current_topk": false, "project_active_experts": [0, 2, 3, 4, 6, 7, 9, 10, 11, 13, 14, 15, 18, 19, 20, 21]}
{"event": "split_lite_step", "task_id": 6, "batch": 5280, "projected": 19, "collected": 25, "mean_removed_ratio": 0.028413191915636783, "strict_current_topk": false, "project_active_experts": [0, 2, 3, 4, 6, 7, 9, 10, 11, 13, 14, 15, 18, 19, 20, 21]}
{"event": "split_lite_step", "task_id": 6, "batch": 5300, "projected": 19, "collected": 25, "mean_removed_ratio": 0.03462532182273112, "strict_current_topk": false, "project_active_experts": [0, 2, 3, 4, 6, 7, 9, 10, 11, 13, 14, 15, 18, 19, 20, 21]}
{"event": "split_lite_step", "task_id": 6, "batch": 5320, "projected": 19, "collected": 25, "mean_removed_ratio": 0.04622741678337518, "strict_current_topk": false, "project_active_experts": [0, 2, 3, 4, 6, 7, 9, 10, 11, 13, 14, 15, 18, 19, 20, 21]}
{"event": "split_lite_step", "task_id": 6, "batch": 5340, "projected": 19, "collected": 25, "mean_removed_ratio": 0.042023245122675836, "strict_current_topk": false, "project_active_experts": [0, 2, 3, 4, 6, 7, 9, 10, 11, 13, 14, 15, 18, 19, 20, 21]}
{"event": "split_lite_step", "task_id": 6, "batch": 5360, "projected": 19, "collected": 25, "mean_removed_ratio": 0.031371276874683406, "strict_current_topk": false, "project_active_experts": [0, 2, 3, 4, 6, 7, 9, 10, 11, 13, 14, 15, 18, 19, 20, 21]}
{"event": "split_lite_step", "task_id": 6, "batch": 5380, "projected": 19, "collected": 25, "mean_removed_ratio": 0.036817527032996476, "strict_current_topk": false, "project_active_experts": [0, 2, 3, 4, 6, 7, 9, 10, 11, 13, 14, 15, 18, 19, 20, 21]}
{"event": "split_lite_step", "task_id": 6, "batch": 5400, "projected": 19, "collected": 25, "mean_removed_ratio": 0.03319664495555978, "strict_current_topk": false, "project_active_experts": [0, 2, 3, 4, 6, 7, 9, 10, 11, 13, 14, 15, 18, 19, 20, 21]}
{"event": "split_lite_step", "task_id": 6, "batch": 5420, "projected": 19, "collected": 25, "mean_removed_ratio": 0.049866906612327226, "strict_current_topk": false, "project_active_experts": [0, 2, 3, 4, 6, 7, 9, 10, 11, 13, 14, 15, 18, 19, 20, 21]}
{"event": "split_lite_step", "task_id": 6, "batch": 5440, "projected": 19, "collected": 25, "mean_removed_ratio": 0.0552997070511705, "strict_current_topk": false, "project_active_experts": [0, 2, 3, 4, 6, 7, 9, 10, 11, 13, 14, 15, 18, 19, 20, 21]}
{"event": "split_lite_step", "task_id": 6, "batch": 5460, "projected": 19, "collected": 25, "mean_removed_ratio": 0.04340611366359027, "strict_current_topk": false, "project_active_experts": [0, 2, 3, 4, 6, 7, 9, 10, 11, 13, 14, 15, 18, 19, 20, 21]}
{"event": "split_lite_step", "task_id": 6, "batch": 5480, "projected": 19, "collected": 25, "mean_removed_ratio": 0.053631795570254326, "strict_current_topk": false, "project_active_experts": [0, 2, 3, 4, 6, 7, 9, 10, 11, 13, 14, 15, 18, 19, 20, 21]}
{"event": "split_lite_step", "task_id": 6, "batch": 5500, "projected": 19, "collected": 25, "mean_removed_ratio": 0.04900318102322911, "strict_current_topk": false, "project_active_experts": [0, 2, 3, 4, 6, 7, 9, 10, 11, 13, 14, 15, 18, 19, 20, 21]}
{"event": "split_lite_step", "task_id": 6, "batch": 5520, "projected": 19, "collected": 25, "mean_removed_ratio": 0.0519373363962299, "strict_current_topk": false, "project_active_experts": [0, 2, 3, 4, 6, 7, 9, 10, 11, 13, 14, 15, 18, 19, 20, 21]}
{"event": "split_lite_step", "task_id": 6, "batch": 5540, "projected": 19, "collected": 25, "mean_removed_ratio": 0.03703681796200966, "strict_current_topk": false, "project_active_experts": [0, 2, 3, 4, 6, 7, 9, 10, 11, 13, 14, 15, 18, 19, 20, 21]}
{"event": "split_lite_step", "task_id": 6, "batch": 5560, "projected": 19, "collected": 25, "mean_removed_ratio": 0.055435956210682265, "strict_current_topk": false, "project_active_experts": [0, 2, 3, 4, 6, 7, 9, 10, 11, 13, 14, 15, 18, 19, 20, 21]}
{"event": "split_lite_step", "task_id": 6, "batch": 5580, "projected": 19, "collected": 25, "mean_removed_ratio": 0.044119901085076366, "strict_current_topk": false, "project_active_experts": [0, 2, 3, 4, 6, 7, 9, 10, 11, 13, 14, 15, 18, 19, 20, 21]}
{"event": "split_lite_step", "task_id": 6, "batch": 5600, "projected": 19, "collected": 25, "mean_removed_ratio": 0.04161727041202156, "strict_current_topk": false, "project_active_experts": [0, 2, 3, 4, 6, 7, 9, 10, 11, 13, 14, 15, 18, 19, 20, 21]}
{"event": "split_lite_step", "task_id": 6, "batch": 5620, "projected": 19, "collected": 25, "mean_removed_ratio": 0.04549557289206668, "strict_current_topk": false, "project_active_experts": [0, 2, 3, 4, 6, 7, 9, 10, 11, 13, 14, 15, 18, 19, 20, 21]}
{"event": "split_lite_step", "task_id": 6, "batch": 5640, "projected": 19, "collected": 25, "mean_removed_ratio": 0.0393278201257712, "strict_current_topk": false, "project_active_experts": [0, 2, 3, 4, 6, 7, 9, 10, 11, 13, 14, 15, 18, 19, 20, 21]}
{"event": "split_lite_step", "task_id": 6, "batch": 5660, "projected": 19, "collected": 25, "mean_removed_ratio": 0.048547456188029366, "strict_current_topk": false, "project_active_experts": [0, 2, 3, 4, 6, 7, 9, 10, 11, 13, 14, 15, 18, 19, 20, 21]}
{"event": "split_lite_step", "task_id": 6, "batch": 5680, "projected": 19, "collected": 25, "mean_removed_ratio": 0.03906579028913065, "strict_current_topk": false, "project_active_experts": [0, 2, 3, 4, 6, 7, 9, 10, 11, 13, 14, 15, 18, 19, 20, 21]}
{"event": "split_lite_step", "task_id": 6, "batch": 5700, "projected": 19, "collected": 25, "mean_removed_ratio": 0.043589805142561854, "strict_current_topk": false, "project_active_experts": [0, 2, 3, 4, 6, 7, 9, 10, 11, 13, 14, 15, 18, 19, 20, 21]}
{"event": "split_lite_step", "task_id": 6, "batch": 5720, "projected": 19, "collected": 25, "mean_removed_ratio": 0.03931397618725896, "strict_current_topk": false, "project_active_experts": [0, 2, 3, 4, 6, 7, 9, 10, 11, 13, 14, 15, 18, 19, 20, 21]}
{"event": "split_lite_step", "task_id": 6, "batch": 5740, "projected": 19, "collected": 25, "mean_removed_ratio": 0.046270018982651984, "strict_current_topk": false, "project_active_experts": [0, 2, 3, 4, 6, 7, 9, 10, 11, 13, 14, 15, 18, 19, 20, 21]}
{"event": "split_lite_step", "task_id": 6, "batch": 5760, "projected": 19, "collected": 25, "mean_removed_ratio": 0.03841681038274577, "strict_current_topk": false, "project_active_experts": [0, 2, 3, 4, 6, 7, 9, 10, 11, 13, 14, 15, 18, 19, 20, 21]}
{"event": "split_lite_step", "task_id": 6, "batch": 5780, "projected": 19, "collected": 25, "mean_removed_ratio": 0.03923899636260773, "strict_current_topk": false, "project_active_experts": [0, 2, 3, 4, 6, 7, 9, 10, 11, 13, 14, 15, 18, 19, 20, 21]}
{"event": "split_lite_step", "task_id": 6, "batch": 5800, "projected": 19, "collected": 25, "mean_removed_ratio": 0.04038721646525358, "strict_current_topk": false, "project_active_experts": [0, 2, 3, 4, 6, 7, 9, 10, 11, 13, 14, 15, 18, 19, 20, 21]}
{"event": "split_lite_step", "task_id": 6, "batch": 5820, "projected": 19, "collected": 25, "mean_removed_ratio": 0.036356433931934204, "strict_current_topk": false, "project_active_experts": [0, 2, 3, 4, 6, 7, 9, 10, 11, 13, 14, 15, 18, 19, 20, 21]}
{"event": "split_lite_step", "task_id": 6, "batch": 5840, "projected": 19, "collected": 25, "mean_removed_ratio": 0.034425251381961924, "strict_current_topk": false, "project_active_experts": [0, 2, 3, 4, 6, 7, 9, 10, 11, 13, 14, 15, 18, 19, 20, 21]}
{"event": "split_lite_task_finish", "task_id": 6, "rank": 4, "alpha": 0.2, "interval": 20, "buffer_size": 24, "expert_threshold": 0.03, "active_topk": 16, "strict_current_topk": false, "active_experts": [0, 2, 3, 4, 6, 7, 9, 10, 11, 13, 14, 15, 18, 19, 20, 21], "usage": {"vector": [0.11066076904535294, 0.0, 0.07982461154460907, 0.06661399453878403, 0.0508931539952755, 0.005175996571779251, 0.06493531912565231, 0.021935774013400078, 0.020836705341935158, 0.06320999562740326, 0.050770800560712814, 0.04144633561372757, 0.0, 0.053519513458013535, 0.06062302738428116, 0.09672851115465164, 0.0, 0.0, 0.03608681634068489, 0.05424738675355911, 0.031055979430675507, 0.06711480021476746, 0.014763825573027134, 0.0, 0.009556722827255726], "top3": [0, 15, 2], "top5": [0, 15, 2, 21, 3], "top3_mass": 0.28721389174461365, "top5_mass": 0.4209426939487457, "entropy": 2.8307743072509766, "max_entropy": 3.2188758248682006}, "basis_sizes": {"e_pv": {"0": 4, "2": 4, "3": 4, "4": 4, "6": 4, "7": 4, "9": 4, "10": 4, "11": 4, "13": 4, "14": 4, "15": 4, "18": 4, "19": 4, "20": 4, "21": 4}}, "stats": {"project_calls": 293, "projected_vectors": 4212, "collected_vectors": 7325, "skipped_steps": 5557}, "diagnostics": {"expert_usage_mode": "old_union", "previous_selected_jaccard": 1.0, "cp_overlap": null}}
{"event": "split_lite_step", "task_id": 7, "batch": 5860, "projected": 19, "collected": 25, "mean_removed_ratio": 0.058166748549985256, "strict_current_topk": false, "project_active_experts": [0, 2, 3, 4, 6, 7, 9, 10, 11, 13, 14, 15, 18, 19, 20, 21]}
{"event": "split_lite_step", "task_id": 7, "batch": 5880, "projected": 19, "collected": 25, "mean_removed_ratio": 0.048449299494294745, "strict_current_topk": false, "project_active_experts": [0, 2, 3, 4, 6, 7, 9, 10, 11, 13, 14, 15, 18, 19, 20, 21]}
{"event": "split_lite_step", "task_id": 7, "batch": 5900, "projected": 19, "collected": 25, "mean_removed_ratio": 0.0480599963155232, "strict_current_topk": false, "project_active_experts": [0, 2, 3, 4, 6, 7, 9, 10, 11, 13, 14, 15, 18, 19, 20, 21]}
{"event": "split_lite_step", "task_id": 7, "batch": 5920, "projected": 19, "collected": 25, "mean_removed_ratio": 0.05703059427048031, "strict_current_topk": false, "project_active_experts": [0, 2, 3, 4, 6, 7, 9, 10, 11, 13, 14, 15, 18, 19, 20, 21]}
{"event": "split_lite_step", "task_id": 7, "batch": 5940, "projected": 19, "collected": 25, "mean_removed_ratio": 0.03862779234585009, "strict_current_topk": false, "project_active_experts": [0, 2, 3, 4, 6, 7, 9, 10, 11, 13, 14, 15, 18, 19, 20, 21]}
{"event": "split_lite_step", "task_id": 7, "batch": 5960, "projected": 19, "collected": 25, "mean_removed_ratio": 0.03519060737208316, "strict_current_topk": false, "project_active_experts": [0, 2, 3, 4, 6, 7, 9, 10, 11, 13, 14, 15, 18, 19, 20, 21]}
{"event": "split_lite_step", "task_id": 7, "batch": 5980, "projected": 19, "collected": 25, "mean_removed_ratio": 0.04816943985459052, "strict_current_topk": false, "project_active_experts": [0, 2, 3, 4, 6, 7, 9, 10, 11, 13, 14, 15, 18, 19, 20, 21]}
{"event": "split_lite_step", "task_id": 7, "batch": 6000, "projected": 19, "collected": 25, "mean_removed_ratio": 0.04709809748946052, "strict_current_topk": false, "project_active_experts": [0, 2, 3, 4, 6, 7, 9, 10, 11, 13, 14, 15, 18, 19, 20, 21]}
{"event": "split_lite_step", "task_id": 7, "batch": 6020, "projected": 19, "collected": 25, "mean_removed_ratio": 0.03852205102233902, "strict_current_topk": false, "project_active_experts": [0, 2, 3, 4, 6, 7, 9, 10, 11, 13, 14, 15, 18, 19, 20, 21]}
{"event": "split_lite_step", "task_id": 7, "batch": 6040, "projected": 19, "collected": 25, "mean_removed_ratio": 0.048242440202126376, "strict_current_topk": false, "project_active_experts": [0, 2, 3, 4, 6, 7, 9, 10, 11, 13, 14, 15, 18, 19, 20, 21]}
{"event": "split_lite_step", "task_id": 7, "batch": 6060, "projected": 19, "collected": 25, "mean_removed_ratio": 0.04733670870528409, "strict_current_topk": false, "project_active_experts": [0, 2, 3, 4, 6, 7, 9, 10, 11, 13, 14, 15, 18, 19, 20, 21]}
{"event": "split_lite_step", "task_id": 7, "batch": 6080, "projected": 19, "collected": 25, "mean_removed_ratio": 0.056261976592634856, "strict_current_topk": false, "project_active_experts": [0, 2, 3, 4, 6, 7, 9, 10, 11, 13, 14, 15, 18, 19, 20, 21]}
{"event": "split_lite_step", "task_id": 7, "batch": 6100, "projected": 19, "collected": 25, "mean_removed_ratio": 0.05755607337739907, "strict_current_topk": false, "project_active_experts": [0, 2, 3, 4, 6, 7, 9, 10, 11, 13, 14, 15, 18, 19, 20, 21]}
{"event": "split_lite_step", "task_id": 7, "batch": 6120, "projected": 19, "collected": 25, "mean_removed_ratio": 0.06092270958776537, "strict_current_topk": false, "project_active_experts": [0, 2, 3, 4, 6, 7, 9, 10, 11, 13, 14, 15, 18, 19, 20, 21]}
{"event": "split_lite_step", "task_id": 7, "batch": 6140, "projected": 19, "collected": 25, "mean_removed_ratio": 0.03597364015877247, "strict_current_topk": false, "project_active_experts": [0, 2, 3, 4, 6, 7, 9, 10, 11, 13, 14, 15, 18, 19, 20, 21]}
{"event": "split_lite_step", "task_id": 7, "batch": 6160, "projected": 19, "collected": 25, "mean_removed_ratio": 0.05520118346535846, "strict_current_topk": false, "project_active_experts": [0, 2, 3, 4, 6, 7, 9, 10, 11, 13, 14, 15, 18, 19, 20, 21]}
{"event": "split_lite_step", "task_id": 7, "batch": 6180, "projected": 19, "collected": 25, "mean_removed_ratio": 0.05659590690935913, "strict_current_topk": false, "project_active_experts": [0, 2, 3, 4, 6, 7, 9, 10, 11, 13, 14, 15, 18, 19, 20, 21]}
{"event": "split_lite_step", "task_id": 7, "batch": 6200, "projected": 19, "collected": 25, "mean_removed_ratio": 0.0454043082304691, "strict_current_topk": false, "project_active_experts": [0, 2, 3, 4, 6, 7, 9, 10, 11, 13, 14, 15, 18, 19, 20, 21]}
{"event": "split_lite_step", "task_id": 7, "batch": 6220, "projected": 19, "collected": 25, "mean_removed_ratio": 0.05581222278507132, "strict_current_topk": false, "project_active_experts": [0, 2, 3, 4, 6, 7, 9, 10, 11, 13, 14, 15, 18, 19, 20, 21]}
{"event": "split_lite_step", "task_id": 7, "batch": 6240, "projected": 19, "collected": 25, "mean_removed_ratio": 0.04269135052240208, "strict_current_topk": false, "project_active_experts": [0, 2, 3, 4, 6, 7, 9, 10, 11, 13, 14, 15, 18, 19, 20, 21]}
{"event": "split_lite_step", "task_id": 7, "batch": 6260, "projected": 19, "collected": 25, "mean_removed_ratio": 0.03686313512489984, "strict_current_topk": false, "project_active_experts": [0, 2, 3, 4, 6, 7, 9, 10, 11, 13, 14, 15, 18, 19, 20, 21]}
{"event": "split_lite_step", "task_id": 7, "batch": 6280, "projected": 19, "collected": 25, "mean_removed_ratio": 0.030241930122046096, "strict_current_topk": false, "project_active_experts": [0, 2, 3, 4, 6, 7, 9, 10, 11, 13, 14, 15, 18, 19, 20, 21]}
{"event": "split_lite_step", "task_id": 7, "batch": 6300, "projected": 19, "collected": 25, "mean_removed_ratio": 0.043386979518752346, "strict_current_topk": false, "project_active_experts": [0, 2, 3, 4, 6, 7, 9, 10, 11, 13, 14, 15, 18, 19, 20, 21]}
{"event": "split_lite_step", "task_id": 7, "batch": 6320, "projected": 19, "collected": 25, "mean_removed_ratio": 0.03823171048670223, "strict_current_topk": false, "project_active_experts": [0, 2, 3, 4, 6, 7, 9, 10, 11, 13, 14, 15, 18, 19, 20, 21]}
{"event": "split_lite_step", "task_id": 7, "batch": 6340, "projected": 19, "collected": 25, "mean_removed_ratio": 0.04821890114659542, "strict_current_topk": false, "project_active_experts": [0, 2, 3, 4, 6, 7, 9, 10, 11, 13, 14, 15, 18, 19, 20, 21]}
{"event": "split_lite_step", "task_id": 7, "batch": 6360, "projected": 19, "collected": 25, "mean_removed_ratio": 0.05921051582615627, "strict_current_topk": false, "project_active_experts": [0, 2, 3, 4, 6, 7, 9, 10, 11, 13, 14, 15, 18, 19, 20, 21]}
{"event": "split_lite_step", "task_id": 7, "batch": 6380, "projected": 19, "collected": 25, "mean_removed_ratio": 0.037703442411791334, "strict_current_topk": false, "project_active_experts": [0, 2, 3, 4, 6, 7, 9, 10, 11, 13, 14, 15, 18, 19, 20, 21]}
{"event": "split_lite_step", "task_id": 7, "batch": 6400, "projected": 19, "collected": 25, "mean_removed_ratio": 0.03725626613748701, "strict_current_topk": false, "project_active_experts": [0, 2, 3, 4, 6, 7, 9, 10, 11, 13, 14, 15, 18, 19, 20, 21]}
{"event": "split_lite_step", "task_id": 7, "batch": 6420, "projected": 19, "collected": 25, "mean_removed_ratio": 0.02841736993899471, "strict_current_topk": false, "project_active_experts": [0, 2, 3, 4, 6, 7, 9, 10, 11, 13, 14, 15, 18, 19, 20, 21]}
{"event": "split_lite_step", "task_id": 7, "batch": 6440, "projected": 19, "collected": 25, "mean_removed_ratio": 0.032301583229319045, "strict_current_topk": false, "project_active_experts": [0, 2, 3, 4, 6, 7, 9, 10, 11, 13, 14, 15, 18, 19, 20, 21]}
{"event": "split_lite_step", "task_id": 7, "batch": 6460, "projected": 19, "collected": 25, "mean_removed_ratio": 0.05412666678526684, "strict_current_topk": false, "project_active_experts": [0, 2, 3, 4, 6, 7, 9, 10, 11, 13, 14, 15, 18, 19, 20, 21]}
{"event": "split_lite_step", "task_id": 7, "batch": 6480, "projected": 19, "collected": 25, "mean_removed_ratio": 0.04639322754289759, "strict_current_topk": false, "project_active_experts": [0, 2, 3, 4, 6, 7, 9, 10, 11, 13, 14, 15, 18, 19, 20, 21]}
{"event": "split_lite_step", "task_id": 7, "batch": 6500, "projected": 19, "collected": 25, "mean_removed_ratio": 0.05256766026937648, "strict_current_topk": false, "project_active_experts": [0, 2, 3, 4, 6, 7, 9, 10, 11, 13, 14, 15, 18, 19, 20, 21]}
{"event": "split_lite_step", "task_id": 7, "batch": 6520, "projected": 19, "collected": 25, "mean_removed_ratio": 0.05372183318985136, "strict_current_topk": false, "project_active_experts": [0, 2, 3, 4, 6, 7, 9, 10, 11, 13, 14, 15, 18, 19, 20, 21]}
{"event": "split_lite_step", "task_id": 7, "batch": 6540, "projected": 19, "collected": 25, "mean_removed_ratio": 0.052296074107289314, "strict_current_topk": false, "project_active_experts": [0, 2, 3, 4, 6, 7, 9, 10, 11, 13, 14, 15, 18, 19, 20, 21]}
{"event": "split_lite_step", "task_id": 7, "batch": 6560, "projected": 19, "collected": 25, "mean_removed_ratio": 0.03945437799158849, "strict_current_topk": false, "project_active_experts": [0, 2, 3, 4, 6, 7, 9, 10, 11, 13, 14, 15, 18, 19, 20, 21]}
{"event": "split_lite_step", "task_id": 7, "batch": 6580, "projected": 19, "collected": 25, "mean_removed_ratio": 0.04289479389492618, "strict_current_topk": false, "project_active_experts": [0, 2, 3, 4, 6, 7, 9, 10, 11, 13, 14, 15, 18, 19, 20, 21]}
{"event": "split_lite_step", "task_id": 7, "batch": 6600, "projected": 19, "collected": 25, "mean_removed_ratio": 0.04474659239579188, "strict_current_topk": false, "project_active_experts": [0, 2, 3, 4, 6, 7, 9, 10, 11, 13, 14, 15, 18, 19, 20, 21]}
{"event": "split_lite_step", "task_id": 7, "batch": 6620, "projected": 19, "collected": 25, "mean_removed_ratio": 0.040882817567571214, "strict_current_topk": false, "project_active_experts": [0, 2, 3, 4, 6, 7, 9, 10, 11, 13, 14, 15, 18, 19, 20, 21]}
{"event": "split_lite_task_finish", "task_id": 7, "rank": 4, "alpha": 0.2, "interval": 20, "buffer_size": 24, "expert_threshold": 0.03, "active_topk": 16, "strict_current_topk": false, "active_experts": [0, 2, 3, 4, 6, 7, 9, 10, 11, 13, 14, 15, 18, 19, 20, 21], "usage": {"vector": [0.1103590801358223, 0.0, 0.08198017627000809, 0.06287863850593567, 0.0535559356212616, 0.004526696167886257, 0.06583930552005768, 0.027406824752688408, 0.018222855404019356, 0.059776514768600464, 0.048928577452898026, 0.041205450892448425, 0.0, 0.05602602660655975, 0.06207340583205223, 0.09845292568206787, 0.0, 0.0, 0.03599412739276886, 0.05626179277896881, 0.031686872243881226, 0.06355510652065277, 0.012911784462630749, 0.0, 0.008357884362339973], "top3": [0, 15, 2], "top5": [0, 15, 2, 6, 21], "top3_mass": 0.29079216718673706, "top5_mass": 0.4201865792274475, "entropy": 2.8260364532470703, "max_entropy": 3.2188758248682006}, "basis_sizes": {"e_pv": {"0": 4, "2": 4, "3": 4, "4": 4, "6": 4, "7": 4, "9": 4, "10": 4, "11": 4, "13": 4, "14": 4, "15": 4, "18": 4, "19": 4, "20": 4, "21": 4}}, "stats": {"project_calls": 332, "projected_vectors": 4953, "collected_vectors": 8300, "skipped_steps": 6298}, "diagnostics": {"expert_usage_mode": "old_union", "previous_selected_jaccard": 1.0, "cp_overlap": null}}
{"event": "split_lite_step", "task_id": 8, "batch": 6640, "projected": 19, "collected": 25, "mean_removed_ratio": 0.05132707497595172, "strict_current_topk": false, "project_active_experts": [0, 2, 3, 4, 6, 7, 9, 10, 11, 13, 14, 15, 18, 19, 20, 21]}
{"event": "split_lite_step", "task_id": 8, "batch": 6660, "projected": 19, "collected": 25, "mean_removed_ratio": 0.057532434033131914, "strict_current_topk": false, "project_active_experts": [0, 2, 3, 4, 6, 7, 9, 10, 11, 13, 14, 15, 18, 19, 20, 21]}
{"event": "split_lite_step", "task_id": 8, "batch": 6680, "projected": 19, "collected": 25, "mean_removed_ratio": 0.04250553456184111, "strict_current_topk": false, "project_active_experts": [0, 2, 3, 4, 6, 7, 9, 10, 11, 13, 14, 15, 18, 19, 20, 21]}
{"event": "split_lite_step", "task_id": 8, "batch": 6700, "projected": 19, "collected": 25, "mean_removed_ratio": 0.06252631358802319, "strict_current_topk": false, "project_active_experts": [0, 2, 3, 4, 6, 7, 9, 10, 11, 13, 14, 15, 18, 19, 20, 21]}
{"event": "split_lite_step", "task_id": 8, "batch": 6720, "projected": 19, "collected": 25, "mean_removed_ratio": 0.05310753732919693, "strict_current_topk": false, "project_active_experts": [0, 2, 3, 4, 6, 7, 9, 10, 11, 13, 14, 15, 18, 19, 20, 21]}
{"event": "split_lite_step", "task_id": 8, "batch": 6740, "projected": 19, "collected": 25, "mean_removed_ratio": 0.04285288332520347, "strict_current_topk": false, "project_active_experts": [0, 2, 3, 4, 6, 7, 9, 10, 11, 13, 14, 15, 18, 19, 20, 21]}
{"event": "split_lite_step", "task_id": 8, "batch": 6760, "projected": 19, "collected": 25, "mean_removed_ratio": 0.048195922698237394, "strict_current_topk": false, "project_active_experts": [0, 2, 3, 4, 6, 7, 9, 10, 11, 13, 14, 15, 18, 19, 20, 21]}
{"event": "split_lite_step", "task_id": 8, "batch": 6780, "projected": 19, "collected": 25, "mean_removed_ratio": 0.0399891138566952, "strict_current_topk": false, "project_active_experts": [0, 2, 3, 4, 6, 7, 9, 10, 11, 13, 14, 15, 18, 19, 20, 21]}
{"event": "split_lite_step", "task_id": 8, "batch": 6800, "projected": 19, "collected": 25, "mean_removed_ratio": 0.04828966953056423, "strict_current_topk": false, "project_active_experts": [0, 2, 3, 4, 6, 7, 9, 10, 11, 13, 14, 15, 18, 19, 20, 21]}
{"event": "split_lite_step", "task_id": 8, "batch": 6820, "projected": 19, "collected": 25, "mean_removed_ratio": 0.03897432870182552, "strict_current_topk": false, "project_active_experts": [0, 2, 3, 4, 6, 7, 9, 10, 11, 13, 14, 15, 18, 19, 20, 21]}
{"event": "split_lite_step", "task_id": 8, "batch": 6840, "projected": 19, "collected": 25, "mean_removed_ratio": 0.03722843616024444, "strict_current_topk": false, "project_active_experts": [0, 2, 3, 4, 6, 7, 9, 10, 11, 13, 14, 15, 18, 19, 20, 21]}
{"event": "split_lite_step", "task_id": 8, "batch": 6860, "projected": 19, "collected": 25, "mean_removed_ratio": 0.030796304712758252, "strict_current_topk": false, "project_active_experts": [0, 2, 3, 4, 6, 7, 9, 10, 11, 13, 14, 15, 18, 19, 20, 21]}
{"event": "split_lite_step", "task_id": 8, "batch": 6880, "projected": 19, "collected": 25, "mean_removed_ratio": 0.037878561666921565, "strict_current_topk": false, "project_active_experts": [0, 2, 3, 4, 6, 7, 9, 10, 11, 13, 14, 15, 18, 19, 20, 21]}
{"event": "split_lite_step", "task_id": 8, "batch": 6900, "projected": 19, "collected": 25, "mean_removed_ratio": 0.03738793995427458, "strict_current_topk": false, "project_active_experts": [0, 2, 3, 4, 6, 7, 9, 10, 11, 13, 14, 15, 18, 19, 20, 21]}
{"event": "split_lite_step", "task_id": 8, "batch": 6920, "projected": 19, "collected": 25, "mean_removed_ratio": 0.03989131170275964, "strict_current_topk": false, "project_active_experts": [0, 2, 3, 4, 6, 7, 9, 10, 11, 13, 14, 15, 18, 19, 20, 21]}
{"event": "split_lite_step", "task_id": 8, "batch": 6940, "projected": 19, "collected": 25, "mean_removed_ratio": 0.04136217096330304, "strict_current_topk": false, "project_active_experts": [0, 2, 3, 4, 6, 7, 9, 10, 11, 13, 14, 15, 18, 19, 20, 21]}
{"event": "split_lite_step", "task_id": 8, "batch": 6960, "projected": 19, "collected": 25, "mean_removed_ratio": 0.03139567240386417, "strict_current_topk": false, "project_active_experts": [0, 2, 3, 4, 6, 7, 9, 10, 11, 13, 14, 15, 18, 19, 20, 21]}
{"event": "split_lite_step", "task_id": 8, "batch": 6980, "projected": 19, "collected": 25, "mean_removed_ratio": 0.037047863423236106, "strict_current_topk": false, "project_active_experts": [0, 2, 3, 4, 6, 7, 9, 10, 11, 13, 14, 15, 18, 19, 20, 21]}
{"event": "split_lite_step", "task_id": 8, "batch": 7000, "projected": 19, "collected": 25, "mean_removed_ratio": 0.04869350473592548, "strict_current_topk": false, "project_active_experts": [0, 2, 3, 4, 6, 7, 9, 10, 11, 13, 14, 15, 18, 19, 20, 21]}
{"event": "split_lite_step", "task_id": 8, "batch": 7020, "projected": 19, "collected": 25, "mean_removed_ratio": 0.05410668236742679, "strict_current_topk": false, "project_active_experts": [0, 2, 3, 4, 6, 7, 9, 10, 11, 13, 14, 15, 18, 19, 20, 21]}
{"event": "split_lite_step", "task_id": 8, "batch": 7040, "projected": 19, "collected": 25, "mean_removed_ratio": 0.04237736418451134, "strict_current_topk": false, "project_active_experts": [0, 2, 3, 4, 6, 7, 9, 10, 11, 13, 14, 15, 18, 19, 20, 21]}
{"event": "split_lite_step", "task_id": 8, "batch": 7060, "projected": 19, "collected": 25, "mean_removed_ratio": 0.04862748302127186, "strict_current_topk": false, "project_active_experts": [0, 2, 3, 4, 6, 7, 9, 10, 11, 13, 14, 15, 18, 19, 20, 21]}
{"event": "split_lite_step", "task_id": 8, "batch": 7080, "projected": 19, "collected": 25, "mean_removed_ratio": 0.03952125249136435, "strict_current_topk": false, "project_active_experts": [0, 2, 3, 4, 6, 7, 9, 10, 11, 13, 14, 15, 18, 19, 20, 21]}
{"event": "split_lite_step", "task_id": 8, "batch": 7100, "projected": 19, "collected": 25, "mean_removed_ratio": 0.0315643796501191, "strict_current_topk": false, "project_active_experts": [0, 2, 3, 4, 6, 7, 9, 10, 11, 13, 14, 15, 18, 19, 20, 21]}
{"event": "split_lite_step", "task_id": 8, "batch": 7120, "projected": 19, "collected": 25, "mean_removed_ratio": 0.039962023717204205, "strict_current_topk": false, "project_active_experts": [0, 2, 3, 4, 6, 7, 9, 10, 11, 13, 14, 15, 18, 19, 20, 21]}
{"event": "split_lite_step", "task_id": 8, "batch": 7140, "projected": 19, "collected": 25, "mean_removed_ratio": 0.03901145700365305, "strict_current_topk": false, "project_active_experts": [0, 2, 3, 4, 6, 7, 9, 10, 11, 13, 14, 15, 18, 19, 20, 21]}
{"event": "split_lite_step", "task_id": 8, "batch": 7160, "projected": 19, "collected": 25, "mean_removed_ratio": 0.053591975991271044, "strict_current_topk": false, "project_active_experts": [0, 2, 3, 4, 6, 7, 9, 10, 11, 13, 14, 15, 18, 19, 20, 21]}
{"event": "split_lite_step", "task_id": 8, "batch": 7180, "projected": 19, "collected": 25, "mean_removed_ratio": 0.04580483526775712, "strict_current_topk": false, "project_active_experts": [0, 2, 3, 4, 6, 7, 9, 10, 11, 13, 14, 15, 18, 19, 20, 21]}
{"event": "split_lite_step", "task_id": 8, "batch": 7200, "projected": 19, "collected": 25, "mean_removed_ratio": 0.03458119426412802, "strict_current_topk": false, "project_active_experts": [0, 2, 3, 4, 6, 7, 9, 10, 11, 13, 14, 15, 18, 19, 20, 21]}
{"event": "split_lite_step", "task_id": 8, "batch": 7220, "projected": 19, "collected": 25, "mean_removed_ratio": 0.03904566337893668, "strict_current_topk": false, "project_active_experts": [0, 2, 3, 4, 6, 7, 9, 10, 11, 13, 14, 15, 18, 19, 20, 21]}
{"event": "split_lite_step", "task_id": 8, "batch": 7240, "projected": 19, "collected": 25, "mean_removed_ratio": 0.03441252039843484, "strict_current_topk": false, "project_active_experts": [0, 2, 3, 4, 6, 7, 9, 10, 11, 13, 14, 15, 18, 19, 20, 21]}
{"event": "split_lite_step", "task_id": 8, "batch": 7260, "projected": 19, "collected": 25, "mean_removed_ratio": 0.03705533407628536, "strict_current_topk": false, "project_active_experts": [0, 2, 3, 4, 6, 7, 9, 10, 11, 13, 14, 15, 18, 19, 20, 21]}
{"event": "split_lite_step", "task_id": 8, "batch": 7280, "projected": 19, "collected": 25, "mean_removed_ratio": 0.04423667598319681, "strict_current_topk": false, "project_active_experts": [0, 2, 3, 4, 6, 7, 9, 10, 11, 13, 14, 15, 18, 19, 20, 21]}
{"event": "split_lite_step", "task_id": 8, "batch": 7300, "projected": 19, "collected": 25, "mean_removed_ratio": 0.033964886477119045, "strict_current_topk": false, "project_active_experts": [0, 2, 3, 4, 6, 7, 9, 10, 11, 13, 14, 15, 18, 19, 20, 21]}
{"event": "split_lite_step", "task_id": 8, "batch": 7320, "projected": 19, "collected": 25, "mean_removed_ratio": 0.030423742081773907, "strict_current_topk": false, "project_active_experts": [0, 2, 3, 4, 6, 7, 9, 10, 11, 13, 14, 15, 18, 19, 20, 21]}
{"event": "split_lite_step", "task_id": 8, "batch": 7340, "projected": 19, "collected": 25, "mean_removed_ratio": 0.032872577957612906, "strict_current_topk": false, "project_active_experts": [0, 2, 3, 4, 6, 7, 9, 10, 11, 13, 14, 15, 18, 19, 20, 21]}
{"event": "split_lite_step", "task_id": 8, "batch": 7360, "projected": 19, "collected": 25, "mean_removed_ratio": 0.041597781898944, "strict_current_topk": false, "project_active_experts": [0, 2, 3, 4, 6, 7, 9, 10, 11, 13, 14, 15, 18, 19, 20, 21]}
{"event": "split_lite_step", "task_id": 8, "batch": 7380, "projected": 19, "collected": 25, "mean_removed_ratio": 0.04322548519427839, "strict_current_topk": false, "project_active_experts": [0, 2, 3, 4, 6, 7, 9, 10, 11, 13, 14, 15, 18, 19, 20, 21]}
{"event": "split_lite_step", "task_id": 8, "batch": 7400, "projected": 19, "collected": 25, "mean_removed_ratio": 0.0364314499556234, "strict_current_topk": false, "project_active_experts": [0, 2, 3, 4, 6, 7, 9, 10, 11, 13, 14, 15, 18, 19, 20, 21]}
{"event": "split_lite_task_finish", "task_id": 8, "rank": 4, "alpha": 0.2, "interval": 20, "buffer_size": 24, "expert_threshold": 0.03, "active_topk": 16, "strict_current_topk": false, "active_experts": [0, 2, 3, 4, 6, 7, 9, 10, 11, 13, 14, 15, 18, 19, 20, 21], "usage": {"vector": [0.11034625768661499, 0.0, 0.08759351074695587, 0.06132816523313522, 0.05525347217917442, 0.003990644123405218, 0.06602389365434647, 0.028151946142315865, 0.016064900904893875, 0.052697766572237015, 0.04799564555287361, 0.04028775542974472, 0.003695662133395672, 0.05615440383553505, 0.06271914392709732, 0.10167348384857178, 0.0, 0.0, 0.035727135837078094, 0.05950791761279106, 0.031925152987241745, 0.06011227145791054, 0.01138276793062687, 0.0, 0.007368141785264015], "top3": [0, 15, 2], "top5": [0, 15, 2, 6, 14], "top3_mass": 0.29961323738098145, "top5_mass": 0.4283562898635864, "entropy": 2.827850818634033, "max_entropy": 3.2188758248682006}, "basis_sizes": {"e_pv": {"0": 4, "2": 4, "3": 4, "4": 4, "6": 4, "7": 4, "9": 4, "10": 4, "11": 4, "13": 4, "14": 4, "15": 4, "18": 4, "19": 4, "20": 4, "21": 4}}, "stats": {"project_calls": 371, "projected_vectors": 5694, "collected_vectors": 9275, "skipped_steps": 7039}, "diagnostics": {"expert_usage_mode": "old_union", "previous_selected_jaccard": 1.0, "cp_overlap": null}}
{"event": "split_lite_step", "task_id": 9, "batch": 7420, "projected": 19, "collected": 25, "mean_removed_ratio": 0.05558919323314177, "strict_current_topk": false, "project_active_experts": [0, 2, 3, 4, 6, 7, 9, 10, 11, 13, 14, 15, 18, 19, 20, 21]}
{"event": "split_lite_step", "task_id": 9, "batch": 7440, "projected": 19, "collected": 25, "mean_removed_ratio": 0.04641754971817136, "strict_current_topk": false, "project_active_experts": [0, 2, 3, 4, 6, 7, 9, 10, 11, 13, 14, 15, 18, 19, 20, 21]}
{"event": "split_lite_step", "task_id": 9, "batch": 7460, "projected": 19, "collected": 25, "mean_removed_ratio": 0.04609796603357321, "strict_current_topk": false, "project_active_experts": [0, 2, 3, 4, 6, 7, 9, 10, 11, 13, 14, 15, 18, 19, 20, 21]}
{"event": "split_lite_step", "task_id": 9, "batch": 7480, "projected": 19, "collected": 25, "mean_removed_ratio": 0.04293443039549809, "strict_current_topk": false, "project_active_experts": [0, 2, 3, 4, 6, 7, 9, 10, 11, 13, 14, 15, 18, 19, 20, 21]}
{"event": "split_lite_step", "task_id": 9, "batch": 7500, "projected": 19, "collected": 25, "mean_removed_ratio": 0.06640964403356377, "strict_current_topk": false, "project_active_experts": [0, 2, 3, 4, 6, 7, 9, 10, 11, 13, 14, 15, 18, 19, 20, 21]}
{"event": "split_lite_step", "task_id": 9, "batch": 7520, "projected": 19, "collected": 25, "mean_removed_ratio": 0.06052033512509967, "strict_current_topk": false, "project_active_experts": [0, 2, 3, 4, 6, 7, 9, 10, 11, 13, 14, 15, 18, 19, 20, 21]}
{"event": "split_lite_step", "task_id": 9, "batch": 7540, "projected": 19, "collected": 25, "mean_removed_ratio": 0.04780459060872856, "strict_current_topk": false, "project_active_experts": [0, 2, 3, 4, 6, 7, 9, 10, 11, 13, 14, 15, 18, 19, 20, 21]}
{"event": "split_lite_step", "task_id": 9, "batch": 7560, "projected": 19, "collected": 25, "mean_removed_ratio": 0.056971133490534204, "strict_current_topk": false, "project_active_experts": [0, 2, 3, 4, 6, 7, 9, 10, 11, 13, 14, 15, 18, 19, 20, 21]}
{"event": "split_lite_step", "task_id": 9, "batch": 7580, "projected": 19, "collected": 25, "mean_removed_ratio": 0.05697541664305486, "strict_current_topk": false, "project_active_experts": [0, 2, 3, 4, 6, 7, 9, 10, 11, 13, 14, 15, 18, 19, 20, 21]}
{"event": "split_lite_step", "task_id": 9, "batch": 7600, "projected": 19, "collected": 25, "mean_removed_ratio": 0.051044996166111606, "strict_current_topk": false, "project_active_experts": [0, 2, 3, 4, 6, 7, 9, 10, 11, 13, 14, 15, 18, 19, 20, 21]}
{"event": "split_lite_step", "task_id": 9, "batch": 7620, "projected": 19, "collected": 25, "mean_removed_ratio": 0.05149704986251891, "strict_current_topk": false, "project_active_experts": [0, 2, 3, 4, 6, 7, 9, 10, 11, 13, 14, 15, 18, 19, 20, 21]}
{"event": "split_lite_step", "task_id": 9, "batch": 7640, "projected": 19, "collected": 25, "mean_removed_ratio": 0.03557465602888873, "strict_current_topk": false, "project_active_experts": [0, 2, 3, 4, 6, 7, 9, 10, 11, 13, 14, 15, 18, 19, 20, 21]}
{"event": "split_lite_step", "task_id": 9, "batch": 7660, "projected": 19, "collected": 25, "mean_removed_ratio": 0.04326820010809522, "strict_current_topk": false, "project_active_experts": [0, 2, 3, 4, 6, 7, 9, 10, 11, 13, 14, 15, 18, 19, 20, 21]}
{"event": "split_lite_step", "task_id": 9, "batch": 7680, "projected": 19, "collected": 25, "mean_removed_ratio": 0.06028633630883537, "strict_current_topk": false, "project_active_experts": [0, 2, 3, 4, 6, 7, 9, 10, 11, 13, 14, 15, 18, 19, 20, 21]}
{"event": "split_lite_step", "task_id": 9, "batch": 7700, "projected": 19, "collected": 25, "mean_removed_ratio": 0.04981850833926154, "strict_current_topk": false, "project_active_experts": [0, 2, 3, 4, 6, 7, 9, 10, 11, 13, 14, 15, 18, 19, 20, 21]}
{"event": "split_lite_step", "task_id": 9, "batch": 7720, "projected": 19, "collected": 25, "mean_removed_ratio": 0.06797862435249906, "strict_current_topk": false, "project_active_experts": [0, 2, 3, 4, 6, 7, 9, 10, 11, 13, 14, 15, 18, 19, 20, 21]}
{"event": "split_lite_step", "task_id": 9, "batch": 7740, "projected": 19, "collected": 25, "mean_removed_ratio": 0.05023122422005001, "strict_current_topk": false, "project_active_experts": [0, 2, 3, 4, 6, 7, 9, 10, 11, 13, 14, 15, 18, 19, 20, 21]}
{"event": "split_lite_step", "task_id": 9, "batch": 7760, "projected": 19, "collected": 25, "mean_removed_ratio": 0.04200252138176247, "strict_current_topk": false, "project_active_experts": [0, 2, 3, 4, 6, 7, 9, 10, 11, 13, 14, 15, 18, 19, 20, 21]}
{"event": "split_lite_step", "task_id": 9, "batch": 7780, "projected": 19, "collected": 25, "mean_removed_ratio": 0.05044454029810272, "strict_current_topk": false, "project_active_experts": [0, 2, 3, 4, 6, 7, 9, 10, 11, 13, 14, 15, 18, 19, 20, 21]}
{"event": "split_lite_step", "task_id": 9, "batch": 7800, "projected": 19, "collected": 25, "mean_removed_ratio": 0.05284988961035484, "strict_current_topk": false, "project_active_experts": [0, 2, 3, 4, 6, 7, 9, 10, 11, 13, 14, 15, 18, 19, 20, 21]}
{"event": "split_lite_step", "task_id": 9, "batch": 7820, "projected": 19, "collected": 25, "mean_removed_ratio": 0.05495561152010372, "strict_current_topk": false, "project_active_experts": [0, 2, 3, 4, 6, 7, 9, 10, 11, 13, 14, 15, 18, 19, 20, 21]}
{"event": "split_lite_step", "task_id": 9, "batch": 7840, "projected": 19, "collected": 25, "mean_removed_ratio": 0.05044129981022132, "strict_current_topk": false, "project_active_experts": [0, 2, 3, 4, 6, 7, 9, 10, 11, 13, 14, 15, 18, 19, 20, 21]}
{"event": "split_lite_step", "task_id": 9, "batch": 7860, "projected": 19, "collected": 25, "mean_removed_ratio": 0.03308565045804962, "strict_current_topk": false, "project_active_experts": [0, 2, 3, 4, 6, 7, 9, 10, 11, 13, 14, 15, 18, 19, 20, 21]}
{"event": "split_lite_step", "task_id": 9, "batch": 7880, "projected": 19, "collected": 25, "mean_removed_ratio": 0.044583170111046025, "strict_current_topk": false, "project_active_experts": [0, 2, 3, 4, 6, 7, 9, 10, 11, 13, 14, 15, 18, 19, 20, 21]}
{"event": "split_lite_step", "task_id": 9, "batch": 7900, "projected": 19, "collected": 25, "mean_removed_ratio": 0.039304838528072365, "strict_current_topk": false, "project_active_experts": [0, 2, 3, 4, 6, 7, 9, 10, 11, 13, 14, 15, 18, 19, 20, 21]}
{"event": "split_lite_step", "task_id": 9, "batch": 7920, "projected": 19, "collected": 25, "mean_removed_ratio": 0.05157745888113583, "strict_current_topk": false, "project_active_experts": [0, 2, 3, 4, 6, 7, 9, 10, 11, 13, 14, 15, 18, 19, 20, 21]}
{"event": "split_lite_step", "task_id": 9, "batch": 7940, "projected": 19, "collected": 25, "mean_removed_ratio": 0.04622432297879928, "strict_current_topk": false, "project_active_experts": [0, 2, 3, 4, 6, 7, 9, 10, 11, 13, 14, 15, 18, 19, 20, 21]}
{"event": "split_lite_step", "task_id": 9, "batch": 7960, "projected": 19, "collected": 25, "mean_removed_ratio": 0.03913886587772714, "strict_current_topk": false, "project_active_experts": [0, 2, 3, 4, 6, 7, 9, 10, 11, 13, 14, 15, 18, 19, 20, 21]}
{"event": "split_lite_step", "task_id": 9, "batch": 7980, "projected": 19, "collected": 25, "mean_removed_ratio": 0.053716680133029035, "strict_current_topk": false, "project_active_experts": [0, 2, 3, 4, 6, 7, 9, 10, 11, 13, 14, 15, 18, 19, 20, 21]}
{"event": "split_lite_step", "task_id": 9, "batch": 8000, "projected": 19, "collected": 25, "mean_removed_ratio": 0.041179760248939455, "strict_current_topk": false, "project_active_experts": [0, 2, 3, 4, 6, 7, 9, 10, 11, 13, 14, 15, 18, 19, 20, 21]}
{"event": "split_lite_step", "task_id": 9, "batch": 8020, "projected": 19, "collected": 25, "mean_removed_ratio": 0.03131649025568837, "strict_current_topk": false, "project_active_experts": [0, 2, 3, 4, 6, 7, 9, 10, 11, 13, 14, 15, 18, 19, 20, 21]}
{"event": "split_lite_step", "task_id": 9, "batch": 8040, "projected": 19, "collected": 25, "mean_removed_ratio": 0.04550174167869907, "strict_current_topk": false, "project_active_experts": [0, 2, 3, 4, 6, 7, 9, 10, 11, 13, 14, 15, 18, 19, 20, 21]}
{"event": "split_lite_step", "task_id": 9, "batch": 8060, "projected": 19, "collected": 25, "mean_removed_ratio": 0.05613369952985331, "strict_current_topk": false, "project_active_experts": [0, 2, 3, 4, 6, 7, 9, 10, 11, 13, 14, 15, 18, 19, 20, 21]}
{"event": "split_lite_step", "task_id": 9, "batch": 8080, "projected": 19, "collected": 25, "mean_removed_ratio": 0.051156261813287675, "strict_current_topk": false, "project_active_experts": [0, 2, 3, 4, 6, 7, 9, 10, 11, 13, 14, 15, 18, 19, 20, 21]}
{"event": "split_lite_step", "task_id": 9, "batch": 8100, "projected": 19, "collected": 25, "mean_removed_ratio": 0.05357387384987975, "strict_current_topk": false, "project_active_experts": [0, 2, 3, 4, 6, 7, 9, 10, 11, 13, 14, 15, 18, 19, 20, 21]}
{"event": "split_lite_step", "task_id": 9, "batch": 8120, "projected": 19, "collected": 25, "mean_removed_ratio": 0.06432676624114576, "strict_current_topk": false, "project_active_experts": [0, 2, 3, 4, 6, 7, 9, 10, 11, 13, 14, 15, 18, 19, 20, 21]}
{"event": "split_lite_step", "task_id": 9, "batch": 8140, "projected": 19, "collected": 25, "mean_removed_ratio": 0.05288062565714905, "strict_current_topk": false, "project_active_experts": [0, 2, 3, 4, 6, 7, 9, 10, 11, 13, 14, 15, 18, 19, 20, 21]}
{"event": "split_lite_step", "task_id": 9, "batch": 8160, "projected": 19, "collected": 25, "mean_removed_ratio": 0.053483379502339584, "strict_current_topk": false, "project_active_experts": [0, 2, 3, 4, 6, 7, 9, 10, 11, 13, 14, 15, 18, 19, 20, 21]}
{"event": "split_lite_step", "task_id": 9, "batch": 8180, "projected": 19, "collected": 25, "mean_removed_ratio": 0.04519298047709622, "strict_current_topk": false, "project_active_experts": [0, 2, 3, 4, 6, 7, 9, 10, 11, 13, 14, 15, 18, 19, 20, 21]}
{"event": "split_lite_task_finish", "task_id": 9, "rank": 4, "alpha": 0.2, "interval": 20, "buffer_size": 24, "expert_threshold": 0.03, "active_topk": 16, "strict_current_topk": false, "active_experts": [0, 2, 3, 4, 6, 7, 9, 10, 11, 13, 14, 15, 18, 19, 20, 21], "usage": {"vector": [0.11174524575471878, 0.0, 0.09271557629108429, 0.058792416006326675, 0.05674402415752411, 0.003572893561795354, 0.06628461927175522, 0.028777826577425003, 0.014383187517523766, 0.04718123748898506, 0.047264255583286285, 0.036070335656404495, 0.0062640151008963585, 0.05489959940314293, 0.06328000873327255, 0.1030857115983963, 0.003510625334456563, 0.0, 0.03556002303957939, 0.06341026723384857, 0.032156042754650116, 0.05751413851976395, 0.010191191919147968, 0.0, 0.006596826948225498], "top3": [0, 15, 2], "top5": [0, 15, 2, 6, 19], "top3_mass": 0.30754655599594116, "top5_mass": 0.43724140524864197, "entropy": 2.8341221809387207, "max_entropy": 3.2188758248682006}, "basis_sizes": {"e_pv": {"0": 4, "2": 4, "3": 4, "4": 4, "6": 4, "7": 4, "9": 4, "10": 4, "11": 4, "13": 4, "14": 4, "15": 4, "18": 4, "19": 4, "20": 4, "21": 4}}, "stats": {"project_calls": 410, "projected_vectors": 6435, "collected_vectors": 10250, "skipped_steps": 7780}, "diagnostics": {"expert_usage_mode": "old_union", "previous_selected_jaccard": 1.0, "cp_overlap": null}}
