{"event": "split_lite_step", "task_id": 0, "batch": 0, "projected": 0, "collected": 25, "mean_removed_ratio": 0.0, "strict_current_topk": true, "project_active_experts": null}
{"event": "split_lite_step", "task_id": 0, "batch": 20, "projected": 0, "collected": 25, "mean_removed_ratio": 0.0, "strict_current_topk": true, "project_active_experts": null}
{"event": "split_lite_step", "task_id": 0, "batch": 40, "projected": 0, "collected": 25, "mean_removed_ratio": 0.0, "strict_current_topk": true, "project_active_experts": null}
{"event": "split_lite_step", "task_id": 0, "batch": 60, "projected": 0, "collected": 25, "mean_removed_ratio": 0.0, "strict_current_topk": true, "project_active_experts": null}
{"event": "split_lite_step", "task_id": 0, "batch": 80, "projected": 0, "collected": 25, "mean_removed_ratio": 0.0, "strict_current_topk": true, "project_active_experts": null}
{"event": "split_lite_step", "task_id": 0, "batch": 100, "projected": 0, "collected": 25, "mean_removed_ratio": 0.0, "strict_current_topk": true, "project_active_experts": null}
{"event": "split_lite_step", "task_id": 0, "batch": 120, "projected": 0, "collected": 25, "mean_removed_ratio": 0.0, "strict_current_topk": true, "project_active_experts": null}
{"event": "split_lite_step", "task_id": 0, "batch": 140, "projected": 0, "collected": 25, "mean_removed_ratio": 0.0, "strict_current_topk": true, "project_active_experts": null}
{"event": "split_lite_step", "task_id": 0, "batch": 160, "projected": 0, "collected": 25, "mean_removed_ratio": 0.0, "strict_current_topk": true, "project_active_experts": null}
{"event": "split_lite_step", "task_id": 0, "batch": 180, "projected": 0, "collected": 25, "mean_removed_ratio": 0.0, "strict_current_topk": true, "project_active_experts": null}
{"event": "split_lite_step", "task_id": 0, "batch": 200, "projected": 0, "collected": 25, "mean_removed_ratio": 0.0, "strict_current_topk": true, "project_active_experts": null}
{"event": "split_lite_step", "task_id": 0, "batch": 220, "projected": 0, "collected": 25, "mean_removed_ratio": 0.0, "strict_current_topk": true, "project_active_experts": null}
{"event": "split_lite_step", "task_id": 0, "batch": 240, "projected": 0, "collected": 25, "mean_removed_ratio": 0.0, "strict_current_topk": true, "project_active_experts": null}
{"event": "split_lite_step", "task_id": 0, "batch": 260, "projected": 0, "collected": 25, "mean_removed_ratio": 0.0, "strict_current_topk": true, "project_active_experts": null}
{"event": "split_lite_step", "task_id": 0, "batch": 280, "projected": 0, "collected": 25, "mean_removed_ratio": 0.0, "strict_current_topk": true, "project_active_experts": null}
{"event": "split_lite_step", "task_id": 0, "batch": 300, "projected": 0, "collected": 25, "mean_removed_ratio": 0.0, "strict_current_topk": true, "project_active_experts": null}
{"event": "split_lite_step", "task_id": 0, "batch": 320, "projected": 0, "collected": 25, "mean_removed_ratio": 0.0, "strict_current_topk": true, "project_active_experts": null}
{"event": "split_lite_step", "task_id": 0, "batch": 340, "projected": 0, "collected": 25, "mean_removed_ratio": 0.0, "strict_current_topk": true, "project_active_experts": null}
{"event": "split_lite_step", "task_id": 0, "batch": 360, "projected": 0, "collected": 25, "mean_removed_ratio": 0.0, "strict_current_topk": true, "project_active_experts": null}
{"event": "split_lite_step", "task_id": 0, "batch": 380, "projected": 0, "collected": 25, "mean_removed_ratio": 0.0, "strict_current_topk": true, "project_active_experts": null}
{"event": "split_lite_step", "task_id": 0, "batch": 400, "projected": 0, "collected": 25, "mean_removed_ratio": 0.0, "strict_current_topk": true, "project_active_experts": null}
{"event": "split_lite_step", "task_id": 0, "batch": 420, "projected": 0, "collected": 25, "mean_removed_ratio": 0.0, "strict_current_topk": true, "project_active_experts": null}
{"event": "split_lite_step", "task_id": 0, "batch": 440, "projected": 0, "collected": 25, "mean_removed_ratio": 0.0, "strict_current_topk": true, "project_active_experts": null}
{"event": "split_lite_step", "task_id": 0, "batch": 460, "projected": 0, "collected": 25, "mean_removed_ratio": 0.0, "strict_current_topk": true, "project_active_experts": null}
{"event": "split_lite_step", "task_id": 0, "batch": 480, "projected": 0, "collected": 25, "mean_removed_ratio": 0.0, "strict_current_topk": true, "project_active_experts": null}
{"event": "split_lite_step", "task_id": 0, "batch": 500, "projected": 0, "collected": 25, "mean_removed_ratio": 0.0, "strict_current_topk": true, "project_active_experts": null}
{"event": "split_lite_step", "task_id": 0, "batch": 520, "projected": 0, "collected": 25, "mean_removed_ratio": 0.0, "strict_current_topk": true, "project_active_experts": null}
{"event": "split_lite_step", "task_id": 0, "batch": 540, "projected": 0, "collected": 25, "mean_removed_ratio": 0.0, "strict_current_topk": true, "project_active_experts": null}
{"event": "split_lite_step", "task_id": 0, "batch": 560, "projected": 0, "collected": 25, "mean_removed_ratio": 0.0, "strict_current_topk": true, "project_active_experts": null}
{"event": "split_lite_step", "task_id": 0, "batch": 580, "projected": 0, "collected": 25, "mean_removed_ratio": 0.0, "strict_current_topk": true, "project_active_experts": null}
{"event": "split_lite_step", "task_id": 0, "batch": 600, "projected": 0, "collected": 25, "mean_removed_ratio": 0.0, "strict_current_topk": true, "project_active_experts": null}
{"event": "split_lite_step", "task_id": 0, "batch": 620, "projected": 0, "collected": 25, "mean_removed_ratio": 0.0, "strict_current_topk": true, "project_active_experts": null}
{"event": "split_lite_step", "task_id": 0, "batch": 640, "projected": 0, "collected": 25, "mean_removed_ratio": 0.0, "strict_current_topk": true, "project_active_experts": null}
{"event": "split_lite_step", "task_id": 0, "batch": 660, "projected": 0, "collected": 25, "mean_removed_ratio": 0.0, "strict_current_topk": true, "project_active_experts": null}
{"event": "split_lite_step", "task_id": 0, "batch": 680, "projected": 0, "collected": 25, "mean_removed_ratio": 0.0, "strict_current_topk": true, "project_active_experts": null}
{"event": "split_lite_step", "task_id": 0, "batch": 700, "projected": 0, "collected": 25, "mean_removed_ratio": 0.0, "strict_current_topk": true, "project_active_experts": null}
{"event": "split_lite_step", "task_id": 0, "batch": 720, "projected": 0, "collected": 25, "mean_removed_ratio": 0.0, "strict_current_topk": true, "project_active_experts": null}
{"event": "split_lite_step", "task_id": 0, "batch": 740, "projected": 0, "collected": 25, "mean_removed_ratio": 0.0, "strict_current_topk": true, "project_active_experts": null}
{"event": "split_lite_step", "task_id": 0, "batch": 760, "projected": 0, "collected": 25, "mean_removed_ratio": 0.0, "strict_current_topk": true, "project_active_experts": null}
{"event": "split_lite_step", "task_id": 0, "batch": 780, "projected": 0, "collected": 25, "mean_removed_ratio": 0.0, "strict_current_topk": true, "project_active_experts": null}
{"event": "split_lite_step", "task_id": 0, "batch": 800, "projected": 0, "collected": 25, "mean_removed_ratio": 0.0, "strict_current_topk": true, "project_active_experts": null}
{"event": "split_lite_step", "task_id": 0, "batch": 820, "projected": 0, "collected": 25, "mean_removed_ratio": 0.0, "strict_current_topk": true, "project_active_experts": null}
{"event": "split_lite_step", "task_id": 0, "batch": 840, "projected": 0, "collected": 25, "mean_removed_ratio": 0.0, "strict_current_topk": true, "project_active_experts": null}
{"event": "split_lite_step", "task_id": 0, "batch": 860, "projected": 0, "collected": 25, "mean_removed_ratio": 0.0, "strict_current_topk": true, "project_active_experts": null}
{"event": "split_lite_step", "task_id": 0, "batch": 880, "projected": 0, "collected": 25, "mean_removed_ratio": 0.0, "strict_current_topk": true, "project_active_experts": null}
{"event": "split_lite_step", "task_id": 0, "batch": 900, "projected": 0, "collected": 25, "mean_removed_ratio": 0.0, "strict_current_topk": true, "project_active_experts": null}
{"event": "split_lite_step", "task_id": 0, "batch": 920, "projected": 0, "collected": 25, "mean_removed_ratio": 0.0, "strict_current_topk": true, "project_active_experts": null}
{"event": "split_lite_step", "task_id": 0, "batch": 940, "projected": 0, "collected": 25, "mean_removed_ratio": 0.0, "strict_current_topk": true, "project_active_experts": null}
{"event": "split_lite_step", "task_id": 0, "batch": 960, "projected": 0, "collected": 25, "mean_removed_ratio": 0.0, "strict_current_topk": true, "project_active_experts": null}
{"event": "split_lite_step", "task_id": 0, "batch": 980, "projected": 0, "collected": 25, "mean_removed_ratio": 0.0, "strict_current_topk": true, "project_active_experts": null}
{"event": "split_lite_step", "task_id": 0, "batch": 1000, "projected": 0, "collected": 25, "mean_removed_ratio": 0.0, "strict_current_topk": true, "project_active_experts": null}
{"event": "split_lite_step", "task_id": 0, "batch": 1020, "projected": 0, "collected": 25, "mean_removed_ratio": 0.0, "strict_current_topk": true, "project_active_experts": null}
{"event": "split_lite_step", "task_id": 0, "batch": 1040, "projected": 0, "collected": 25, "mean_removed_ratio": 0.0, "strict_current_topk": true, "project_active_experts": null}
{"event": "split_lite_step", "task_id": 0, "batch": 1060, "projected": 0, "collected": 25, "mean_removed_ratio": 0.0, "strict_current_topk": true, "project_active_experts": null}
{"event": "split_lite_step", "task_id": 0, "batch": 1080, "projected": 0, "collected": 25, "mean_removed_ratio": 0.0, "strict_current_topk": true, "project_active_experts": null}
{"event": "split_lite_step", "task_id": 0, "batch": 1100, "projected": 0, "collected": 25, "mean_removed_ratio": 0.0, "strict_current_topk": true, "project_active_experts": null}
{"event": "split_lite_step", "task_id": 0, "batch": 1120, "projected": 0, "collected": 25, "mean_removed_ratio": 0.0, "strict_current_topk": true, "project_active_experts": null}
{"event": "split_lite_step", "task_id": 0, "batch": 1140, "projected": 0, "collected": 25, "mean_removed_ratio": 0.0, "strict_current_topk": true, "project_active_experts": null}
{"event": "split_lite_step", "task_id": 0, "batch": 1160, "projected": 0, "collected": 25, "mean_removed_ratio": 0.0, "strict_current_topk": true, "project_active_experts": null}
{"event": "split_lite_task_finish", "task_id": 0, "rank": 4, "alpha": 0.2, "interval": 20, "buffer_size": 24, "expert_threshold": 0.03, "active_topk": 16, "strict_current_topk": true, "active_experts": [0, 2, 3, 4, 6, 8, 9, 10, 13, 14, 15, 18, 19, 21, 22, 24], "usage": {"vector": [0.10501107573509216, 0.0, 0.07651545852422714, 0.07106666266918182, 0.038238994777202606, 0.0, 0.06977754086256027, 0.0, 0.0374145545065403, 0.046790678054094315, 0.046355973929166794, 0.0, 0.0, 0.06443367153406143, 0.04900166764855385, 0.10771673172712326, 0.0, 0.0, 0.0374145545065403, 0.07428198307752609, 0.0, 0.0374145545065403, 0.06949273496866226, 0.0, 0.06907302141189575], "top3": [15, 0, 2], "top5": [15, 0, 2, 19, 3], "top3_mass": 0.28924328088760376, "top5_mass": 0.4345919191837311, "entropy": 2.713798999786377, "max_entropy": 3.2188758248682006}, "basis_sizes": {"e_pv": {"0": 4, "2": 4, "3": 4, "4": 4, "6": 4, "8": 4, "9": 4, "10": 4, "13": 4, "14": 4, "15": 4, "18": 4, "19": 4, "21": 4, "22": 4, "24": 4}}, "stats": {"project_calls": 59, "projected_vectors": 0, "collected_vectors": 1475, "skipped_steps": 1111}, "diagnostics": {"expert_usage_mode": "old_union", "previous_selected_jaccard": 0.0, "cp_overlap": null}}
{"event": "split_lite_step", "task_id": 1, "batch": 1180, "projected": 16, "collected": 25, "mean_removed_ratio": 0.10056534083560109, "strict_current_topk": true, "project_active_experts": [0, 2, 3, 4, 6, 8, 9, 10, 13, 14, 15, 18, 19, 21, 22, 24]}
{"event": "split_lite_step", "task_id": 1, "batch": 1200, "projected": 16, "collected": 25, "mean_removed_ratio": 0.09580564731732011, "strict_current_topk": true, "project_active_experts": [0, 2, 3, 4, 6, 8, 9, 10, 13, 14, 15, 18, 19, 21, 22, 24]}
{"event": "split_lite_step", "task_id": 1, "batch": 1220, "projected": 16, "collected": 25, "mean_removed_ratio": 0.09567071497440338, "strict_current_topk": true, "project_active_experts": [0, 2, 3, 4, 6, 8, 9, 10, 13, 14, 15, 18, 19, 21, 22, 24]}
{"event": "split_lite_step", "task_id": 1, "batch": 1240, "projected": 16, "collected": 25, "mean_removed_ratio": 0.09904807200655341, "strict_current_topk": true, "project_active_experts": [0, 2, 3, 4, 6, 8, 9, 10, 13, 14, 15, 18, 19, 21, 22, 24]}
{"event": "split_lite_step", "task_id": 1, "batch": 1260, "projected": 16, "collected": 25, "mean_removed_ratio": 0.04314049601089209, "strict_current_topk": true, "project_active_experts": [0, 2, 3, 4, 6, 8, 9, 10, 13, 14, 15, 18, 19, 21, 22, 24]}
{"event": "split_lite_step", "task_id": 1, "batch": 1280, "projected": 16, "collected": 25, "mean_removed_ratio": 0.0353081421344541, "strict_current_topk": true, "project_active_experts": [0, 2, 3, 4, 6, 8, 9, 10, 13, 14, 15, 18, 19, 21, 22, 24]}
{"event": "split_lite_step", "task_id": 1, "batch": 1300, "projected": 16, "collected": 25, "mean_removed_ratio": 0.05054036498768255, "strict_current_topk": true, "project_active_experts": [0, 2, 3, 4, 6, 8, 9, 10, 13, 14, 15, 18, 19, 21, 22, 24]}
{"event": "split_lite_step", "task_id": 1, "batch": 1320, "projected": 16, "collected": 25, "mean_removed_ratio": 0.042199122544843704, "strict_current_topk": true, "project_active_experts": [0, 2, 3, 4, 6, 8, 9, 10, 13, 14, 15, 18, 19, 21, 22, 24]}
{"event": "split_lite_step", "task_id": 1, "batch": 1340, "projected": 16, "collected": 25, "mean_removed_ratio": 0.06753752176882699, "strict_current_topk": true, "project_active_experts": [0, 2, 3, 4, 6, 8, 9, 10, 13, 14, 15, 18, 19, 21, 22, 24]}
{"event": "split_lite_step", "task_id": 1, "batch": 1360, "projected": 16, "collected": 25, "mean_removed_ratio": 0.05376899102702737, "strict_current_topk": true, "project_active_experts": [0, 2, 3, 4, 6, 8, 9, 10, 13, 14, 15, 18, 19, 21, 22, 24]}
{"event": "split_lite_step", "task_id": 1, "batch": 1380, "projected": 16, "collected": 25, "mean_removed_ratio": 0.0328457445721142, "strict_current_topk": true, "project_active_experts": [0, 2, 3, 4, 6, 8, 9, 10, 13, 14, 15, 18, 19, 21, 22, 24]}
{"event": "split_lite_step", "task_id": 1, "batch": 1400, "projected": 16, "collected": 25, "mean_removed_ratio": 0.03168952415580861, "strict_current_topk": true, "project_active_experts": [0, 2, 3, 4, 6, 8, 9, 10, 13, 14, 15, 18, 19, 21, 22, 24]}
{"event": "split_lite_step", "task_id": 1, "batch": 1420, "projected": 16, "collected": 25, "mean_removed_ratio": 0.05075357586611062, "strict_current_topk": true, "project_active_experts": [0, 2, 3, 4, 6, 8, 9, 10, 13, 14, 15, 18, 19, 21, 22, 24]}
{"event": "split_lite_step", "task_id": 1, "batch": 1440, "projected": 16, "collected": 25, "mean_removed_ratio": 0.04274516087025404, "strict_current_topk": true, "project_active_experts": [0, 2, 3, 4, 6, 8, 9, 10, 13, 14, 15, 18, 19, 21, 22, 24]}
{"event": "split_lite_step", "task_id": 1, "batch": 1460, "projected": 16, "collected": 25, "mean_removed_ratio": 0.02599917899351567, "strict_current_topk": true, "project_active_experts": [0, 2, 3, 4, 6, 8, 9, 10, 13, 14, 15, 18, 19, 21, 22, 24]}
{"event": "split_lite_step", "task_id": 1, "batch": 1480, "projected": 16, "collected": 25, "mean_removed_ratio": 0.049455663305707276, "strict_current_topk": true, "project_active_experts": [0, 2, 3, 4, 6, 8, 9, 10, 13, 14, 15, 18, 19, 21, 22, 24]}
{"event": "split_lite_step", "task_id": 1, "batch": 1500, "projected": 16, "collected": 25, "mean_removed_ratio": 0.03250932923401706, "strict_current_topk": true, "project_active_experts": [0, 2, 3, 4, 6, 8, 9, 10, 13, 14, 15, 18, 19, 21, 22, 24]}
{"event": "split_lite_step", "task_id": 1, "batch": 1520, "projected": 16, "collected": 25, "mean_removed_ratio": 0.03242432785918936, "strict_current_topk": true, "project_active_experts": [0, 2, 3, 4, 6, 8, 9, 10, 13, 14, 15, 18, 19, 21, 22, 24]}
{"event": "split_lite_step", "task_id": 1, "batch": 1540, "projected": 16, "collected": 25, "mean_removed_ratio": 0.030538729479303584, "strict_current_topk": true, "project_active_experts": [0, 2, 3, 4, 6, 8, 9, 10, 13, 14, 15, 18, 19, 21, 22, 24]}
{"event": "split_lite_step", "task_id": 1, "batch": 1560, "projected": 16, "collected": 25, "mean_removed_ratio": 0.03575064841425046, "strict_current_topk": true, "project_active_experts": [0, 2, 3, 4, 6, 8, 9, 10, 13, 14, 15, 18, 19, 21, 22, 24]}
{"event": "split_lite_step", "task_id": 1, "batch": 1580, "projected": 16, "collected": 25, "mean_removed_ratio": 0.025842944800388068, "strict_current_topk": true, "project_active_experts": [0, 2, 3, 4, 6, 8, 9, 10, 13, 14, 15, 18, 19, 21, 22, 24]}
{"event": "split_lite_step", "task_id": 1, "batch": 1600, "projected": 16, "collected": 25, "mean_removed_ratio": 0.02053156087640673, "strict_current_topk": true, "project_active_experts": [0, 2, 3, 4, 6, 8, 9, 10, 13, 14, 15, 18, 19, 21, 22, 24]}
{"event": "split_lite_step", "task_id": 1, "batch": 1620, "projected": 16, "collected": 25, "mean_removed_ratio": 0.02655696336296387, "strict_current_topk": true, "project_active_experts": [0, 2, 3, 4, 6, 8, 9, 10, 13, 14, 15, 18, 19, 21, 22, 24]}
{"event": "split_lite_step", "task_id": 1, "batch": 1640, "projected": 16, "collected": 25, "mean_removed_ratio": 0.03332890517776832, "strict_current_topk": true, "project_active_experts": [0, 2, 3, 4, 6, 8, 9, 10, 13, 14, 15, 18, 19, 21, 22, 24]}
{"event": "split_lite_step", "task_id": 1, "batch": 1660, "projected": 16, "collected": 25, "mean_removed_ratio": 0.031195655959891155, "strict_current_topk": true, "project_active_experts": [0, 2, 3, 4, 6, 8, 9, 10, 13, 14, 15, 18, 19, 21, 22, 24]}
{"event": "split_lite_step", "task_id": 1, "batch": 1680, "projected": 16, "collected": 25, "mean_removed_ratio": 0.029884837509598583, "strict_current_topk": true, "project_active_experts": [0, 2, 3, 4, 6, 8, 9, 10, 13, 14, 15, 18, 19, 21, 22, 24]}
{"event": "split_lite_step", "task_id": 1, "batch": 1700, "projected": 16, "collected": 25, "mean_removed_ratio": 0.04942741309059784, "strict_current_topk": true, "project_active_experts": [0, 2, 3, 4, 6, 8, 9, 10, 13, 14, 15, 18, 19, 21, 22, 24]}
{"event": "split_lite_step", "task_id": 1, "batch": 1720, "projected": 16, "collected": 25, "mean_removed_ratio": 0.03225556365214288, "strict_current_topk": true, "project_active_experts": [0, 2, 3, 4, 6, 8, 9, 10, 13, 14, 15, 18, 19, 21, 22, 24]}
{"event": "split_lite_step", "task_id": 1, "batch": 1740, "projected": 16, "collected": 25, "mean_removed_ratio": 0.02673598483670503, "strict_current_topk": true, "project_active_experts": [0, 2, 3, 4, 6, 8, 9, 10, 13, 14, 15, 18, 19, 21, 22, 24]}
{"event": "split_lite_step", "task_id": 1, "batch": 1760, "projected": 16, "collected": 25, "mean_removed_ratio": 0.02776839944999665, "strict_current_topk": true, "project_active_experts": [0, 2, 3, 4, 6, 8, 9, 10, 13, 14, 15, 18, 19, 21, 22, 24]}
{"event": "split_lite_step", "task_id": 1, "batch": 1780, "projected": 16, "collected": 25, "mean_removed_ratio": 0.038005105627235025, "strict_current_topk": true, "project_active_experts": [0, 2, 3, 4, 6, 8, 9, 10, 13, 14, 15, 18, 19, 21, 22, 24]}
{"event": "split_lite_step", "task_id": 1, "batch": 1800, "projected": 16, "collected": 25, "mean_removed_ratio": 0.03497768231318332, "strict_current_topk": true, "project_active_experts": [0, 2, 3, 4, 6, 8, 9, 10, 13, 14, 15, 18, 19, 21, 22, 24]}
{"event": "split_lite_step", "task_id": 1, "batch": 1820, "projected": 16, "collected": 25, "mean_removed_ratio": 0.04464256268693134, "strict_current_topk": true, "project_active_experts": [0, 2, 3, 4, 6, 8, 9, 10, 13, 14, 15, 18, 19, 21, 22, 24]}
{"event": "split_lite_step", "task_id": 1, "batch": 1840, "projected": 16, "collected": 25, "mean_removed_ratio": 0.04041658091591671, "strict_current_topk": true, "project_active_experts": [0, 2, 3, 4, 6, 8, 9, 10, 13, 14, 15, 18, 19, 21, 22, 24]}
{"event": "split_lite_step", "task_id": 1, "batch": 1860, "projected": 16, "collected": 25, "mean_removed_ratio": 0.025984859763411805, "strict_current_topk": true, "project_active_experts": [0, 2, 3, 4, 6, 8, 9, 10, 13, 14, 15, 18, 19, 21, 22, 24]}
{"event": "split_lite_step", "task_id": 1, "batch": 1880, "projected": 16, "collected": 25, "mean_removed_ratio": 0.024049920233665034, "strict_current_topk": true, "project_active_experts": [0, 2, 3, 4, 6, 8, 9, 10, 13, 14, 15, 18, 19, 21, 22, 24]}
{"event": "split_lite_step", "task_id": 1, "batch": 1900, "projected": 16, "collected": 25, "mean_removed_ratio": 0.025751236302312464, "strict_current_topk": true, "project_active_experts": [0, 2, 3, 4, 6, 8, 9, 10, 13, 14, 15, 18, 19, 21, 22, 24]}
{"event": "split_lite_step", "task_id": 1, "batch": 1920, "projected": 16, "collected": 25, "mean_removed_ratio": 0.030442337825661525, "strict_current_topk": true, "project_active_experts": [0, 2, 3, 4, 6, 8, 9, 10, 13, 14, 15, 18, 19, 21, 22, 24]}
{"event": "split_lite_step", "task_id": 1, "batch": 1940, "projected": 16, "collected": 25, "mean_removed_ratio": 0.03690904489485547, "strict_current_topk": true, "project_active_experts": [0, 2, 3, 4, 6, 8, 9, 10, 13, 14, 15, 18, 19, 21, 22, 24]}
{"event": "split_lite_task_finish", "task_id": 1, "rank": 4, "alpha": 0.2, "interval": 20, "buffer_size": 24, "expert_threshold": 0.03, "active_topk": 16, "strict_current_topk": true, "active_experts": [0, 2, 3, 4, 6, 8, 9, 10, 13, 14, 15, 18, 19, 21, 22, 24], "usage": {"vector": [0.11093463748693466, 0.0, 0.0875973030924797, 0.07449732720851898, 0.019525600597262383, 0.0, 0.07383906096220016, 0.019104624167084694, 0.019104626029729843, 0.043035153299570084, 0.023670295253396034, 0.019104624167084694, 0.0, 0.053375840187072754, 0.044125862419605255, 0.11231620609760284, 0.019100794568657875, 0.0, 0.038262829184532166, 0.0761352926492691, 0.019104624167084694, 0.03820924833416939, 0.07368598133325577, 0.0, 0.035270076245069504], "top3": [15, 0, 2], "top5": [15, 0, 2, 19, 3], "top3_mass": 0.3108481466770172, "top5_mass": 0.4614807963371277, "entropy": 2.817498207092285, "max_entropy": 3.2188758248682006}, "basis_sizes": {"e_pv": {"0": 4, "2": 4, "3": 4, "4": 4, "6": 4, "8": 4, "9": 4, "10": 4, "13": 4, "14": 4, "15": 4, "18": 4, "19": 4, "21": 4, "22": 4, "24": 4}}, "stats": {"project_calls": 98, "projected_vectors": 624, "collected_vectors": 2450, "skipped_steps": 1852}, "diagnostics": {"expert_usage_mode": "old_union", "previous_selected_jaccard": 1.0, "cp_overlap": null}}
{"event": "split_lite_step", "task_id": 2, "batch": 1960, "projected": 16, "collected": 25, "mean_removed_ratio": 0.06586717674508691, "strict_current_topk": true, "project_active_experts": [0, 2, 3, 4, 6, 8, 9, 10, 13, 14, 15, 18, 19, 21, 22, 24]}
{"event": "split_lite_step", "task_id": 2, "batch": 1980, "projected": 16, "collected": 25, "mean_removed_ratio": 0.0696109386626631, "strict_current_topk": true, "project_active_experts": [0, 2, 3, 4, 6, 8, 9, 10, 13, 14, 15, 18, 19, 21, 22, 24]}
{"event": "split_lite_step", "task_id": 2, "batch": 2000, "projected": 16, "collected": 25, "mean_removed_ratio": 0.06582411122508347, "strict_current_topk": true, "project_active_experts": [0, 2, 3, 4, 6, 8, 9, 10, 13, 14, 15, 18, 19, 21, 22, 24]}
{"event": "split_lite_step", "task_id": 2, "batch": 2020, "projected": 16, "collected": 25, "mean_removed_ratio": 0.04568174248561263, "strict_current_topk": true, "project_active_experts": [0, 2, 3, 4, 6, 8, 9, 10, 13, 14, 15, 18, 19, 21, 22, 24]}
{"event": "split_lite_step", "task_id": 2, "batch": 2040, "projected": 16, "collected": 25, "mean_removed_ratio": 0.05513143923599273, "strict_current_topk": true, "project_active_experts": [0, 2, 3, 4, 6, 8, 9, 10, 13, 14, 15, 18, 19, 21, 22, 24]}
{"event": "split_lite_step", "task_id": 2, "batch": 2060, "projected": 16, "collected": 25, "mean_removed_ratio": 0.07982454146258533, "strict_current_topk": true, "project_active_experts": [0, 2, 3, 4, 6, 8, 9, 10, 13, 14, 15, 18, 19, 21, 22, 24]}
{"event": "split_lite_step", "task_id": 2, "batch": 2080, "projected": 16, "collected": 25, "mean_removed_ratio": 0.04132295725867152, "strict_current_topk": true, "project_active_experts": [0, 2, 3, 4, 6, 8, 9, 10, 13, 14, 15, 18, 19, 21, 22, 24]}
{"event": "split_lite_step", "task_id": 2, "batch": 2100, "projected": 16, "collected": 25, "mean_removed_ratio": 0.04502337897429243, "strict_current_topk": true, "project_active_experts": [0, 2, 3, 4, 6, 8, 9, 10, 13, 14, 15, 18, 19, 21, 22, 24]}
{"event": "split_lite_step", "task_id": 2, "batch": 2120, "projected": 16, "collected": 25, "mean_removed_ratio": 0.05065360036678612, "strict_current_topk": true, "project_active_experts": [0, 2, 3, 4, 6, 8, 9, 10, 13, 14, 15, 18, 19, 21, 22, 24]}
{"event": "split_lite_step", "task_id": 2, "batch": 2140, "projected": 16, "collected": 25, "mean_removed_ratio": 0.08252244023606181, "strict_current_topk": true, "project_active_experts": [0, 2, 3, 4, 6, 8, 9, 10, 13, 14, 15, 18, 19, 21, 22, 24]}
{"event": "split_lite_step", "task_id": 2, "batch": 2160, "projected": 16, "collected": 25, "mean_removed_ratio": 0.0453633907600306, "strict_current_topk": true, "project_active_experts": [0, 2, 3, 4, 6, 8, 9, 10, 13, 14, 15, 18, 19, 21, 22, 24]}
{"event": "split_lite_step", "task_id": 2, "batch": 2180, "projected": 16, "collected": 25, "mean_removed_ratio": 0.0671121384948492, "strict_current_topk": true, "project_active_experts": [0, 2, 3, 4, 6, 8, 9, 10, 13, 14, 15, 18, 19, 21, 22, 24]}
{"event": "split_lite_step", "task_id": 2, "batch": 2200, "projected": 16, "collected": 25, "mean_removed_ratio": 0.052654713625088334, "strict_current_topk": true, "project_active_experts": [0, 2, 3, 4, 6, 8, 9, 10, 13, 14, 15, 18, 19, 21, 22, 24]}
{"event": "split_lite_step", "task_id": 2, "batch": 2220, "projected": 16, "collected": 25, "mean_removed_ratio": 0.03330506225756835, "strict_current_topk": true, "project_active_experts": [0, 2, 3, 4, 6, 8, 9, 10, 13, 14, 15, 18, 19, 21, 22, 24]}
{"event": "split_lite_step", "task_id": 2, "batch": 2240, "projected": 16, "collected": 25, "mean_removed_ratio": 0.052503114682622254, "strict_current_topk": true, "project_active_experts": [0, 2, 3, 4, 6, 8, 9, 10, 13, 14, 15, 18, 19, 21, 22, 24]}
{"event": "split_lite_step", "task_id": 2, "batch": 2260, "projected": 16, "collected": 25, "mean_removed_ratio": 0.04177834291476756, "strict_current_topk": true, "project_active_experts": [0, 2, 3, 4, 6, 8, 9, 10, 13, 14, 15, 18, 19, 21, 22, 24]}
{"event": "split_lite_step", "task_id": 2, "batch": 2280, "projected": 16, "collected": 25, "mean_removed_ratio": 0.03254912770353258, "strict_current_topk": true, "project_active_experts": [0, 2, 3, 4, 6, 8, 9, 10, 13, 14, 15, 18, 19, 21, 22, 24]}
{"event": "split_lite_step", "task_id": 2, "batch": 2300, "projected": 16, "collected": 25, "mean_removed_ratio": 0.05091739003546536, "strict_current_topk": true, "project_active_experts": [0, 2, 3, 4, 6, 8, 9, 10, 13, 14, 15, 18, 19, 21, 22, 24]}
{"event": "split_lite_step", "task_id": 2, "batch": 2320, "projected": 16, "collected": 25, "mean_removed_ratio": 0.034904323634691536, "strict_current_topk": true, "project_active_experts": [0, 2, 3, 4, 6, 8, 9, 10, 13, 14, 15, 18, 19, 21, 22, 24]}
{"event": "split_lite_step", "task_id": 2, "batch": 2340, "projected": 16, "collected": 25, "mean_removed_ratio": 0.03579619078664109, "strict_current_topk": true, "project_active_experts": [0, 2, 3, 4, 6, 8, 9, 10, 13, 14, 15, 18, 19, 21, 22, 24]}
{"event": "split_lite_step", "task_id": 2, "batch": 2360, "projected": 16, "collected": 25, "mean_removed_ratio": 0.043870546272955835, "strict_current_topk": true, "project_active_experts": [0, 2, 3, 4, 6, 8, 9, 10, 13, 14, 15, 18, 19, 21, 22, 24]}
{"event": "split_lite_step", "task_id": 2, "batch": 2380, "projected": 16, "collected": 25, "mean_removed_ratio": 0.05786213860847056, "strict_current_topk": true, "project_active_experts": [0, 2, 3, 4, 6, 8, 9, 10, 13, 14, 15, 18, 19, 21, 22, 24]}
{"event": "split_lite_step", "task_id": 2, "batch": 2400, "projected": 16, "collected": 25, "mean_removed_ratio": 0.06101845239754766, "strict_current_topk": true, "project_active_experts": [0, 2, 3, 4, 6, 8, 9, 10, 13, 14, 15, 18, 19, 21, 22, 24]}
{"event": "split_lite_step", "task_id": 2, "batch": 2420, "projected": 16, "collected": 25, "mean_removed_ratio": 0.05239748687017709, "strict_current_topk": true, "project_active_experts": [0, 2, 3, 4, 6, 8, 9, 10, 13, 14, 15, 18, 19, 21, 22, 24]}
{"event": "split_lite_step", "task_id": 2, "batch": 2440, "projected": 16, "collected": 25, "mean_removed_ratio": 0.06548995338380337, "strict_current_topk": true, "project_active_experts": [0, 2, 3, 4, 6, 8, 9, 10, 13, 14, 15, 18, 19, 21, 22, 24]}
{"event": "split_lite_step", "task_id": 2, "batch": 2460, "projected": 16, "collected": 25, "mean_removed_ratio": 0.06170266936533153, "strict_current_topk": true, "project_active_experts": [0, 2, 3, 4, 6, 8, 9, 10, 13, 14, 15, 18, 19, 21, 22, 24]}
{"event": "split_lite_step", "task_id": 2, "batch": 2480, "projected": 16, "collected": 25, "mean_removed_ratio": 0.08035315608140081, "strict_current_topk": true, "project_active_experts": [0, 2, 3, 4, 6, 8, 9, 10, 13, 14, 15, 18, 19, 21, 22, 24]}
{"event": "split_lite_step", "task_id": 2, "batch": 2500, "projected": 16, "collected": 25, "mean_removed_ratio": 0.03552391438279301, "strict_current_topk": true, "project_active_experts": [0, 2, 3, 4, 6, 8, 9, 10, 13, 14, 15, 18, 19, 21, 22, 24]}
{"event": "split_lite_step", "task_id": 2, "batch": 2520, "projected": 16, "collected": 25, "mean_removed_ratio": 0.04297829116694629, "strict_current_topk": true, "project_active_experts": [0, 2, 3, 4, 6, 8, 9, 10, 13, 14, 15, 18, 19, 21, 22, 24]}
{"event": "split_lite_step", "task_id": 2, "batch": 2540, "projected": 16, "collected": 25, "mean_removed_ratio": 0.04751269367989153, "strict_current_topk": true, "project_active_experts": [0, 2, 3, 4, 6, 8, 9, 10, 13, 14, 15, 18, 19, 21, 22, 24]}
{"event": "split_lite_step", "task_id": 2, "batch": 2560, "projected": 16, "collected": 25, "mean_removed_ratio": 0.04182185581885278, "strict_current_topk": true, "project_active_experts": [0, 2, 3, 4, 6, 8, 9, 10, 13, 14, 15, 18, 19, 21, 22, 24]}
{"event": "split_lite_step", "task_id": 2, "batch": 2580, "projected": 16, "collected": 25, "mean_removed_ratio": 0.029531673702877015, "strict_current_topk": true, "project_active_experts": [0, 2, 3, 4, 6, 8, 9, 10, 13, 14, 15, 18, 19, 21, 22, 24]}
{"event": "split_lite_step", "task_id": 2, "batch": 2600, "projected": 16, "collected": 25, "mean_removed_ratio": 0.040310431038960814, "strict_current_topk": true, "project_active_experts": [0, 2, 3, 4, 6, 8, 9, 10, 13, 14, 15, 18, 19, 21, 22, 24]}
{"event": "split_lite_step", "task_id": 2, "batch": 2620, "projected": 16, "collected": 25, "mean_removed_ratio": 0.06541077373549342, "strict_current_topk": true, "project_active_experts": [0, 2, 3, 4, 6, 8, 9, 10, 13, 14, 15, 18, 19, 21, 22, 24]}
{"event": "split_lite_step", "task_id": 2, "batch": 2640, "projected": 16, "collected": 25, "mean_removed_ratio": 0.06355112139135599, "strict_current_topk": true, "project_active_experts": [0, 2, 3, 4, 6, 8, 9, 10, 13, 14, 15, 18, 19, 21, 22, 24]}
{"event": "split_lite_step", "task_id": 2, "batch": 2660, "projected": 16, "collected": 25, "mean_removed_ratio": 0.045690657454542816, "strict_current_topk": true, "project_active_experts": [0, 2, 3, 4, 6, 8, 9, 10, 13, 14, 15, 18, 19, 21, 22, 24]}
{"event": "split_lite_step", "task_id": 2, "batch": 2680, "projected": 16, "collected": 25, "mean_removed_ratio": 0.03522303223144263, "strict_current_topk": true, "project_active_experts": [0, 2, 3, 4, 6, 8, 9, 10, 13, 14, 15, 18, 19, 21, 22, 24]}
{"event": "split_lite_step", "task_id": 2, "batch": 2700, "projected": 16, "collected": 25, "mean_removed_ratio": 0.038210300204809755, "strict_current_topk": true, "project_active_experts": [0, 2, 3, 4, 6, 8, 9, 10, 13, 14, 15, 18, 19, 21, 22, 24]}
{"event": "split_lite_step", "task_id": 2, "batch": 2720, "projected": 16, "collected": 25, "mean_removed_ratio": 0.058251356007531285, "strict_current_topk": true, "project_active_experts": [0, 2, 3, 4, 6, 8, 9, 10, 13, 14, 15, 18, 19, 21, 22, 24]}
{"event": "split_lite_task_finish", "task_id": 2, "rank": 4, "alpha": 0.2, "interval": 20, "buffer_size": 24, "expert_threshold": 0.03, "active_topk": 16, "strict_current_topk": true, "active_experts": [0, 2, 3, 4, 6, 8, 9, 10, 11, 13, 14, 15, 19, 21, 22, 24], "usage": {"vector": [0.11202415078878403, 0.0, 0.0771644338965416, 0.07503476738929749, 0.025624405592679977, 0.0, 0.07371795922517776, 0.012641271576285362, 0.026024511083960533, 0.05317589268088341, 0.028394749388098717, 0.03355052322149277, 0.0, 0.03531807288527489, 0.05168689414858818, 0.11224193125963211, 0.012638738378882408, 0.0, 0.025317996740341187, 0.07506514340639114, 0.025282543152570724, 0.03789089620113373, 0.06196552887558937, 0.0, 0.0452396497130394], "top3": [15, 0, 2], "top5": [15, 0, 2, 19, 3], "top3_mass": 0.30143052339553833, "top5_mass": 0.45153042674064636, "entropy": 2.833373546600342, "max_entropy": 3.2188758248682006}, "basis_sizes": {"e_pv": {"0": 4, "2": 4, "3": 4, "4": 4, "6": 4, "8": 4, "9": 4, "10": 4, "11": 4, "13": 4, "14": 4, "15": 4, "19": 4, "21": 4, "22": 4, "24": 4}}, "stats": {"project_calls": 137, "projected_vectors": 1248, "collected_vectors": 3425, "skipped_steps": 2593}, "diagnostics": {"expert_usage_mode": "old_union", "previous_selected_jaccard": 0.8823529411764706, "cp_overlap": null}}
{"event": "split_lite_step", "task_id": 3, "batch": 2740, "projected": 16, "collected": 25, "mean_removed_ratio": 0.04738693230319768, "strict_current_topk": true, "project_active_experts": [0, 2, 3, 4, 6, 8, 9, 10, 11, 13, 14, 15, 19, 21, 22, 24]}
{"event": "split_lite_step", "task_id": 3, "batch": 2760, "projected": 16, "collected": 25, "mean_removed_ratio": 0.06308817968238145, "strict_current_topk": true, "project_active_experts": [0, 2, 3, 4, 6, 8, 9, 10, 11, 13, 14, 15, 19, 21, 22, 24]}
{"event": "split_lite_step", "task_id": 3, "batch": 2780, "projected": 16, "collected": 25, "mean_removed_ratio": 0.05268780863843858, "strict_current_topk": true, "project_active_experts": [0, 2, 3, 4, 6, 8, 9, 10, 11, 13, 14, 15, 19, 21, 22, 24]}
{"event": "split_lite_step", "task_id": 3, "batch": 2800, "projected": 16, "collected": 25, "mean_removed_ratio": 0.04525266384007409, "strict_current_topk": true, "project_active_experts": [0, 2, 3, 4, 6, 8, 9, 10, 11, 13, 14, 15, 19, 21, 22, 24]}
{"event": "split_lite_step", "task_id": 3, "batch": 2820, "projected": 16, "collected": 25, "mean_removed_ratio": 0.05405121576040983, "strict_current_topk": true, "project_active_experts": [0, 2, 3, 4, 6, 8, 9, 10, 11, 13, 14, 15, 19, 21, 22, 24]}
{"event": "split_lite_step", "task_id": 3, "batch": 2840, "projected": 16, "collected": 25, "mean_removed_ratio": 0.03991871664766222, "strict_current_topk": true, "project_active_experts": [0, 2, 3, 4, 6, 8, 9, 10, 11, 13, 14, 15, 19, 21, 22, 24]}
{"event": "split_lite_step", "task_id": 3, "batch": 2860, "projected": 16, "collected": 25, "mean_removed_ratio": 0.030758943234104663, "strict_current_topk": true, "project_active_experts": [0, 2, 3, 4, 6, 8, 9, 10, 11, 13, 14, 15, 19, 21, 22, 24]}
{"event": "split_lite_step", "task_id": 3, "batch": 2880, "projected": 16, "collected": 25, "mean_removed_ratio": 0.03658704221015796, "strict_current_topk": true, "project_active_experts": [0, 2, 3, 4, 6, 8, 9, 10, 11, 13, 14, 15, 19, 21, 22, 24]}
{"event": "split_lite_step", "task_id": 3, "batch": 2900, "projected": 16, "collected": 25, "mean_removed_ratio": 0.03025337404687889, "strict_current_topk": true, "project_active_experts": [0, 2, 3, 4, 6, 8, 9, 10, 11, 13, 14, 15, 19, 21, 22, 24]}
{"event": "split_lite_step", "task_id": 3, "batch": 2920, "projected": 16, "collected": 25, "mean_removed_ratio": 0.05375855229794979, "strict_current_topk": true, "project_active_experts": [0, 2, 3, 4, 6, 8, 9, 10, 11, 13, 14, 15, 19, 21, 22, 24]}
{"event": "split_lite_step", "task_id": 3, "batch": 2940, "projected": 16, "collected": 25, "mean_removed_ratio": 0.053204746916890144, "strict_current_topk": true, "project_active_experts": [0, 2, 3, 4, 6, 8, 9, 10, 11, 13, 14, 15, 19, 21, 22, 24]}
{"event": "split_lite_step", "task_id": 3, "batch": 2960, "projected": 16, "collected": 25, "mean_removed_ratio": 0.07399805425666273, "strict_current_topk": true, "project_active_experts": [0, 2, 3, 4, 6, 8, 9, 10, 11, 13, 14, 15, 19, 21, 22, 24]}
{"event": "split_lite_step", "task_id": 3, "batch": 2980, "projected": 16, "collected": 25, "mean_removed_ratio": 0.03105817621690221, "strict_current_topk": true, "project_active_experts": [0, 2, 3, 4, 6, 8, 9, 10, 11, 13, 14, 15, 19, 21, 22, 24]}
{"event": "split_lite_step", "task_id": 3, "batch": 3000, "projected": 16, "collected": 25, "mean_removed_ratio": 0.053644623316358775, "strict_current_topk": true, "project_active_experts": [0, 2, 3, 4, 6, 8, 9, 10, 11, 13, 14, 15, 19, 21, 22, 24]}
{"event": "split_lite_step", "task_id": 3, "batch": 3020, "projected": 16, "collected": 25, "mean_removed_ratio": 0.05321355047635734, "strict_current_topk": true, "project_active_experts": [0, 2, 3, 4, 6, 8, 9, 10, 11, 13, 14, 15, 19, 21, 22, 24]}
{"event": "split_lite_step", "task_id": 3, "batch": 3040, "projected": 16, "collected": 25, "mean_removed_ratio": 0.0650705547304824, "strict_current_topk": true, "project_active_experts": [0, 2, 3, 4, 6, 8, 9, 10, 11, 13, 14, 15, 19, 21, 22, 24]}
{"event": "split_lite_step", "task_id": 3, "batch": 3060, "projected": 16, "collected": 25, "mean_removed_ratio": 0.041064351971726865, "strict_current_topk": true, "project_active_experts": [0, 2, 3, 4, 6, 8, 9, 10, 11, 13, 14, 15, 19, 21, 22, 24]}
{"event": "split_lite_step", "task_id": 3, "batch": 3080, "projected": 16, "collected": 25, "mean_removed_ratio": 0.0524328121682629, "strict_current_topk": true, "project_active_experts": [0, 2, 3, 4, 6, 8, 9, 10, 11, 13, 14, 15, 19, 21, 22, 24]}
{"event": "split_lite_step", "task_id": 3, "batch": 3100, "projected": 16, "collected": 25, "mean_removed_ratio": 0.050684635178186, "strict_current_topk": true, "project_active_experts": [0, 2, 3, 4, 6, 8, 9, 10, 11, 13, 14, 15, 19, 21, 22, 24]}
{"event": "split_lite_step", "task_id": 3, "batch": 3120, "projected": 16, "collected": 25, "mean_removed_ratio": 0.046737354423385113, "strict_current_topk": true, "project_active_experts": [0, 2, 3, 4, 6, 8, 9, 10, 11, 13, 14, 15, 19, 21, 22, 24]}
{"event": "split_lite_step", "task_id": 3, "batch": 3140, "projected": 16, "collected": 25, "mean_removed_ratio": 0.07140760810580105, "strict_current_topk": true, "project_active_experts": [0, 2, 3, 4, 6, 8, 9, 10, 11, 13, 14, 15, 19, 21, 22, 24]}
{"event": "split_lite_step", "task_id": 3, "batch": 3160, "projected": 16, "collected": 25, "mean_removed_ratio": 0.04499953304184601, "strict_current_topk": true, "project_active_experts": [0, 2, 3, 4, 6, 8, 9, 10, 11, 13, 14, 15, 19, 21, 22, 24]}
{"event": "split_lite_step", "task_id": 3, "batch": 3180, "projected": 16, "collected": 25, "mean_removed_ratio": 0.03741031256504357, "strict_current_topk": true, "project_active_experts": [0, 2, 3, 4, 6, 8, 9, 10, 11, 13, 14, 15, 19, 21, 22, 24]}
{"event": "split_lite_step", "task_id": 3, "batch": 3200, "projected": 16, "collected": 25, "mean_removed_ratio": 0.04274049081141129, "strict_current_topk": true, "project_active_experts": [0, 2, 3, 4, 6, 8, 9, 10, 11, 13, 14, 15, 19, 21, 22, 24]}
{"event": "split_lite_step", "task_id": 3, "batch": 3220, "projected": 16, "collected": 25, "mean_removed_ratio": 0.04021109751192853, "strict_current_topk": true, "project_active_experts": [0, 2, 3, 4, 6, 8, 9, 10, 11, 13, 14, 15, 19, 21, 22, 24]}
{"event": "split_lite_step", "task_id": 3, "batch": 3240, "projected": 16, "collected": 25, "mean_removed_ratio": 0.03291519146296196, "strict_current_topk": true, "project_active_experts": [0, 2, 3, 4, 6, 8, 9, 10, 11, 13, 14, 15, 19, 21, 22, 24]}
{"event": "split_lite_step", "task_id": 3, "batch": 3260, "projected": 16, "collected": 25, "mean_removed_ratio": 0.06944387638941407, "strict_current_topk": true, "project_active_experts": [0, 2, 3, 4, 6, 8, 9, 10, 11, 13, 14, 15, 19, 21, 22, 24]}
{"event": "split_lite_step", "task_id": 3, "batch": 3280, "projected": 16, "collected": 25, "mean_removed_ratio": 0.055886977061163634, "strict_current_topk": true, "project_active_experts": [0, 2, 3, 4, 6, 8, 9, 10, 11, 13, 14, 15, 19, 21, 22, 24]}
{"event": "split_lite_step", "task_id": 3, "batch": 3300, "projected": 16, "collected": 25, "mean_removed_ratio": 0.061835282132960856, "strict_current_topk": true, "project_active_experts": [0, 2, 3, 4, 6, 8, 9, 10, 11, 13, 14, 15, 19, 21, 22, 24]}
{"event": "split_lite_step", "task_id": 3, "batch": 3320, "projected": 16, "collected": 25, "mean_removed_ratio": 0.056198701029643416, "strict_current_topk": true, "project_active_experts": [0, 2, 3, 4, 6, 8, 9, 10, 11, 13, 14, 15, 19, 21, 22, 24]}
{"event": "split_lite_step", "task_id": 3, "batch": 3340, "projected": 16, "collected": 25, "mean_removed_ratio": 0.03413241432281211, "strict_current_topk": true, "project_active_experts": [0, 2, 3, 4, 6, 8, 9, 10, 11, 13, 14, 15, 19, 21, 22, 24]}
{"event": "split_lite_step", "task_id": 3, "batch": 3360, "projected": 16, "collected": 25, "mean_removed_ratio": 0.053097583004273474, "strict_current_topk": true, "project_active_experts": [0, 2, 3, 4, 6, 8, 9, 10, 11, 13, 14, 15, 19, 21, 22, 24]}
{"event": "split_lite_step", "task_id": 3, "batch": 3380, "projected": 16, "collected": 25, "mean_removed_ratio": 0.05561354185920209, "strict_current_topk": true, "project_active_experts": [0, 2, 3, 4, 6, 8, 9, 10, 11, 13, 14, 15, 19, 21, 22, 24]}
{"event": "split_lite_step", "task_id": 3, "batch": 3400, "projected": 16, "collected": 25, "mean_removed_ratio": 0.054279269417747855, "strict_current_topk": true, "project_active_experts": [0, 2, 3, 4, 6, 8, 9, 10, 11, 13, 14, 15, 19, 21, 22, 24]}
{"event": "split_lite_step", "task_id": 3, "batch": 3420, "projected": 16, "collected": 25, "mean_removed_ratio": 0.03871304000495002, "strict_current_topk": true, "project_active_experts": [0, 2, 3, 4, 6, 8, 9, 10, 11, 13, 14, 15, 19, 21, 22, 24]}
{"event": "split_lite_step", "task_id": 3, "batch": 3440, "projected": 16, "collected": 25, "mean_removed_ratio": 0.04066301538841799, "strict_current_topk": true, "project_active_experts": [0, 2, 3, 4, 6, 8, 9, 10, 11, 13, 14, 15, 19, 21, 22, 24]}
{"event": "split_lite_step", "task_id": 3, "batch": 3460, "projected": 16, "collected": 25, "mean_removed_ratio": 0.06528151605743915, "strict_current_topk": true, "project_active_experts": [0, 2, 3, 4, 6, 8, 9, 10, 11, 13, 14, 15, 19, 21, 22, 24]}
{"event": "split_lite_step", "task_id": 3, "batch": 3480, "projected": 16, "collected": 25, "mean_removed_ratio": 0.04035142349312082, "strict_current_topk": true, "project_active_experts": [0, 2, 3, 4, 6, 8, 9, 10, 11, 13, 14, 15, 19, 21, 22, 24]}
{"event": "split_lite_step", "task_id": 3, "batch": 3500, "projected": 16, "collected": 25, "mean_removed_ratio": 0.06375101581215858, "strict_current_topk": true, "project_active_experts": [0, 2, 3, 4, 6, 8, 9, 10, 11, 13, 14, 15, 19, 21, 22, 24]}
{"event": "split_lite_task_finish", "task_id": 3, "rank": 4, "alpha": 0.2, "interval": 20, "buffer_size": 24, "expert_threshold": 0.03, "active_topk": 16, "strict_current_topk": true, "active_experts": [0, 2, 3, 4, 6, 8, 9, 10, 11, 14, 15, 19, 20, 21, 22, 24], "usage": {"vector": [0.11106172204017639, 0.0, 0.08387866616249084, 0.07430186122655869, 0.03138815239071846, 0.0, 0.07252379506826401, 0.018725980073213577, 0.037686411291360855, 0.05811169371008873, 0.031116191297769547, 0.03421280160546303, 0.0, 0.026158981025218964, 0.04768148064613342, 0.11121552437543869, 0.009361114352941513, 0.0, 0.018752241507172585, 0.07196485996246338, 0.028088971972465515, 0.037562623620033264, 0.04589591175317764, 0.0, 0.05031107738614082], "top3": [15, 0, 2], "top5": [15, 0, 2, 3, 6], "top3_mass": 0.3061559200286865, "top5_mass": 0.4529815912246704, "entropy": 2.838690757751465, "max_entropy": 3.2188758248682006}, "basis_sizes": {"e_pv": {"0": 4, "2": 4, "3": 4, "4": 4, "6": 4, "8": 4, "9": 4, "10": 4, "11": 4, "14": 4, "15": 4, "19": 4, "20": 4, "21": 4, "22": 4, "24": 4}}, "stats": {"project_calls": 176, "projected_vectors": 1872, "collected_vectors": 4400, "skipped_steps": 3334}, "diagnostics": {"expert_usage_mode": "old_union", "previous_selected_jaccard": 0.8823529411764706, "cp_overlap": null}}
{"event": "split_lite_step", "task_id": 4, "batch": 3520, "projected": 16, "collected": 25, "mean_removed_ratio": 0.055391788482666016, "strict_current_topk": true, "project_active_experts": [0, 2, 3, 4, 6, 8, 9, 10, 11, 14, 15, 19, 20, 21, 22, 24]}
{"event": "split_lite_step", "task_id": 4, "batch": 3540, "projected": 16, "collected": 25, "mean_removed_ratio": 0.06726418621838093, "strict_current_topk": true, "project_active_experts": [0, 2, 3, 4, 6, 8, 9, 10, 11, 14, 15, 19, 20, 21, 22, 24]}
{"event": "split_lite_step", "task_id": 4, "batch": 3560, "projected": 16, "collected": 25, "mean_removed_ratio": 0.05503111472353339, "strict_current_topk": true, "project_active_experts": [0, 2, 3, 4, 6, 8, 9, 10, 11, 14, 15, 19, 20, 21, 22, 24]}
{"event": "split_lite_step", "task_id": 4, "batch": 3580, "projected": 16, "collected": 25, "mean_removed_ratio": 0.06217067362740636, "strict_current_topk": true, "project_active_experts": [0, 2, 3, 4, 6, 8, 9, 10, 11, 14, 15, 19, 20, 21, 22, 24]}
{"event": "split_lite_step", "task_id": 4, "batch": 3600, "projected": 16, "collected": 25, "mean_removed_ratio": 0.06271350220777094, "strict_current_topk": true, "project_active_experts": [0, 2, 3, 4, 6, 8, 9, 10, 11, 14, 15, 19, 20, 21, 22, 24]}
{"event": "split_lite_step", "task_id": 4, "batch": 3620, "projected": 16, "collected": 25, "mean_removed_ratio": 0.045252288749907166, "strict_current_topk": true, "project_active_experts": [0, 2, 3, 4, 6, 8, 9, 10, 11, 14, 15, 19, 20, 21, 22, 24]}
{"event": "split_lite_step", "task_id": 4, "batch": 3640, "projected": 16, "collected": 25, "mean_removed_ratio": 0.034478800487704575, "strict_current_topk": true, "project_active_experts": [0, 2, 3, 4, 6, 8, 9, 10, 11, 14, 15, 19, 20, 21, 22, 24]}
{"event": "split_lite_step", "task_id": 4, "batch": 3660, "projected": 16, "collected": 25, "mean_removed_ratio": 0.05262252292595804, "strict_current_topk": true, "project_active_experts": [0, 2, 3, 4, 6, 8, 9, 10, 11, 14, 15, 19, 20, 21, 22, 24]}
{"event": "split_lite_step", "task_id": 4, "batch": 3680, "projected": 16, "collected": 25, "mean_removed_ratio": 0.07279421086423099, "strict_current_topk": true, "project_active_experts": [0, 2, 3, 4, 6, 8, 9, 10, 11, 14, 15, 19, 20, 21, 22, 24]}
{"event": "split_lite_step", "task_id": 4, "batch": 3700, "projected": 16, "collected": 25, "mean_removed_ratio": 0.05646526231430471, "strict_current_topk": true, "project_active_experts": [0, 2, 3, 4, 6, 8, 9, 10, 11, 14, 15, 19, 20, 21, 22, 24]}
{"event": "split_lite_step", "task_id": 4, "batch": 3720, "projected": 16, "collected": 25, "mean_removed_ratio": 0.05235507572069764, "strict_current_topk": true, "project_active_experts": [0, 2, 3, 4, 6, 8, 9, 10, 11, 14, 15, 19, 20, 21, 22, 24]}
{"event": "split_lite_step", "task_id": 4, "batch": 3740, "projected": 16, "collected": 25, "mean_removed_ratio": 0.035272702923975885, "strict_current_topk": true, "project_active_experts": [0, 2, 3, 4, 6, 8, 9, 10, 11, 14, 15, 19, 20, 21, 22, 24]}
{"event": "split_lite_step", "task_id": 4, "batch": 3760, "projected": 16, "collected": 25, "mean_removed_ratio": 0.06009911349974573, "strict_current_topk": true, "project_active_experts": [0, 2, 3, 4, 6, 8, 9, 10, 11, 14, 15, 19, 20, 21, 22, 24]}
{"event": "split_lite_step", "task_id": 4, "batch": 3780, "projected": 16, "collected": 25, "mean_removed_ratio": 0.04814260883722454, "strict_current_topk": true, "project_active_experts": [0, 2, 3, 4, 6, 8, 9, 10, 11, 14, 15, 19, 20, 21, 22, 24]}
{"event": "split_lite_step", "task_id": 4, "batch": 3800, "projected": 16, "collected": 25, "mean_removed_ratio": 0.040269234450533986, "strict_current_topk": true, "project_active_experts": [0, 2, 3, 4, 6, 8, 9, 10, 11, 14, 15, 19, 20, 21, 22, 24]}
{"event": "split_lite_step", "task_id": 4, "batch": 3820, "projected": 16, "collected": 25, "mean_removed_ratio": 0.04214299563318491, "strict_current_topk": true, "project_active_experts": [0, 2, 3, 4, 6, 8, 9, 10, 11, 14, 15, 19, 20, 21, 22, 24]}
{"event": "split_lite_step", "task_id": 4, "batch": 3840, "projected": 16, "collected": 25, "mean_removed_ratio": 0.06435862416401505, "strict_current_topk": true, "project_active_experts": [0, 2, 3, 4, 6, 8, 9, 10, 11, 14, 15, 19, 20, 21, 22, 24]}
{"event": "split_lite_step", "task_id": 4, "batch": 3860, "projected": 16, "collected": 25, "mean_removed_ratio": 0.038836470106616616, "strict_current_topk": true, "project_active_experts": [0, 2, 3, 4, 6, 8, 9, 10, 11, 14, 15, 19, 20, 21, 22, 24]}
{"event": "split_lite_step", "task_id": 4, "batch": 3880, "projected": 16, "collected": 25, "mean_removed_ratio": 0.05114400730235502, "strict_current_topk": true, "project_active_experts": [0, 2, 3, 4, 6, 8, 9, 10, 11, 14, 15, 19, 20, 21, 22, 24]}
{"event": "split_lite_step", "task_id": 4, "batch": 3900, "projected": 16, "collected": 25, "mean_removed_ratio": 0.033495874726213515, "strict_current_topk": true, "project_active_experts": [0, 2, 3, 4, 6, 8, 9, 10, 11, 14, 15, 19, 20, 21, 22, 24]}
{"event": "split_lite_step", "task_id": 4, "batch": 3920, "projected": 16, "collected": 25, "mean_removed_ratio": 0.03687599871773273, "strict_current_topk": true, "project_active_experts": [0, 2, 3, 4, 6, 8, 9, 10, 11, 14, 15, 19, 20, 21, 22, 24]}
{"event": "split_lite_step", "task_id": 4, "batch": 3940, "projected": 16, "collected": 25, "mean_removed_ratio": 0.028522100707050413, "strict_current_topk": true, "project_active_experts": [0, 2, 3, 4, 6, 8, 9, 10, 11, 14, 15, 19, 20, 21, 22, 24]}
{"event": "split_lite_step", "task_id": 4, "batch": 3960, "projected": 16, "collected": 25, "mean_removed_ratio": 0.02368577418383211, "strict_current_topk": true, "project_active_experts": [0, 2, 3, 4, 6, 8, 9, 10, 11, 14, 15, 19, 20, 21, 22, 24]}
{"event": "split_lite_step", "task_id": 4, "batch": 3980, "projected": 16, "collected": 25, "mean_removed_ratio": 0.030324795574415475, "strict_current_topk": true, "project_active_experts": [0, 2, 3, 4, 6, 8, 9, 10, 11, 14, 15, 19, 20, 21, 22, 24]}
{"event": "split_lite_step", "task_id": 4, "batch": 4000, "projected": 16, "collected": 25, "mean_removed_ratio": 0.08291896665468812, "strict_current_topk": true, "project_active_experts": [0, 2, 3, 4, 6, 8, 9, 10, 11, 14, 15, 19, 20, 21, 22, 24]}
{"event": "split_lite_step", "task_id": 4, "batch": 4020, "projected": 16, "collected": 25, "mean_removed_ratio": 0.02955238043796271, "strict_current_topk": true, "project_active_experts": [0, 2, 3, 4, 6, 8, 9, 10, 11, 14, 15, 19, 20, 21, 22, 24]}
{"event": "split_lite_step", "task_id": 4, "batch": 4040, "projected": 16, "collected": 25, "mean_removed_ratio": 0.038892941491212696, "strict_current_topk": true, "project_active_experts": [0, 2, 3, 4, 6, 8, 9, 10, 11, 14, 15, 19, 20, 21, 22, 24]}
{"event": "split_lite_step", "task_id": 4, "batch": 4060, "projected": 16, "collected": 25, "mean_removed_ratio": 0.03183931828243658, "strict_current_topk": true, "project_active_experts": [0, 2, 3, 4, 6, 8, 9, 10, 11, 14, 15, 19, 20, 21, 22, 24]}
{"event": "split_lite_step", "task_id": 4, "batch": 4080, "projected": 16, "collected": 25, "mean_removed_ratio": 0.05163083609659225, "strict_current_topk": true, "project_active_experts": [0, 2, 3, 4, 6, 8, 9, 10, 11, 14, 15, 19, 20, 21, 22, 24]}
{"event": "split_lite_step", "task_id": 4, "batch": 4100, "projected": 16, "collected": 25, "mean_removed_ratio": 0.030761233414523304, "strict_current_topk": true, "project_active_experts": [0, 2, 3, 4, 6, 8, 9, 10, 11, 14, 15, 19, 20, 21, 22, 24]}
{"event": "split_lite_step", "task_id": 4, "batch": 4120, "projected": 16, "collected": 25, "mean_removed_ratio": 0.04310492391232401, "strict_current_topk": true, "project_active_experts": [0, 2, 3, 4, 6, 8, 9, 10, 11, 14, 15, 19, 20, 21, 22, 24]}
{"event": "split_lite_step", "task_id": 4, "batch": 4140, "projected": 16, "collected": 25, "mean_removed_ratio": 0.052646690397523344, "strict_current_topk": true, "project_active_experts": [0, 2, 3, 4, 6, 8, 9, 10, 11, 14, 15, 19, 20, 21, 22, 24]}
{"event": "split_lite_step", "task_id": 4, "batch": 4160, "projected": 16, "collected": 25, "mean_removed_ratio": 0.05467199604026973, "strict_current_topk": true, "project_active_experts": [0, 2, 3, 4, 6, 8, 9, 10, 11, 14, 15, 19, 20, 21, 22, 24]}
{"event": "split_lite_step", "task_id": 4, "batch": 4180, "projected": 16, "collected": 25, "mean_removed_ratio": 0.046756946365348995, "strict_current_topk": true, "project_active_experts": [0, 2, 3, 4, 6, 8, 9, 10, 11, 14, 15, 19, 20, 21, 22, 24]}
{"event": "split_lite_step", "task_id": 4, "batch": 4200, "projected": 16, "collected": 25, "mean_removed_ratio": 0.05940820067189634, "strict_current_topk": true, "project_active_experts": [0, 2, 3, 4, 6, 8, 9, 10, 11, 14, 15, 19, 20, 21, 22, 24]}
{"event": "split_lite_step", "task_id": 4, "batch": 4220, "projected": 16, "collected": 25, "mean_removed_ratio": 0.034812073106877506, "strict_current_topk": true, "project_active_experts": [0, 2, 3, 4, 6, 8, 9, 10, 11, 14, 15, 19, 20, 21, 22, 24]}
{"event": "split_lite_step", "task_id": 4, "batch": 4240, "projected": 16, "collected": 25, "mean_removed_ratio": 0.0394809590652585, "strict_current_topk": true, "project_active_experts": [0, 2, 3, 4, 6, 8, 9, 10, 11, 14, 15, 19, 20, 21, 22, 24]}
{"event": "split_lite_step", "task_id": 4, "batch": 4260, "projected": 16, "collected": 25, "mean_removed_ratio": 0.03843105200212449, "strict_current_topk": true, "project_active_experts": [0, 2, 3, 4, 6, 8, 9, 10, 11, 14, 15, 19, 20, 21, 22, 24]}
{"event": "split_lite_step", "task_id": 4, "batch": 4280, "projected": 16, "collected": 25, "mean_removed_ratio": 0.049172837287187576, "strict_current_topk": true, "project_active_experts": [0, 2, 3, 4, 6, 8, 9, 10, 11, 14, 15, 19, 20, 21, 22, 24]}
{"event": "split_lite_task_finish", "task_id": 4, "rank": 4, "alpha": 0.2, "interval": 20, "buffer_size": 24, "expert_threshold": 0.03, "active_topk": 16, "strict_current_topk": true, "active_experts": [0, 2, 3, 4, 6, 8, 9, 10, 11, 14, 15, 19, 20, 21, 22, 24], "usage": {"vector": [0.11003988981246948, 0.0, 0.08900491148233414, 0.07359427958726883, 0.03930377960205078, 0.0, 0.07047803699970245, 0.014808441512286663, 0.029802285134792328, 0.06076296791434288, 0.03913320600986481, 0.034459587186574936, 0.0, 0.020686432719230652, 0.04511057212948799, 0.11007252335548401, 0.023302828893065453, 0.0, 0.014829208143055439, 0.06790614128112793, 0.029616883024573326, 0.03710416704416275, 0.043492384254932404, 0.0, 0.04649145156145096], "top3": [15, 0, 2], "top5": [15, 0, 2, 3, 6], "top3_mass": 0.30911731719970703, "top5_mass": 0.4531896412372589, "entropy": 2.8455257415771484, "max_entropy": 3.2188758248682006}, "basis_sizes": {"e_pv": {"0": 4, "2": 4, "3": 4, "4": 4, "6": 4, "8": 4, "9": 4, "10": 4, "11": 4, "14": 4, "15": 4, "19": 4, "20": 4, "21": 4, "22": 4, "24": 4}}, "stats": {"project_calls": 215, "projected_vectors": 2496, "collected_vectors": 5375, "skipped_steps": 4075}, "diagnostics": {"expert_usage_mode": "old_union", "previous_selected_jaccard": 1.0, "cp_overlap": null}}
{"event": "split_lite_step", "task_id": 5, "batch": 4300, "projected": 16, "collected": 25, "mean_removed_ratio": 0.07215623738011345, "strict_current_topk": true, "project_active_experts": [0, 2, 3, 4, 6, 8, 9, 10, 11, 14, 15, 19, 20, 21, 22, 24]}
{"event": "split_lite_step", "task_id": 5, "batch": 4320, "projected": 16, "collected": 25, "mean_removed_ratio": 0.06752554303966463, "strict_current_topk": true, "project_active_experts": [0, 2, 3, 4, 6, 8, 9, 10, 11, 14, 15, 19, 20, 21, 22, 24]}
{"event": "split_lite_step", "task_id": 5, "batch": 4340, "projected": 16, "collected": 25, "mean_removed_ratio": 0.08239885373041034, "strict_current_topk": true, "project_active_experts": [0, 2, 3, 4, 6, 8, 9, 10, 11, 14, 15, 19, 20, 21, 22, 24]}
{"event": "split_lite_step", "task_id": 5, "batch": 4360, "projected": 16, "collected": 25, "mean_removed_ratio": 0.06960068247281015, "strict_current_topk": true, "project_active_experts": [0, 2, 3, 4, 6, 8, 9, 10, 11, 14, 15, 19, 20, 21, 22, 24]}
{"event": "split_lite_step", "task_id": 5, "batch": 4380, "projected": 16, "collected": 25, "mean_removed_ratio": 0.06183954235166311, "strict_current_topk": true, "project_active_experts": [0, 2, 3, 4, 6, 8, 9, 10, 11, 14, 15, 19, 20, 21, 22, 24]}
{"event": "split_lite_step", "task_id": 5, "batch": 4400, "projected": 16, "collected": 25, "mean_removed_ratio": 0.04819396953098476, "strict_current_topk": true, "project_active_experts": [0, 2, 3, 4, 6, 8, 9, 10, 11, 14, 15, 19, 20, 21, 22, 24]}
{"event": "split_lite_step", "task_id": 5, "batch": 4420, "projected": 16, "collected": 25, "mean_removed_ratio": 0.03826881846180186, "strict_current_topk": true, "project_active_experts": [0, 2, 3, 4, 6, 8, 9, 10, 11, 14, 15, 19, 20, 21, 22, 24]}
{"event": "split_lite_step", "task_id": 5, "batch": 4440, "projected": 16, "collected": 25, "mean_removed_ratio": 0.05839664419181645, "strict_current_topk": true, "project_active_experts": [0, 2, 3, 4, 6, 8, 9, 10, 11, 14, 15, 19, 20, 21, 22, 24]}
{"event": "split_lite_step", "task_id": 5, "batch": 4460, "projected": 16, "collected": 25, "mean_removed_ratio": 0.04498963651712984, "strict_current_topk": true, "project_active_experts": [0, 2, 3, 4, 6, 8, 9, 10, 11, 14, 15, 19, 20, 21, 22, 24]}
{"event": "split_lite_step", "task_id": 5, "batch": 4480, "projected": 16, "collected": 25, "mean_removed_ratio": 0.03513723541982472, "strict_current_topk": true, "project_active_experts": [0, 2, 3, 4, 6, 8, 9, 10, 11, 14, 15, 19, 20, 21, 22, 24]}
{"event": "split_lite_step", "task_id": 5, "batch": 4500, "projected": 16, "collected": 25, "mean_removed_ratio": 0.050792254973202944, "strict_current_topk": true, "project_active_experts": [0, 2, 3, 4, 6, 8, 9, 10, 11, 14, 15, 19, 20, 21, 22, 24]}
{"event": "split_lite_step", "task_id": 5, "batch": 4520, "projected": 16, "collected": 25, "mean_removed_ratio": 0.051540124346502125, "strict_current_topk": true, "project_active_experts": [0, 2, 3, 4, 6, 8, 9, 10, 11, 14, 15, 19, 20, 21, 22, 24]}
{"event": "split_lite_step", "task_id": 5, "batch": 4540, "projected": 16, "collected": 25, "mean_removed_ratio": 0.047614059993065894, "strict_current_topk": true, "project_active_experts": [0, 2, 3, 4, 6, 8, 9, 10, 11, 14, 15, 19, 20, 21, 22, 24]}
{"event": "split_lite_step", "task_id": 5, "batch": 4560, "projected": 16, "collected": 25, "mean_removed_ratio": 0.037365787546150386, "strict_current_topk": true, "project_active_experts": [0, 2, 3, 4, 6, 8, 9, 10, 11, 14, 15, 19, 20, 21, 22, 24]}
{"event": "split_lite_step", "task_id": 5, "batch": 4580, "projected": 16, "collected": 25, "mean_removed_ratio": 0.0462632745038718, "strict_current_topk": true, "project_active_experts": [0, 2, 3, 4, 6, 8, 9, 10, 11, 14, 15, 19, 20, 21, 22, 24]}
{"event": "split_lite_step", "task_id": 5, "batch": 4600, "projected": 16, "collected": 25, "mean_removed_ratio": 0.04464635159820318, "strict_current_topk": true, "project_active_experts": [0, 2, 3, 4, 6, 8, 9, 10, 11, 14, 15, 19, 20, 21, 22, 24]}
{"event": "split_lite_step", "task_id": 5, "batch": 4620, "projected": 16, "collected": 25, "mean_removed_ratio": 0.04950077086687088, "strict_current_topk": true, "project_active_experts": [0, 2, 3, 4, 6, 8, 9, 10, 11, 14, 15, 19, 20, 21, 22, 24]}
{"event": "split_lite_step", "task_id": 5, "batch": 4640, "projected": 16, "collected": 25, "mean_removed_ratio": 0.06509160611312836, "strict_current_topk": true, "project_active_experts": [0, 2, 3, 4, 6, 8, 9, 10, 11, 14, 15, 19, 20, 21, 22, 24]}
{"event": "split_lite_step", "task_id": 5, "batch": 4660, "projected": 16, "collected": 25, "mean_removed_ratio": 0.05345627781935036, "strict_current_topk": true, "project_active_experts": [0, 2, 3, 4, 6, 8, 9, 10, 11, 14, 15, 19, 20, 21, 22, 24]}
{"event": "split_lite_step", "task_id": 5, "batch": 4680, "projected": 16, "collected": 25, "mean_removed_ratio": 0.043106819270178676, "strict_current_topk": true, "project_active_experts": [0, 2, 3, 4, 6, 8, 9, 10, 11, 14, 15, 19, 20, 21, 22, 24]}
{"event": "split_lite_step", "task_id": 5, "batch": 4700, "projected": 16, "collected": 25, "mean_removed_ratio": 0.04831456614192575, "strict_current_topk": true, "project_active_experts": [0, 2, 3, 4, 6, 8, 9, 10, 11, 14, 15, 19, 20, 21, 22, 24]}
{"event": "split_lite_step", "task_id": 5, "batch": 4720, "projected": 16, "collected": 25, "mean_removed_ratio": 0.0326367262750864, "strict_current_topk": true, "project_active_experts": [0, 2, 3, 4, 6, 8, 9, 10, 11, 14, 15, 19, 20, 21, 22, 24]}
{"event": "split_lite_step", "task_id": 5, "batch": 4740, "projected": 16, "collected": 25, "mean_removed_ratio": 0.032819651474710554, "strict_current_topk": true, "project_active_experts": [0, 2, 3, 4, 6, 8, 9, 10, 11, 14, 15, 19, 20, 21, 22, 24]}
{"event": "split_lite_step", "task_id": 5, "batch": 4760, "projected": 16, "collected": 25, "mean_removed_ratio": 0.03263154346495867, "strict_current_topk": true, "project_active_experts": [0, 2, 3, 4, 6, 8, 9, 10, 11, 14, 15, 19, 20, 21, 22, 24]}
{"event": "split_lite_step", "task_id": 5, "batch": 4780, "projected": 16, "collected": 25, "mean_removed_ratio": 0.04288369743153453, "strict_current_topk": true, "project_active_experts": [0, 2, 3, 4, 6, 8, 9, 10, 11, 14, 15, 19, 20, 21, 22, 24]}
{"event": "split_lite_step", "task_id": 5, "batch": 4800, "projected": 16, "collected": 25, "mean_removed_ratio": 0.03757802105974406, "strict_current_topk": true, "project_active_experts": [0, 2, 3, 4, 6, 8, 9, 10, 11, 14, 15, 19, 20, 21, 22, 24]}
{"event": "split_lite_step", "task_id": 5, "batch": 4820, "projected": 16, "collected": 25, "mean_removed_ratio": 0.04804051120299846, "strict_current_topk": true, "project_active_experts": [0, 2, 3, 4, 6, 8, 9, 10, 11, 14, 15, 19, 20, 21, 22, 24]}
{"event": "split_lite_step", "task_id": 5, "batch": 4840, "projected": 16, "collected": 25, "mean_removed_ratio": 0.039582942496053874, "strict_current_topk": true, "project_active_experts": [0, 2, 3, 4, 6, 8, 9, 10, 11, 14, 15, 19, 20, 21, 22, 24]}
{"event": "split_lite_step", "task_id": 5, "batch": 4860, "projected": 16, "collected": 25, "mean_removed_ratio": 0.0402309630298987, "strict_current_topk": true, "project_active_experts": [0, 2, 3, 4, 6, 8, 9, 10, 11, 14, 15, 19, 20, 21, 22, 24]}
{"event": "split_lite_step", "task_id": 5, "batch": 4880, "projected": 16, "collected": 25, "mean_removed_ratio": 0.03387706115609035, "strict_current_topk": true, "project_active_experts": [0, 2, 3, 4, 6, 8, 9, 10, 11, 14, 15, 19, 20, 21, 22, 24]}
{"event": "split_lite_step", "task_id": 5, "batch": 4900, "projected": 16, "collected": 25, "mean_removed_ratio": 0.037296355003491044, "strict_current_topk": true, "project_active_experts": [0, 2, 3, 4, 6, 8, 9, 10, 11, 14, 15, 19, 20, 21, 22, 24]}
{"event": "split_lite_step", "task_id": 5, "batch": 4920, "projected": 16, "collected": 25, "mean_removed_ratio": 0.03839920531027019, "strict_current_topk": true, "project_active_experts": [0, 2, 3, 4, 6, 8, 9, 10, 11, 14, 15, 19, 20, 21, 22, 24]}
{"event": "split_lite_step", "task_id": 5, "batch": 4940, "projected": 16, "collected": 25, "mean_removed_ratio": 0.04124088049866259, "strict_current_topk": true, "project_active_experts": [0, 2, 3, 4, 6, 8, 9, 10, 11, 14, 15, 19, 20, 21, 22, 24]}
{"event": "split_lite_step", "task_id": 5, "batch": 4960, "projected": 16, "collected": 25, "mean_removed_ratio": 0.06349291536025703, "strict_current_topk": true, "project_active_experts": [0, 2, 3, 4, 6, 8, 9, 10, 11, 14, 15, 19, 20, 21, 22, 24]}
{"event": "split_lite_step", "task_id": 5, "batch": 4980, "projected": 16, "collected": 25, "mean_removed_ratio": 0.039600336691364646, "strict_current_topk": true, "project_active_experts": [0, 2, 3, 4, 6, 8, 9, 10, 11, 14, 15, 19, 20, 21, 22, 24]}
{"event": "split_lite_step", "task_id": 5, "batch": 5000, "projected": 16, "collected": 25, "mean_removed_ratio": 0.05488382757175714, "strict_current_topk": true, "project_active_experts": [0, 2, 3, 4, 6, 8, 9, 10, 11, 14, 15, 19, 20, 21, 22, 24]}
{"event": "split_lite_step", "task_id": 5, "batch": 5020, "projected": 16, "collected": 25, "mean_removed_ratio": 0.036960531026124954, "strict_current_topk": true, "project_active_experts": [0, 2, 3, 4, 6, 8, 9, 10, 11, 14, 15, 19, 20, 21, 22, 24]}
{"event": "split_lite_step", "task_id": 5, "batch": 5040, "projected": 16, "collected": 25, "mean_removed_ratio": 0.04344491183292121, "strict_current_topk": true, "project_active_experts": [0, 2, 3, 4, 6, 8, 9, 10, 11, 14, 15, 19, 20, 21, 22, 24]}
{"event": "split_lite_step", "task_id": 5, "batch": 5060, "projected": 16, "collected": 25, "mean_removed_ratio": 0.05734669626690447, "strict_current_topk": true, "project_active_experts": [0, 2, 3, 4, 6, 8, 9, 10, 11, 14, 15, 19, 20, 21, 22, 24]}
{"event": "split_lite_task_finish", "task_id": 5, "rank": 4, "alpha": 0.2, "interval": 20, "buffer_size": 24, "expert_threshold": 0.03, "active_topk": 16, "strict_current_topk": true, "active_experts": [0, 2, 3, 4, 6, 9, 10, 11, 14, 15, 16, 19, 20, 21, 22, 24], "usage": {"vector": [0.11020310968160629, 0.0, 0.0942113921046257, 0.07267279922962189, 0.04101811349391937, 0.0, 0.06993521004915237, 0.018509317189455032, 0.02483358234167099, 0.06293489784002304, 0.044487372040748596, 0.03490271791815758, 0.0, 0.01723754219710827, 0.043760642409324646, 0.10790181159973145, 0.025682669132947922, 0.0, 0.012356849387288094, 0.06729278713464737, 0.03084886074066162, 0.03708784654736519, 0.036241233348846436, 0.0, 0.047881245613098145], "top3": [0, 15, 2], "top5": [0, 15, 2, 3, 6], "top3_mass": 0.31231632828712463, "top5_mass": 0.4549243450164795, "entropy": 2.8407692909240723, "max_entropy": 3.2188758248682006}, "basis_sizes": {"e_pv": {"0": 4, "2": 4, "3": 4, "4": 4, "6": 4, "9": 4, "10": 4, "11": 4, "14": 4, "15": 4, "16": 4, "19": 4, "20": 4, "21": 4, "22": 4, "24": 4}}, "stats": {"project_calls": 254, "projected_vectors": 3120, "collected_vectors": 6350, "skipped_steps": 4816}, "diagnostics": {"expert_usage_mode": "old_union", "previous_selected_jaccard": 0.8823529411764706, "cp_overlap": null}}
{"event": "split_lite_step", "task_id": 6, "batch": 5080, "projected": 16, "collected": 25, "mean_removed_ratio": 0.06737892283126712, "strict_current_topk": true, "project_active_experts": [0, 2, 3, 4, 6, 9, 10, 11, 14, 15, 16, 19, 20, 21, 22, 24]}
{"event": "split_lite_step", "task_id": 6, "batch": 5100, "projected": 16, "collected": 25, "mean_removed_ratio": 0.030903876293450594, "strict_current_topk": true, "project_active_experts": [0, 2, 3, 4, 6, 9, 10, 11, 14, 15, 16, 19, 20, 21, 22, 24]}
{"event": "split_lite_step", "task_id": 6, "batch": 5120, "projected": 16, "collected": 25, "mean_removed_ratio": 0.044094930635765195, "strict_current_topk": true, "project_active_experts": [0, 2, 3, 4, 6, 9, 10, 11, 14, 15, 16, 19, 20, 21, 22, 24]}
{"event": "split_lite_step", "task_id": 6, "batch": 5140, "projected": 16, "collected": 25, "mean_removed_ratio": 0.05434970301575959, "strict_current_topk": true, "project_active_experts": [0, 2, 3, 4, 6, 9, 10, 11, 14, 15, 16, 19, 20, 21, 22, 24]}
{"event": "split_lite_step", "task_id": 6, "batch": 5160, "projected": 16, "collected": 25, "mean_removed_ratio": 0.034811001969501376, "strict_current_topk": true, "project_active_experts": [0, 2, 3, 4, 6, 9, 10, 11, 14, 15, 16, 19, 20, 21, 22, 24]}
{"event": "split_lite_step", "task_id": 6, "batch": 5180, "projected": 16, "collected": 25, "mean_removed_ratio": 0.03949051967356354, "strict_current_topk": true, "project_active_experts": [0, 2, 3, 4, 6, 9, 10, 11, 14, 15, 16, 19, 20, 21, 22, 24]}
{"event": "split_lite_step", "task_id": 6, "batch": 5200, "projected": 16, "collected": 25, "mean_removed_ratio": 0.04615544551052153, "strict_current_topk": true, "project_active_experts": [0, 2, 3, 4, 6, 9, 10, 11, 14, 15, 16, 19, 20, 21, 22, 24]}
{"event": "split_lite_step", "task_id": 6, "batch": 5220, "projected": 16, "collected": 25, "mean_removed_ratio": 0.042318182648159564, "strict_current_topk": true, "project_active_experts": [0, 2, 3, 4, 6, 9, 10, 11, 14, 15, 16, 19, 20, 21, 22, 24]}
{"event": "split_lite_step", "task_id": 6, "batch": 5240, "projected": 16, "collected": 25, "mean_removed_ratio": 0.03365006350213662, "strict_current_topk": true, "project_active_experts": [0, 2, 3, 4, 6, 9, 10, 11, 14, 15, 16, 19, 20, 21, 22, 24]}
{"event": "split_lite_step", "task_id": 6, "batch": 5260, "projected": 16, "collected": 25, "mean_removed_ratio": 0.042742350371554494, "strict_current_topk": true, "project_active_experts": [0, 2, 3, 4, 6, 9, 10, 11, 14, 15, 16, 19, 20, 21, 22, 24]}
{"event": "split_lite_step", "task_id": 6, "batch": 5280, "projected": 16, "collected": 25, "mean_removed_ratio": 0.05504314647987485, "strict_current_topk": true, "project_active_experts": [0, 2, 3, 4, 6, 9, 10, 11, 14, 15, 16, 19, 20, 21, 22, 24]}
{"event": "split_lite_step", "task_id": 6, "batch": 5300, "projected": 16, "collected": 25, "mean_removed_ratio": 0.03456290267058648, "strict_current_topk": true, "project_active_experts": [0, 2, 3, 4, 6, 9, 10, 11, 14, 15, 16, 19, 20, 21, 22, 24]}
{"event": "split_lite_step", "task_id": 6, "batch": 5320, "projected": 16, "collected": 25, "mean_removed_ratio": 0.05010986473644152, "strict_current_topk": true, "project_active_experts": [0, 2, 3, 4, 6, 9, 10, 11, 14, 15, 16, 19, 20, 21, 22, 24]}
{"event": "split_lite_step", "task_id": 6, "batch": 5340, "projected": 16, "collected": 25, "mean_removed_ratio": 0.061145660700276494, "strict_current_topk": true, "project_active_experts": [0, 2, 3, 4, 6, 9, 10, 11, 14, 15, 16, 19, 20, 21, 22, 24]}
{"event": "split_lite_step", "task_id": 6, "batch": 5360, "projected": 16, "collected": 25, "mean_removed_ratio": 0.03794705023756251, "strict_current_topk": true, "project_active_experts": [0, 2, 3, 4, 6, 9, 10, 11, 14, 15, 16, 19, 20, 21, 22, 24]}
{"event": "split_lite_step", "task_id": 6, "batch": 5380, "projected": 16, "collected": 25, "mean_removed_ratio": 0.03924307448323816, "strict_current_topk": true, "project_active_experts": [0, 2, 3, 4, 6, 9, 10, 11, 14, 15, 16, 19, 20, 21, 22, 24]}
{"event": "split_lite_step", "task_id": 6, "batch": 5400, "projected": 16, "collected": 25, "mean_removed_ratio": 0.0380721288966015, "strict_current_topk": true, "project_active_experts": [0, 2, 3, 4, 6, 9, 10, 11, 14, 15, 16, 19, 20, 21, 22, 24]}
{"event": "split_lite_step", "task_id": 6, "batch": 5420, "projected": 16, "collected": 25, "mean_removed_ratio": 0.04474441660568118, "strict_current_topk": true, "project_active_experts": [0, 2, 3, 4, 6, 9, 10, 11, 14, 15, 16, 19, 20, 21, 22, 24]}
{"event": "split_lite_step", "task_id": 6, "batch": 5440, "projected": 16, "collected": 25, "mean_removed_ratio": 0.036136346869170666, "strict_current_topk": true, "project_active_experts": [0, 2, 3, 4, 6, 9, 10, 11, 14, 15, 16, 19, 20, 21, 22, 24]}
{"event": "split_lite_step", "task_id": 6, "batch": 5460, "projected": 16, "collected": 25, "mean_removed_ratio": 0.046100723557174206, "strict_current_topk": true, "project_active_experts": [0, 2, 3, 4, 6, 9, 10, 11, 14, 15, 16, 19, 20, 21, 22, 24]}
{"event": "split_lite_step", "task_id": 6, "batch": 5480, "projected": 16, "collected": 25, "mean_removed_ratio": 0.04264623881317675, "strict_current_topk": true, "project_active_experts": [0, 2, 3, 4, 6, 9, 10, 11, 14, 15, 16, 19, 20, 21, 22, 24]}
{"event": "split_lite_step", "task_id": 6, "batch": 5500, "projected": 16, "collected": 25, "mean_removed_ratio": 0.03637800156138837, "strict_current_topk": true, "project_active_experts": [0, 2, 3, 4, 6, 9, 10, 11, 14, 15, 16, 19, 20, 21, 22, 24]}
{"event": "split_lite_step", "task_id": 6, "batch": 5520, "projected": 16, "collected": 25, "mean_removed_ratio": 0.03489367925794795, "strict_current_topk": true, "project_active_experts": [0, 2, 3, 4, 6, 9, 10, 11, 14, 15, 16, 19, 20, 21, 22, 24]}
{"event": "split_lite_step", "task_id": 6, "batch": 5540, "projected": 16, "collected": 25, "mean_removed_ratio": 0.049449489801190794, "strict_current_topk": true, "project_active_experts": [0, 2, 3, 4, 6, 9, 10, 11, 14, 15, 16, 19, 20, 21, 22, 24]}
{"event": "split_lite_step", "task_id": 6, "batch": 5560, "projected": 16, "collected": 25, "mean_removed_ratio": 0.03790316719096154, "strict_current_topk": true, "project_active_experts": [0, 2, 3, 4, 6, 9, 10, 11, 14, 15, 16, 19, 20, 21, 22, 24]}
{"event": "split_lite_step", "task_id": 6, "batch": 5580, "projected": 16, "collected": 25, "mean_removed_ratio": 0.042636414407752454, "strict_current_topk": true, "project_active_experts": [0, 2, 3, 4, 6, 9, 10, 11, 14, 15, 16, 19, 20, 21, 22, 24]}
{"event": "split_lite_step", "task_id": 6, "batch": 5600, "projected": 16, "collected": 25, "mean_removed_ratio": 0.05674177757464349, "strict_current_topk": true, "project_active_experts": [0, 2, 3, 4, 6, 9, 10, 11, 14, 15, 16, 19, 20, 21, 22, 24]}
{"event": "split_lite_step", "task_id": 6, "batch": 5620, "projected": 16, "collected": 25, "mean_removed_ratio": 0.05189504206646234, "strict_current_topk": true, "project_active_experts": [0, 2, 3, 4, 6, 9, 10, 11, 14, 15, 16, 19, 20, 21, 22, 24]}
{"event": "split_lite_step", "task_id": 6, "batch": 5640, "projected": 16, "collected": 25, "mean_removed_ratio": 0.040928696165792644, "strict_current_topk": true, "project_active_experts": [0, 2, 3, 4, 6, 9, 10, 11, 14, 15, 16, 19, 20, 21, 22, 24]}
{"event": "split_lite_step", "task_id": 6, "batch": 5660, "projected": 16, "collected": 25, "mean_removed_ratio": 0.03506525885313749, "strict_current_topk": true, "project_active_experts": [0, 2, 3, 4, 6, 9, 10, 11, 14, 15, 16, 19, 20, 21, 22, 24]}
{"event": "split_lite_step", "task_id": 6, "batch": 5680, "projected": 16, "collected": 25, "mean_removed_ratio": 0.03285579138901085, "strict_current_topk": true, "project_active_experts": [0, 2, 3, 4, 6, 9, 10, 11, 14, 15, 16, 19, 20, 21, 22, 24]}
{"event": "split_lite_step", "task_id": 6, "batch": 5700, "projected": 16, "collected": 25, "mean_removed_ratio": 0.03908268013037741, "strict_current_topk": true, "project_active_experts": [0, 2, 3, 4, 6, 9, 10, 11, 14, 15, 16, 19, 20, 21, 22, 24]}
{"event": "split_lite_step", "task_id": 6, "batch": 5720, "projected": 16, "collected": 25, "mean_removed_ratio": 0.044940446270629764, "strict_current_topk": true, "project_active_experts": [0, 2, 3, 4, 6, 9, 10, 11, 14, 15, 16, 19, 20, 21, 22, 24]}
{"event": "split_lite_step", "task_id": 6, "batch": 5740, "projected": 16, "collected": 25, "mean_removed_ratio": 0.04324261925648898, "strict_current_topk": true, "project_active_experts": [0, 2, 3, 4, 6, 9, 10, 11, 14, 15, 16, 19, 20, 21, 22, 24]}
{"event": "split_lite_step", "task_id": 6, "batch": 5760, "projected": 16, "collected": 25, "mean_removed_ratio": 0.026551774353720248, "strict_current_topk": true, "project_active_experts": [0, 2, 3, 4, 6, 9, 10, 11, 14, 15, 16, 19, 20, 21, 22, 24]}
{"event": "split_lite_step", "task_id": 6, "batch": 5780, "projected": 16, "collected": 25, "mean_removed_ratio": 0.03468503931071609, "strict_current_topk": true, "project_active_experts": [0, 2, 3, 4, 6, 9, 10, 11, 14, 15, 16, 19, 20, 21, 22, 24]}
{"event": "split_lite_step", "task_id": 6, "batch": 5800, "projected": 16, "collected": 25, "mean_removed_ratio": 0.04842193756485358, "strict_current_topk": true, "project_active_experts": [0, 2, 3, 4, 6, 9, 10, 11, 14, 15, 16, 19, 20, 21, 22, 24]}
{"event": "split_lite_step", "task_id": 6, "batch": 5820, "projected": 16, "collected": 25, "mean_removed_ratio": 0.04325609281659126, "strict_current_topk": true, "project_active_experts": [0, 2, 3, 4, 6, 9, 10, 11, 14, 15, 16, 19, 20, 21, 22, 24]}
{"event": "split_lite_step", "task_id": 6, "batch": 5840, "projected": 16, "collected": 25, "mean_removed_ratio": 0.03626381867798045, "strict_current_topk": true, "project_active_experts": [0, 2, 3, 4, 6, 9, 10, 11, 14, 15, 16, 19, 20, 21, 22, 24]}
{"event": "split_lite_task_finish", "task_id": 6, "rank": 4, "alpha": 0.2, "interval": 20, "buffer_size": 24, "expert_threshold": 0.03, "active_topk": 16, "strict_current_topk": true, "active_experts": [0, 2, 3, 4, 6, 9, 10, 11, 14, 15, 16, 19, 20, 21, 22, 24], "usage": {"vector": [0.11000319570302963, 0.0, 0.09887105226516724, 0.06988564878702164, 0.04209912568330765, 0.0, 0.0700388103723526, 0.02636476792395115, 0.026366882026195526, 0.06437820196151733, 0.045311275869607925, 0.035102322697639465, 0.0, 0.01473194733262062, 0.04267268255352974, 0.10697906464338303, 0.03184792399406433, 0.0, 0.010560696013271809, 0.06428419053554535, 0.03163772076368332, 0.036969829350709915, 0.030973322689533234, 0.0, 0.04092137888073921], "top3": [0, 15, 2], "top5": [0, 15, 2, 6, 3], "top3_mass": 0.3158532977104187, "top5_mass": 0.45577776432037354, "entropy": 2.84287691116333, "max_entropy": 3.2188758248682006}, "basis_sizes": {"e_pv": {"0": 4, "2": 4, "3": 4, "4": 4, "6": 4, "9": 4, "10": 4, "11": 4, "14": 4, "15": 4, "16": 4, "19": 4, "20": 4, "21": 4, "22": 4, "24": 4}}, "stats": {"project_calls": 293, "projected_vectors": 3744, "collected_vectors": 7325, "skipped_steps": 5557}, "diagnostics": {"expert_usage_mode": "old_union", "previous_selected_jaccard": 1.0, "cp_overlap": null}}
{"event": "split_lite_step", "task_id": 7, "batch": 5860, "projected": 16, "collected": 25, "mean_removed_ratio": 0.049014627700671554, "strict_current_topk": true, "project_active_experts": [0, 2, 3, 4, 6, 9, 10, 11, 14, 15, 16, 19, 20, 21, 22, 24]}
{"event": "split_lite_step", "task_id": 7, "batch": 5880, "projected": 16, "collected": 25, "mean_removed_ratio": 0.050666339462623, "strict_current_topk": true, "project_active_experts": [0, 2, 3, 4, 6, 9, 10, 11, 14, 15, 16, 19, 20, 21, 22, 24]}
{"event": "split_lite_step", "task_id": 7, "batch": 5900, "projected": 16, "collected": 25, "mean_removed_ratio": 0.04136229807045311, "strict_current_topk": true, "project_active_experts": [0, 2, 3, 4, 6, 9, 10, 11, 14, 15, 16, 19, 20, 21, 22, 24]}
{"event": "split_lite_step", "task_id": 7, "batch": 5920, "projected": 16, "collected": 25, "mean_removed_ratio": 0.06075387564487755, "strict_current_topk": true, "project_active_experts": [0, 2, 3, 4, 6, 9, 10, 11, 14, 15, 16, 19, 20, 21, 22, 24]}
{"event": "split_lite_step", "task_id": 7, "batch": 5940, "projected": 16, "collected": 25, "mean_removed_ratio": 0.05839767539873719, "strict_current_topk": true, "project_active_experts": [0, 2, 3, 4, 6, 9, 10, 11, 14, 15, 16, 19, 20, 21, 22, 24]}
{"event": "split_lite_step", "task_id": 7, "batch": 5960, "projected": 16, "collected": 25, "mean_removed_ratio": 0.04888495407067239, "strict_current_topk": true, "project_active_experts": [0, 2, 3, 4, 6, 9, 10, 11, 14, 15, 16, 19, 20, 21, 22, 24]}
{"event": "split_lite_step", "task_id": 7, "batch": 5980, "projected": 16, "collected": 25, "mean_removed_ratio": 0.07534621842205524, "strict_current_topk": true, "project_active_experts": [0, 2, 3, 4, 6, 9, 10, 11, 14, 15, 16, 19, 20, 21, 22, 24]}
{"event": "split_lite_step", "task_id": 7, "batch": 6000, "projected": 16, "collected": 25, "mean_removed_ratio": 0.044157012191135436, "strict_current_topk": true, "project_active_experts": [0, 2, 3, 4, 6, 9, 10, 11, 14, 15, 16, 19, 20, 21, 22, 24]}
{"event": "split_lite_step", "task_id": 7, "batch": 6020, "projected": 16, "collected": 25, "mean_removed_ratio": 0.06428290321491659, "strict_current_topk": true, "project_active_experts": [0, 2, 3, 4, 6, 9, 10, 11, 14, 15, 16, 19, 20, 21, 22, 24]}
{"event": "split_lite_step", "task_id": 7, "batch": 6040, "projected": 16, "collected": 25, "mean_removed_ratio": 0.0318419667892158, "strict_current_topk": true, "project_active_experts": [0, 2, 3, 4, 6, 9, 10, 11, 14, 15, 16, 19, 20, 21, 22, 24]}
{"event": "split_lite_step", "task_id": 7, "batch": 6060, "projected": 16, "collected": 25, "mean_removed_ratio": 0.06349855195730925, "strict_current_topk": true, "project_active_experts": [0, 2, 3, 4, 6, 9, 10, 11, 14, 15, 16, 19, 20, 21, 22, 24]}
{"event": "split_lite_step", "task_id": 7, "batch": 6080, "projected": 16, "collected": 25, "mean_removed_ratio": 0.056998902233317494, "strict_current_topk": true, "project_active_experts": [0, 2, 3, 4, 6, 9, 10, 11, 14, 15, 16, 19, 20, 21, 22, 24]}
{"event": "split_lite_step", "task_id": 7, "batch": 6100, "projected": 16, "collected": 25, "mean_removed_ratio": 0.033944216440431774, "strict_current_topk": true, "project_active_experts": [0, 2, 3, 4, 6, 9, 10, 11, 14, 15, 16, 19, 20, 21, 22, 24]}
{"event": "split_lite_step", "task_id": 7, "batch": 6120, "projected": 16, "collected": 25, "mean_removed_ratio": 0.047067455656360835, "strict_current_topk": true, "project_active_experts": [0, 2, 3, 4, 6, 9, 10, 11, 14, 15, 16, 19, 20, 21, 22, 24]}
{"event": "split_lite_step", "task_id": 7, "batch": 6140, "projected": 16, "collected": 25, "mean_removed_ratio": 0.044119070982560515, "strict_current_topk": true, "project_active_experts": [0, 2, 3, 4, 6, 9, 10, 11, 14, 15, 16, 19, 20, 21, 22, 24]}
{"event": "split_lite_step", "task_id": 7, "batch": 6160, "projected": 16, "collected": 25, "mean_removed_ratio": 0.05163474346045405, "strict_current_topk": true, "project_active_experts": [0, 2, 3, 4, 6, 9, 10, 11, 14, 15, 16, 19, 20, 21, 22, 24]}
{"event": "split_lite_step", "task_id": 7, "batch": 6180, "projected": 16, "collected": 25, "mean_removed_ratio": 0.03695425286423415, "strict_current_topk": true, "project_active_experts": [0, 2, 3, 4, 6, 9, 10, 11, 14, 15, 16, 19, 20, 21, 22, 24]}
{"event": "split_lite_step", "task_id": 7, "batch": 6200, "projected": 16, "collected": 25, "mean_removed_ratio": 0.03921810060273856, "strict_current_topk": true, "project_active_experts": [0, 2, 3, 4, 6, 9, 10, 11, 14, 15, 16, 19, 20, 21, 22, 24]}
{"event": "split_lite_step", "task_id": 7, "batch": 6220, "projected": 16, "collected": 25, "mean_removed_ratio": 0.03476542036514729, "strict_current_topk": true, "project_active_experts": [0, 2, 3, 4, 6, 9, 10, 11, 14, 15, 16, 19, 20, 21, 22, 24]}
{"event": "split_lite_step", "task_id": 7, "batch": 6240, "projected": 16, "collected": 25, "mean_removed_ratio": 0.031325708667282015, "strict_current_topk": true, "project_active_experts": [0, 2, 3, 4, 6, 9, 10, 11, 14, 15, 16, 19, 20, 21, 22, 24]}
{"event": "split_lite_step", "task_id": 7, "batch": 6260, "projected": 16, "collected": 25, "mean_removed_ratio": 0.046800646930933, "strict_current_topk": true, "project_active_experts": [0, 2, 3, 4, 6, 9, 10, 11, 14, 15, 16, 19, 20, 21, 22, 24]}
{"event": "split_lite_step", "task_id": 7, "batch": 6280, "projected": 16, "collected": 25, "mean_removed_ratio": 0.04546658881008625, "strict_current_topk": true, "project_active_experts": [0, 2, 3, 4, 6, 9, 10, 11, 14, 15, 16, 19, 20, 21, 22, 24]}
{"event": "split_lite_step", "task_id": 7, "batch": 6300, "projected": 16, "collected": 25, "mean_removed_ratio": 0.05812559288460761, "strict_current_topk": true, "project_active_experts": [0, 2, 3, 4, 6, 9, 10, 11, 14, 15, 16, 19, 20, 21, 22, 24]}
{"event": "split_lite_step", "task_id": 7, "batch": 6320, "projected": 16, "collected": 25, "mean_removed_ratio": 0.048481404897756875, "strict_current_topk": true, "project_active_experts": [0, 2, 3, 4, 6, 9, 10, 11, 14, 15, 16, 19, 20, 21, 22, 24]}
{"event": "split_lite_step", "task_id": 7, "batch": 6340, "projected": 16, "collected": 25, "mean_removed_ratio": 0.049339381395839155, "strict_current_topk": true, "project_active_experts": [0, 2, 3, 4, 6, 9, 10, 11, 14, 15, 16, 19, 20, 21, 22, 24]}
{"event": "split_lite_step", "task_id": 7, "batch": 6360, "projected": 16, "collected": 25, "mean_removed_ratio": 0.03953197144437581, "strict_current_topk": true, "project_active_experts": [0, 2, 3, 4, 6, 9, 10, 11, 14, 15, 16, 19, 20, 21, 22, 24]}
{"event": "split_lite_step", "task_id": 7, "batch": 6380, "projected": 16, "collected": 25, "mean_removed_ratio": 0.04074013861827552, "strict_current_topk": true, "project_active_experts": [0, 2, 3, 4, 6, 9, 10, 11, 14, 15, 16, 19, 20, 21, 22, 24]}
{"event": "split_lite_step", "task_id": 7, "batch": 6400, "projected": 16, "collected": 25, "mean_removed_ratio": 0.04234490962699056, "strict_current_topk": true, "project_active_experts": [0, 2, 3, 4, 6, 9, 10, 11, 14, 15, 16, 19, 20, 21, 22, 24]}
{"event": "split_lite_step", "task_id": 7, "batch": 6420, "projected": 16, "collected": 25, "mean_removed_ratio": 0.0513366861268878, "strict_current_topk": true, "project_active_experts": [0, 2, 3, 4, 6, 9, 10, 11, 14, 15, 16, 19, 20, 21, 22, 24]}
{"event": "split_lite_step", "task_id": 7, "batch": 6440, "projected": 16, "collected": 25, "mean_removed_ratio": 0.041866054525598884, "strict_current_topk": true, "project_active_experts": [0, 2, 3, 4, 6, 9, 10, 11, 14, 15, 16, 19, 20, 21, 22, 24]}
{"event": "split_lite_step", "task_id": 7, "batch": 6460, "projected": 16, "collected": 25, "mean_removed_ratio": 0.050126959569752216, "strict_current_topk": true, "project_active_experts": [0, 2, 3, 4, 6, 9, 10, 11, 14, 15, 16, 19, 20, 21, 22, 24]}
{"event": "split_lite_step", "task_id": 7, "batch": 6480, "projected": 16, "collected": 25, "mean_removed_ratio": 0.05935914162546396, "strict_current_topk": true, "project_active_experts": [0, 2, 3, 4, 6, 9, 10, 11, 14, 15, 16, 19, 20, 21, 22, 24]}
{"event": "split_lite_step", "task_id": 7, "batch": 6500, "projected": 16, "collected": 25, "mean_removed_ratio": 0.04957891860976815, "strict_current_topk": true, "project_active_experts": [0, 2, 3, 4, 6, 9, 10, 11, 14, 15, 16, 19, 20, 21, 22, 24]}
{"event": "split_lite_step", "task_id": 7, "batch": 6520, "projected": 16, "collected": 25, "mean_removed_ratio": 0.055353121482767165, "strict_current_topk": true, "project_active_experts": [0, 2, 3, 4, 6, 9, 10, 11, 14, 15, 16, 19, 20, 21, 22, 24]}
{"event": "split_lite_step", "task_id": 7, "batch": 6540, "projected": 16, "collected": 25, "mean_removed_ratio": 0.05309922876767814, "strict_current_topk": true, "project_active_experts": [0, 2, 3, 4, 6, 9, 10, 11, 14, 15, 16, 19, 20, 21, 22, 24]}
{"event": "split_lite_step", "task_id": 7, "batch": 6560, "projected": 16, "collected": 25, "mean_removed_ratio": 0.05142499308567494, "strict_current_topk": true, "project_active_experts": [0, 2, 3, 4, 6, 9, 10, 11, 14, 15, 16, 19, 20, 21, 22, 24]}
{"event": "split_lite_step", "task_id": 7, "batch": 6580, "projected": 16, "collected": 25, "mean_removed_ratio": 0.03968900558538735, "strict_current_topk": true, "project_active_experts": [0, 2, 3, 4, 6, 9, 10, 11, 14, 15, 16, 19, 20, 21, 22, 24]}
{"event": "split_lite_step", "task_id": 7, "batch": 6600, "projected": 16, "collected": 25, "mean_removed_ratio": 0.03948964283335954, "strict_current_topk": true, "project_active_experts": [0, 2, 3, 4, 6, 9, 10, 11, 14, 15, 16, 19, 20, 21, 22, 24]}
{"event": "split_lite_step", "task_id": 7, "batch": 6620, "projected": 16, "collected": 25, "mean_removed_ratio": 0.05961467407178134, "strict_current_topk": true, "project_active_experts": [0, 2, 3, 4, 6, 9, 10, 11, 14, 15, 16, 19, 20, 21, 22, 24]}
{"event": "split_lite_task_finish", "task_id": 7, "rank": 4, "alpha": 0.2, "interval": 20, "buffer_size": 24, "expert_threshold": 0.03, "active_topk": 16, "strict_current_topk": true, "active_experts": [0, 2, 3, 4, 6, 7, 9, 10, 11, 14, 15, 19, 20, 21, 22, 24], "usage": {"vector": [0.10951798409223557, 0.0, 0.10014831274747849, 0.06918266415596008, 0.045784659683704376, 0.0, 0.06567144393920898, 0.030669596046209335, 0.022950252518057823, 0.06617436558008194, 0.04849139228463173, 0.03514343500137329, 0.0, 0.012822977267205715, 0.041732825338840485, 0.11047784984111786, 0.027721058577299118, 0.0, 0.013838923536241055, 0.06370023638010025, 0.03213513270020485, 0.03676895052194595, 0.03144925832748413, 0.0, 0.035618774592876434], "top3": [15, 0, 2], "top5": [15, 0, 2, 3, 9], "top3_mass": 0.3201441466808319, "top5_mass": 0.4555011987686157, "entropy": 2.8404269218444824, "max_entropy": 3.2188758248682006}, "basis_sizes": {"e_pv": {"0": 4, "2": 4, "3": 4, "4": 4, "6": 4, "7": 4, "9": 4, "10": 4, "11": 4, "14": 4, "15": 4, "19": 4, "20": 4, "21": 4, "22": 4, "24": 4}}, "stats": {"project_calls": 332, "projected_vectors": 4368, "collected_vectors": 8300, "skipped_steps": 6298}, "diagnostics": {"expert_usage_mode": "old_union", "previous_selected_jaccard": 0.8823529411764706, "cp_overlap": null}}
{"event": "split_lite_step", "task_id": 8, "batch": 6640, "projected": 16, "collected": 25, "mean_removed_ratio": 0.06618259870447218, "strict_current_topk": true, "project_active_experts": [0, 2, 3, 4, 6, 7, 9, 10, 11, 14, 15, 19, 20, 21, 22, 24]}
{"event": "split_lite_step", "task_id": 8, "batch": 6660, "projected": 16, "collected": 25, "mean_removed_ratio": 0.06212238554144278, "strict_current_topk": true, "project_active_experts": [0, 2, 3, 4, 6, 7, 9, 10, 11, 14, 15, 19, 20, 21, 22, 24]}
{"event": "split_lite_step", "task_id": 8, "batch": 6680, "projected": 16, "collected": 25, "mean_removed_ratio": 0.03754284721799195, "strict_current_topk": true, "project_active_experts": [0, 2, 3, 4, 6, 7, 9, 10, 11, 14, 15, 19, 20, 21, 22, 24]}
{"event": "split_lite_step", "task_id": 8, "batch": 6700, "projected": 16, "collected": 25, "mean_removed_ratio": 0.05568870855495334, "strict_current_topk": true, "project_active_experts": [0, 2, 3, 4, 6, 7, 9, 10, 11, 14, 15, 19, 20, 21, 22, 24]}
{"event": "split_lite_step", "task_id": 8, "batch": 6720, "projected": 16, "collected": 25, "mean_removed_ratio": 0.06709412136115134, "strict_current_topk": true, "project_active_experts": [0, 2, 3, 4, 6, 7, 9, 10, 11, 14, 15, 19, 20, 21, 22, 24]}
{"event": "split_lite_step", "task_id": 8, "batch": 6740, "projected": 16, "collected": 25, "mean_removed_ratio": 0.033097348059527576, "strict_current_topk": true, "project_active_experts": [0, 2, 3, 4, 6, 7, 9, 10, 11, 14, 15, 19, 20, 21, 22, 24]}
{"event": "split_lite_step", "task_id": 8, "batch": 6760, "projected": 16, "collected": 25, "mean_removed_ratio": 0.04886395309586078, "strict_current_topk": true, "project_active_experts": [0, 2, 3, 4, 6, 7, 9, 10, 11, 14, 15, 19, 20, 21, 22, 24]}
{"event": "split_lite_step", "task_id": 8, "batch": 6780, "projected": 16, "collected": 25, "mean_removed_ratio": 0.046247548481915146, "strict_current_topk": true, "project_active_experts": [0, 2, 3, 4, 6, 7, 9, 10, 11, 14, 15, 19, 20, 21, 22, 24]}
{"event": "split_lite_step", "task_id": 8, "batch": 6800, "projected": 16, "collected": 25, "mean_removed_ratio": 0.047192445141263306, "strict_current_topk": true, "project_active_experts": [0, 2, 3, 4, 6, 7, 9, 10, 11, 14, 15, 19, 20, 21, 22, 24]}
{"event": "split_lite_step", "task_id": 8, "batch": 6820, "projected": 16, "collected": 25, "mean_removed_ratio": 0.032418078219052404, "strict_current_topk": true, "project_active_experts": [0, 2, 3, 4, 6, 7, 9, 10, 11, 14, 15, 19, 20, 21, 22, 24]}
{"event": "split_lite_step", "task_id": 8, "batch": 6840, "projected": 16, "collected": 25, "mean_removed_ratio": 0.04977417830377817, "strict_current_topk": true, "project_active_experts": [0, 2, 3, 4, 6, 7, 9, 10, 11, 14, 15, 19, 20, 21, 22, 24]}
{"event": "split_lite_step", "task_id": 8, "batch": 6860, "projected": 16, "collected": 25, "mean_removed_ratio": 0.05201025406131521, "strict_current_topk": true, "project_active_experts": [0, 2, 3, 4, 6, 7, 9, 10, 11, 14, 15, 19, 20, 21, 22, 24]}
{"event": "split_lite_step", "task_id": 8, "batch": 6880, "projected": 16, "collected": 25, "mean_removed_ratio": 0.045924851088784635, "strict_current_topk": true, "project_active_experts": [0, 2, 3, 4, 6, 7, 9, 10, 11, 14, 15, 19, 20, 21, 22, 24]}
{"event": "split_lite_step", "task_id": 8, "batch": 6900, "projected": 16, "collected": 25, "mean_removed_ratio": 0.05184472765540704, "strict_current_topk": true, "project_active_experts": [0, 2, 3, 4, 6, 7, 9, 10, 11, 14, 15, 19, 20, 21, 22, 24]}
{"event": "split_lite_step", "task_id": 8, "batch": 6920, "projected": 16, "collected": 25, "mean_removed_ratio": 0.06992855860153213, "strict_current_topk": true, "project_active_experts": [0, 2, 3, 4, 6, 7, 9, 10, 11, 14, 15, 19, 20, 21, 22, 24]}
{"event": "split_lite_step", "task_id": 8, "batch": 6940, "projected": 16, "collected": 25, "mean_removed_ratio": 0.04031232447596267, "strict_current_topk": true, "project_active_experts": [0, 2, 3, 4, 6, 7, 9, 10, 11, 14, 15, 19, 20, 21, 22, 24]}
{"event": "split_lite_step", "task_id": 8, "batch": 6960, "projected": 16, "collected": 25, "mean_removed_ratio": 0.04323177455808036, "strict_current_topk": true, "project_active_experts": [0, 2, 3, 4, 6, 7, 9, 10, 11, 14, 15, 19, 20, 21, 22, 24]}
{"event": "split_lite_step", "task_id": 8, "batch": 6980, "projected": 16, "collected": 25, "mean_removed_ratio": 0.07090022368356586, "strict_current_topk": true, "project_active_experts": [0, 2, 3, 4, 6, 7, 9, 10, 11, 14, 15, 19, 20, 21, 22, 24]}
{"event": "split_lite_step", "task_id": 8, "batch": 7000, "projected": 16, "collected": 25, "mean_removed_ratio": 0.03487428632797673, "strict_current_topk": true, "project_active_experts": [0, 2, 3, 4, 6, 7, 9, 10, 11, 14, 15, 19, 20, 21, 22, 24]}
{"event": "split_lite_step", "task_id": 8, "batch": 7020, "projected": 16, "collected": 25, "mean_removed_ratio": 0.02539650848484598, "strict_current_topk": true, "project_active_experts": [0, 2, 3, 4, 6, 7, 9, 10, 11, 14, 15, 19, 20, 21, 22, 24]}
{"event": "split_lite_step", "task_id": 8, "batch": 7040, "projected": 16, "collected": 25, "mean_removed_ratio": 0.049049996421672404, "strict_current_topk": true, "project_active_experts": [0, 2, 3, 4, 6, 7, 9, 10, 11, 14, 15, 19, 20, 21, 22, 24]}
{"event": "split_lite_step", "task_id": 8, "batch": 7060, "projected": 16, "collected": 25, "mean_removed_ratio": 0.07032319926656783, "strict_current_topk": true, "project_active_experts": [0, 2, 3, 4, 6, 7, 9, 10, 11, 14, 15, 19, 20, 21, 22, 24]}
{"event": "split_lite_step", "task_id": 8, "batch": 7080, "projected": 16, "collected": 25, "mean_removed_ratio": 0.043254419695585966, "strict_current_topk": true, "project_active_experts": [0, 2, 3, 4, 6, 7, 9, 10, 11, 14, 15, 19, 20, 21, 22, 24]}
{"event": "split_lite_step", "task_id": 8, "batch": 7100, "projected": 16, "collected": 25, "mean_removed_ratio": 0.04739153063565027, "strict_current_topk": true, "project_active_experts": [0, 2, 3, 4, 6, 7, 9, 10, 11, 14, 15, 19, 20, 21, 22, 24]}
{"event": "split_lite_step", "task_id": 8, "batch": 7120, "projected": 16, "collected": 25, "mean_removed_ratio": 0.03775164519902319, "strict_current_topk": true, "project_active_experts": [0, 2, 3, 4, 6, 7, 9, 10, 11, 14, 15, 19, 20, 21, 22, 24]}
{"event": "split_lite_step", "task_id": 8, "batch": 7140, "projected": 16, "collected": 25, "mean_removed_ratio": 0.04850223328685388, "strict_current_topk": true, "project_active_experts": [0, 2, 3, 4, 6, 7, 9, 10, 11, 14, 15, 19, 20, 21, 22, 24]}
{"event": "split_lite_step", "task_id": 8, "batch": 7160, "projected": 16, "collected": 25, "mean_removed_ratio": 0.03403326350962743, "strict_current_topk": true, "project_active_experts": [0, 2, 3, 4, 6, 7, 9, 10, 11, 14, 15, 19, 20, 21, 22, 24]}
{"event": "split_lite_step", "task_id": 8, "batch": 7180, "projected": 16, "collected": 25, "mean_removed_ratio": 0.057210192186175846, "strict_current_topk": true, "project_active_experts": [0, 2, 3, 4, 6, 7, 9, 10, 11, 14, 15, 19, 20, 21, 22, 24]}
{"event": "split_lite_step", "task_id": 8, "batch": 7200, "projected": 16, "collected": 25, "mean_removed_ratio": 0.047494869271758944, "strict_current_topk": true, "project_active_experts": [0, 2, 3, 4, 6, 7, 9, 10, 11, 14, 15, 19, 20, 21, 22, 24]}
{"event": "split_lite_step", "task_id": 8, "batch": 7220, "projected": 16, "collected": 25, "mean_removed_ratio": 0.04337292042328045, "strict_current_topk": true, "project_active_experts": [0, 2, 3, 4, 6, 7, 9, 10, 11, 14, 15, 19, 20, 21, 22, 24]}
{"event": "split_lite_step", "task_id": 8, "batch": 7240, "projected": 16, "collected": 25, "mean_removed_ratio": 0.07105452235555276, "strict_current_topk": true, "project_active_experts": [0, 2, 3, 4, 6, 7, 9, 10, 11, 14, 15, 19, 20, 21, 22, 24]}
{"event": "split_lite_step", "task_id": 8, "batch": 7260, "projected": 16, "collected": 25, "mean_removed_ratio": 0.040062286891043186, "strict_current_topk": true, "project_active_experts": [0, 2, 3, 4, 6, 7, 9, 10, 11, 14, 15, 19, 20, 21, 22, 24]}
{"event": "split_lite_step", "task_id": 8, "batch": 7280, "projected": 16, "collected": 25, "mean_removed_ratio": 0.05587230494711548, "strict_current_topk": true, "project_active_experts": [0, 2, 3, 4, 6, 7, 9, 10, 11, 14, 15, 19, 20, 21, 22, 24]}
{"event": "split_lite_step", "task_id": 8, "batch": 7300, "projected": 16, "collected": 25, "mean_removed_ratio": 0.041655724111478776, "strict_current_topk": true, "project_active_experts": [0, 2, 3, 4, 6, 7, 9, 10, 11, 14, 15, 19, 20, 21, 22, 24]}
{"event": "split_lite_step", "task_id": 8, "batch": 7320, "projected": 16, "collected": 25, "mean_removed_ratio": 0.039524404317489825, "strict_current_topk": true, "project_active_experts": [0, 2, 3, 4, 6, 7, 9, 10, 11, 14, 15, 19, 20, 21, 22, 24]}
{"event": "split_lite_step", "task_id": 8, "batch": 7340, "projected": 16, "collected": 25, "mean_removed_ratio": 0.03734574926784262, "strict_current_topk": true, "project_active_experts": [0, 2, 3, 4, 6, 7, 9, 10, 11, 14, 15, 19, 20, 21, 22, 24]}
{"event": "split_lite_step", "task_id": 8, "batch": 7360, "projected": 16, "collected": 25, "mean_removed_ratio": 0.05078427598346025, "strict_current_topk": true, "project_active_experts": [0, 2, 3, 4, 6, 7, 9, 10, 11, 14, 15, 19, 20, 21, 22, 24]}
{"event": "split_lite_step", "task_id": 8, "batch": 7380, "projected": 16, "collected": 25, "mean_removed_ratio": 0.045577224882435985, "strict_current_topk": true, "project_active_experts": [0, 2, 3, 4, 6, 7, 9, 10, 11, 14, 15, 19, 20, 21, 22, 24]}
{"event": "split_lite_step", "task_id": 8, "batch": 7400, "projected": 16, "collected": 25, "mean_removed_ratio": 0.034973220725078136, "strict_current_topk": true, "project_active_experts": [0, 2, 3, 4, 6, 7, 9, 10, 11, 14, 15, 19, 20, 21, 22, 24]}
{"event": "split_lite_task_finish", "task_id": 8, "rank": 4, "alpha": 0.2, "interval": 20, "buffer_size": 24, "expert_threshold": 0.03, "active_topk": 16, "strict_current_topk": true, "active_experts": [0, 2, 3, 4, 6, 7, 9, 10, 11, 14, 15, 16, 19, 20, 21, 22], "usage": {"vector": [0.10894812643527985, 0.0, 0.10060562193393707, 0.06882807612419128, 0.048571426421403885, 0.0, 0.06266462802886963, 0.03521269932389259, 0.020281020551919937, 0.06658970564603806, 0.046829476952552795, 0.03511195257306099, 0.0, 0.011331599205732346, 0.0409349650144577, 0.11380266398191452, 0.0315273143351078, 0.0, 0.012229385785758495, 0.06426195800304413, 0.03245353326201439, 0.03654841333627701, 0.03179136663675308, 0.0, 0.03147612884640694], "top3": [15, 0, 2], "top5": [15, 0, 2, 3, 9], "top3_mass": 0.32335638999938965, "top5_mass": 0.4587741792201996, "entropy": 2.834336757659912, "max_entropy": 3.2188758248682006}, "basis_sizes": {"e_pv": {"0": 4, "2": 4, "3": 4, "4": 4, "6": 4, "7": 4, "9": 4, "10": 4, "11": 4, "14": 4, "15": 4, "16": 4, "19": 4, "20": 4, "21": 4, "22": 4}}, "stats": {"project_calls": 371, "projected_vectors": 4992, "collected_vectors": 9275, "skipped_steps": 7039}, "diagnostics": {"expert_usage_mode": "old_union", "previous_selected_jaccard": 0.8823529411764706, "cp_overlap": null}}
{"event": "split_lite_step", "task_id": 9, "batch": 7420, "projected": 16, "collected": 25, "mean_removed_ratio": 0.03665859659668058, "strict_current_topk": true, "project_active_experts": [0, 2, 3, 4, 6, 7, 9, 10, 11, 14, 15, 16, 19, 20, 21, 22]}
{"event": "split_lite_step", "task_id": 9, "batch": 7440, "projected": 16, "collected": 25, "mean_removed_ratio": 0.035944751056376845, "strict_current_topk": true, "project_active_experts": [0, 2, 3, 4, 6, 7, 9, 10, 11, 14, 15, 16, 19, 20, 21, 22]}
{"event": "split_lite_step", "task_id": 9, "batch": 7460, "projected": 16, "collected": 25, "mean_removed_ratio": 0.03643252181063872, "strict_current_topk": true, "project_active_experts": [0, 2, 3, 4, 6, 7, 9, 10, 11, 14, 15, 16, 19, 20, 21, 22]}
{"event": "split_lite_step", "task_id": 9, "batch": 7480, "projected": 16, "collected": 25, "mean_removed_ratio": 0.043926008278504014, "strict_current_topk": true, "project_active_experts": [0, 2, 3, 4, 6, 7, 9, 10, 11, 14, 15, 16, 19, 20, 21, 22]}
{"event": "split_lite_step", "task_id": 9, "batch": 7500, "projected": 16, "collected": 25, "mean_removed_ratio": 0.04594974924111739, "strict_current_topk": true, "project_active_experts": [0, 2, 3, 4, 6, 7, 9, 10, 11, 14, 15, 16, 19, 20, 21, 22]}
{"event": "split_lite_step", "task_id": 9, "batch": 7520, "projected": 16, "collected": 25, "mean_removed_ratio": 0.03776865440886468, "strict_current_topk": true, "project_active_experts": [0, 2, 3, 4, 6, 7, 9, 10, 11, 14, 15, 16, 19, 20, 21, 22]}
{"event": "split_lite_step", "task_id": 9, "batch": 7540, "projected": 16, "collected": 25, "mean_removed_ratio": 0.053251937963068485, "strict_current_topk": true, "project_active_experts": [0, 2, 3, 4, 6, 7, 9, 10, 11, 14, 15, 16, 19, 20, 21, 22]}
{"event": "split_lite_step", "task_id": 9, "batch": 7560, "projected": 16, "collected": 25, "mean_removed_ratio": 0.053952996619045734, "strict_current_topk": true, "project_active_experts": [0, 2, 3, 4, 6, 7, 9, 10, 11, 14, 15, 16, 19, 20, 21, 22]}
{"event": "split_lite_step", "task_id": 9, "batch": 7580, "projected": 16, "collected": 25, "mean_removed_ratio": 0.04290731210494414, "strict_current_topk": true, "project_active_experts": [0, 2, 3, 4, 6, 7, 9, 10, 11, 14, 15, 16, 19, 20, 21, 22]}
{"event": "split_lite_step", "task_id": 9, "batch": 7600, "projected": 16, "collected": 25, "mean_removed_ratio": 0.04275903198868036, "strict_current_topk": true, "project_active_experts": [0, 2, 3, 4, 6, 7, 9, 10, 11, 14, 15, 16, 19, 20, 21, 22]}
{"event": "split_lite_step", "task_id": 9, "batch": 7620, "projected": 16, "collected": 25, "mean_removed_ratio": 0.046118879807181656, "strict_current_topk": true, "project_active_experts": [0, 2, 3, 4, 6, 7, 9, 10, 11, 14, 15, 16, 19, 20, 21, 22]}
{"event": "split_lite_step", "task_id": 9, "batch": 7640, "projected": 16, "collected": 25, "mean_removed_ratio": 0.06556659960187972, "strict_current_topk": true, "project_active_experts": [0, 2, 3, 4, 6, 7, 9, 10, 11, 14, 15, 16, 19, 20, 21, 22]}
{"event": "split_lite_step", "task_id": 9, "batch": 7660, "projected": 16, "collected": 25, "mean_removed_ratio": 0.04611263738479465, "strict_current_topk": true, "project_active_experts": [0, 2, 3, 4, 6, 7, 9, 10, 11, 14, 15, 16, 19, 20, 21, 22]}
{"event": "split_lite_step", "task_id": 9, "batch": 7680, "projected": 16, "collected": 25, "mean_removed_ratio": 0.051738691283389926, "strict_current_topk": true, "project_active_experts": [0, 2, 3, 4, 6, 7, 9, 10, 11, 14, 15, 16, 19, 20, 21, 22]}
{"event": "split_lite_step", "task_id": 9, "batch": 7700, "projected": 16, "collected": 25, "mean_removed_ratio": 0.05293344531673938, "strict_current_topk": true, "project_active_experts": [0, 2, 3, 4, 6, 7, 9, 10, 11, 14, 15, 16, 19, 20, 21, 22]}
{"event": "split_lite_step", "task_id": 9, "batch": 7720, "projected": 16, "collected": 25, "mean_removed_ratio": 0.04314238380175084, "strict_current_topk": true, "project_active_experts": [0, 2, 3, 4, 6, 7, 9, 10, 11, 14, 15, 16, 19, 20, 21, 22]}
{"event": "split_lite_step", "task_id": 9, "batch": 7740, "projected": 16, "collected": 25, "mean_removed_ratio": 0.048151981201954186, "strict_current_topk": true, "project_active_experts": [0, 2, 3, 4, 6, 7, 9, 10, 11, 14, 15, 16, 19, 20, 21, 22]}
{"event": "split_lite_step", "task_id": 9, "batch": 7760, "projected": 16, "collected": 25, "mean_removed_ratio": 0.06318732653744519, "strict_current_topk": true, "project_active_experts": [0, 2, 3, 4, 6, 7, 9, 10, 11, 14, 15, 16, 19, 20, 21, 22]}
{"event": "split_lite_step", "task_id": 9, "batch": 7780, "projected": 16, "collected": 25, "mean_removed_ratio": 0.041506823035888374, "strict_current_topk": true, "project_active_experts": [0, 2, 3, 4, 6, 7, 9, 10, 11, 14, 15, 16, 19, 20, 21, 22]}
{"event": "split_lite_step", "task_id": 9, "batch": 7800, "projected": 16, "collected": 25, "mean_removed_ratio": 0.04181461106054485, "strict_current_topk": true, "project_active_experts": [0, 2, 3, 4, 6, 7, 9, 10, 11, 14, 15, 16, 19, 20, 21, 22]}
{"event": "split_lite_step", "task_id": 9, "batch": 7820, "projected": 16, "collected": 25, "mean_removed_ratio": 0.0516504148254171, "strict_current_topk": true, "project_active_experts": [0, 2, 3, 4, 6, 7, 9, 10, 11, 14, 15, 16, 19, 20, 21, 22]}
{"event": "split_lite_step", "task_id": 9, "batch": 7840, "projected": 16, "collected": 25, "mean_removed_ratio": 0.03420038288459182, "strict_current_topk": true, "project_active_experts": [0, 2, 3, 4, 6, 7, 9, 10, 11, 14, 15, 16, 19, 20, 21, 22]}
{"event": "split_lite_step", "task_id": 9, "batch": 7860, "projected": 16, "collected": 25, "mean_removed_ratio": 0.07200393779203296, "strict_current_topk": true, "project_active_experts": [0, 2, 3, 4, 6, 7, 9, 10, 11, 14, 15, 16, 19, 20, 21, 22]}
{"event": "split_lite_step", "task_id": 9, "batch": 7880, "projected": 16, "collected": 25, "mean_removed_ratio": 0.05015871534124017, "strict_current_topk": true, "project_active_experts": [0, 2, 3, 4, 6, 7, 9, 10, 11, 14, 15, 16, 19, 20, 21, 22]}
{"event": "split_lite_step", "task_id": 9, "batch": 7900, "projected": 16, "collected": 25, "mean_removed_ratio": 0.04840649082325399, "strict_current_topk": true, "project_active_experts": [0, 2, 3, 4, 6, 7, 9, 10, 11, 14, 15, 16, 19, 20, 21, 22]}
{"event": "split_lite_step", "task_id": 9, "batch": 7920, "projected": 16, "collected": 25, "mean_removed_ratio": 0.045487769646570086, "strict_current_topk": true, "project_active_experts": [0, 2, 3, 4, 6, 7, 9, 10, 11, 14, 15, 16, 19, 20, 21, 22]}
{"event": "split_lite_step", "task_id": 9, "batch": 7940, "projected": 16, "collected": 25, "mean_removed_ratio": 0.05028858454898, "strict_current_topk": true, "project_active_experts": [0, 2, 3, 4, 6, 7, 9, 10, 11, 14, 15, 16, 19, 20, 21, 22]}
{"event": "split_lite_step", "task_id": 9, "batch": 7960, "projected": 16, "collected": 25, "mean_removed_ratio": 0.050892969011329114, "strict_current_topk": true, "project_active_experts": [0, 2, 3, 4, 6, 7, 9, 10, 11, 14, 15, 16, 19, 20, 21, 22]}
{"event": "split_lite_step", "task_id": 9, "batch": 7980, "projected": 16, "collected": 25, "mean_removed_ratio": 0.05375326960347593, "strict_current_topk": true, "project_active_experts": [0, 2, 3, 4, 6, 7, 9, 10, 11, 14, 15, 16, 19, 20, 21, 22]}
{"event": "split_lite_step", "task_id": 9, "batch": 8000, "projected": 16, "collected": 25, "mean_removed_ratio": 0.039198232232593, "strict_current_topk": true, "project_active_experts": [0, 2, 3, 4, 6, 7, 9, 10, 11, 14, 15, 16, 19, 20, 21, 22]}
{"event": "split_lite_step", "task_id": 9, "batch": 8020, "projected": 16, "collected": 25, "mean_removed_ratio": 0.0906123286113143, "strict_current_topk": true, "project_active_experts": [0, 2, 3, 4, 6, 7, 9, 10, 11, 14, 15, 16, 19, 20, 21, 22]}
{"event": "split_lite_step", "task_id": 9, "batch": 8040, "projected": 16, "collected": 25, "mean_removed_ratio": 0.042152398091275245, "strict_current_topk": true, "project_active_experts": [0, 2, 3, 4, 6, 7, 9, 10, 11, 14, 15, 16, 19, 20, 21, 22]}
{"event": "split_lite_step", "task_id": 9, "batch": 8060, "projected": 16, "collected": 25, "mean_removed_ratio": 0.05282438057474792, "strict_current_topk": true, "project_active_experts": [0, 2, 3, 4, 6, 7, 9, 10, 11, 14, 15, 16, 19, 20, 21, 22]}
{"event": "split_lite_step", "task_id": 9, "batch": 8080, "projected": 16, "collected": 25, "mean_removed_ratio": 0.03385924128815532, "strict_current_topk": true, "project_active_experts": [0, 2, 3, 4, 6, 7, 9, 10, 11, 14, 15, 16, 19, 20, 21, 22]}
{"event": "split_lite_step", "task_id": 9, "batch": 8100, "projected": 16, "collected": 25, "mean_removed_ratio": 0.044367851107381284, "strict_current_topk": true, "project_active_experts": [0, 2, 3, 4, 6, 7, 9, 10, 11, 14, 15, 16, 19, 20, 21, 22]}
{"event": "split_lite_step", "task_id": 9, "batch": 8120, "projected": 16, "collected": 25, "mean_removed_ratio": 0.04908050096128136, "strict_current_topk": true, "project_active_experts": [0, 2, 3, 4, 6, 7, 9, 10, 11, 14, 15, 16, 19, 20, 21, 22]}
{"event": "split_lite_step", "task_id": 9, "batch": 8140, "projected": 16, "collected": 25, "mean_removed_ratio": 0.056973217986524105, "strict_current_topk": true, "project_active_experts": [0, 2, 3, 4, 6, 7, 9, 10, 11, 14, 15, 16, 19, 20, 21, 22]}
{"event": "split_lite_step", "task_id": 9, "batch": 8160, "projected": 16, "collected": 25, "mean_removed_ratio": 0.05844488809816539, "strict_current_topk": true, "project_active_experts": [0, 2, 3, 4, 6, 7, 9, 10, 11, 14, 15, 16, 19, 20, 21, 22]}
{"event": "split_lite_step", "task_id": 9, "batch": 8180, "projected": 16, "collected": 25, "mean_removed_ratio": 0.03858039283659309, "strict_current_topk": true, "project_active_experts": [0, 2, 3, 4, 6, 7, 9, 10, 11, 14, 15, 16, 19, 20, 21, 22]}
{"event": "split_lite_task_finish", "task_id": 9, "rank": 4, "alpha": 0.2, "interval": 20, "buffer_size": 24, "expert_threshold": 0.03, "active_topk": 16, "strict_current_topk": true, "active_experts": [0, 2, 3, 4, 6, 7, 9, 10, 11, 14, 15, 16, 19, 20, 21, 22], "usage": {"vector": [0.10869049280881882, 0.0, 0.10122717171907425, 0.0686754435300827, 0.05086805298924446, 0.0, 0.05996022745966911, 0.03885500878095627, 0.01820039004087448, 0.06502910703420639, 0.0473281554877758, 0.035149600356817245, 0.0, 0.010169089771807194, 0.040375228971242905, 0.11668241769075394, 0.03289952874183655, 0.0, 0.014961621724069118, 0.06494889408349991, 0.03276390954852104, 0.03643869608640671, 0.028529886156320572, 0.0, 0.028246989473700523], "top3": [15, 0, 2], "top5": [15, 0, 2, 3, 9], "top3_mass": 0.3266000747680664, "top5_mass": 0.4603046178817749, "entropy": 2.830756425857544, "max_entropy": 3.2188758248682006}, "basis_sizes": {"e_pv": {"0": 4, "2": 4, "3": 4, "4": 4, "6": 4, "7": 4, "9": 4, "10": 4, "11": 4, "14": 4, "15": 4, "16": 4, "19": 4, "20": 4, "21": 4, "22": 4}}, "stats": {"project_calls": 410, "projected_vectors": 5616, "collected_vectors": 10250, "skipped_steps": 7780}, "diagnostics": {"expert_usage_mode": "old_union", "previous_selected_jaccard": 1.0, "cp_overlap": null}}
