原有
************************************
* STARTING TRIAL 1
************************************
=============================================
Shuffling....
pre-shuffle:[0, 1, 2, 3, 4, 5, 6, 7, 8, 9, 10, 11, 12, 13, 14, 15, 16, 17, 18, 19, 20, 21, 22, 23, 24, 25, 26, 27, 28, 29, 30, 31, 32, 33, 34, 35, 36, 37, 38, 39, 40, 41, 42, 43, 44, 45, 46, 47, 48, 49, 50, 51, 52, 53, 54, 55, 56, 57, 58, 59, 60, 61, 62, 63, 64, 65, 66, 67, 68, 69, 70, 71, 72, 73, 74, 75, 76, 77, 78, 79, 80, 81, 82, 83, 84, 85, 86, 87, 88, 89, 90, 91, 92, 93, 94, 95, 96, 97, 98, 99]
post-shuffle:[23, 8, 11, 7, 48, 13, 1, 91, 94, 54, 16, 63, 52, 41, 80, 2, 47, 87, 78, 66, 19, 6, 24, 10, 59, 30, 22, 29, 83, 37, 93, 81, 43, 99, 86, 28, 34, 88, 44, 14, 84, 70, 4, 20, 15, 21, 31, 76, 57, 67, 73, 50, 69, 25, 98, 46, 96, 0, 72, 35, 58, 92, 3, 95, 56, 90, 26, 40, 55, 89, 75, 71, 60, 42, 9, 82, 39, 18, 77, 68, 32, 79, 12, 85, 36, 17, 64, 27, 74, 45, 61, 38, 51, 62, 65, 33, 5, 53, 97, 49]
=============================================
Files already downloaded and verified
Loading sup1k from pretrained/vit_base_patch16_224_augreg2_in21k_ft_in1k.bin ...
Total params: 86105956
Tune params: 307300
Tune ratio: 0.36
Prompt params: 230400
Prompt ratio: 0.27
Total parameters: 86105956
====================== 1 =======================
Incremental class: Old valid output dimension: 0
Incremental class: New Valid output dimension: 10
Optimizer is reset!
Total params: 86105956
Tune params: 307300
Tune ratio: 0.36
Prompt params: 230400
Prompt ratio: 0.27
----------
Initial training...
Optimizer is reset!
Total params: 86105956
Tune params: 307300
Tune ratio: 0.36
Prompt params: 230400
Prompt ratio: 0.27
Epoch:1/10  * Loss 2.145 | Train Acc 28.425
Epoch:2/10  * Loss 2.112 | Train Acc 30.709
Epoch:3/10  * Loss 0.699 | Train Acc 78.486
Epoch:4/10  * Loss 0.267 | Train Acc 92.087
Epoch:5/10  * Loss 0.215 | Train Acc 93.149
Epoch:6/10  * Loss 0.177 | Train Acc 94.471
Epoch:7/10  * Loss 0.187 | Train Acc 94.111
Epoch:8/10  * Loss 0.154 | Train Acc 95.132
Epoch:9/10  * Loss 0.157 | Train Acc 94.892
Epoch:10/10  * Loss 0.139 | Train Acc 95.493
Optimizer is reset!
Total params: 86105956
Tune params: 307300
Tune ratio: 0.36
Prompt params: 230400
Prompt ratio: 0.27
Epoch:1/20  * Loss 0.254 | Train Acc 93.349
Epoch:2/20  * Loss 0.221 | Train Acc 94.030
Epoch:3/20  * Loss 0.250 | Train Acc 92.788
Epoch:4/20  * Loss 0.210 | Train Acc 94.291
Epoch:5/20  * Loss 0.178 | Train Acc 94.912
Epoch:6/20  * Loss 0.161 | Train Acc 95.032
Epoch:7/20  * Loss 0.161 | Train Acc 95.172
Epoch:8/20  * Loss 0.155 | Train Acc 95.212
Epoch:9/20  * Loss 0.164 | Train Acc 95.132
Epoch:10/20  * Loss 0.147 | Train Acc 95.573
Epoch:11/20  * Loss 0.144 | Train Acc 95.753
Epoch:12/20  * Loss 0.142 | Train Acc 95.773
Epoch:13/20  * Loss 0.129 | Train Acc 96.034
Epoch:14/20  * Loss 0.121 | Train Acc 96.454
Epoch:15/20  * Loss 0.126 | Train Acc 96.134
Epoch:16/20  * Loss 0.119 | Train Acc 96.454
Epoch:17/20  * Loss 0.117 | Train Acc 96.494
Epoch:18/20  * Loss 0.107 | Train Acc 96.615
Epoch:19/20  * Loss 0.116 | Train Acc 96.554
Epoch:20/20  * Loss 0.111 | Train Acc 96.635
----------
Selecting Experts...
----------
=> Saving class model to: outputs/cifar-100/10-task/one-prompt/models/repeat-1/task-1/
=> Save Done
validation split name (local False): 1
 * Val Acc 98.800, Total time 3.62
Averaged accuracy for task 1: 98.8
====================== 2 =======================
Incremental class: Old valid output dimension: 10
Incremental class: New Valid output dimension: 20
Saving old prompts
Optimizer is reset!
Total params: 86105956
Tune params: 307300
Tune ratio: 0.36
Prompt params: 230400
Prompt ratio: 0.27
Epoch:1/20  * Loss 1.508 | Train Acc 59.716
Epoch:2/20  * Loss 1.465 | Train Acc 62.780
Epoch:3/20  * Loss 0.533 | Train Acc 84.435
Epoch:4/20  * Loss 0.340 | Train Acc 89.303
Epoch:5/20  * Loss 0.310 | Train Acc 89.423
Epoch:6/20  * Loss 0.271 | Train Acc 90.485
Epoch:7/20  * Loss 0.277 | Train Acc 90.445
Epoch:8/20  * Loss 0.242 | Train Acc 91.166
Epoch:9/20  * Loss 0.242 | Train Acc 91.226
Epoch:10/20  * Loss 0.224 | Train Acc 91.847
Epoch:11/20  * Loss 0.221 | Train Acc 91.807
Epoch:12/20  * Loss 0.234 | Train Acc 91.687
Epoch:13/20  * Loss 0.227 | Train Acc 92.147
Epoch:14/20  * Loss 0.211 | Train Acc 92.788
Epoch:15/20  * Loss 0.216 | Train Acc 92.728
Epoch:16/20  * Loss 0.220 | Train Acc 92.348
Epoch:17/20  * Loss 0.212 | Train Acc 92.688
Epoch:18/20  * Loss 0.193 | Train Acc 93.389
Epoch:19/20  * Loss 0.197 | Train Acc 92.929
Epoch:20/20  * Loss 0.186 | Train Acc 93.209
----------
Selecting Experts...
----------
Averaged stats: Lr: 0.000010  Loss: 0.0504  Acc@1: 97.6562 (98.1250)  Acc@5: 100.0000 (100.0000)
Averaged stats: Lr: 0.000010  Loss: 0.0657  Acc@1: 98.4375 (98.2031)  Acc@5: 100.0000 (100.0000)
Averaged stats: Lr: 0.000010  Loss: 0.0630  Acc@1: 98.4375 (98.5156)  Acc@5: 100.0000 (100.0000)
Averaged stats: Lr: 0.000010  Loss: 0.0605  Acc@1: 98.4375 (98.4375)  Acc@5: 100.0000 (100.0000)
Averaged stats: Lr: 0.000010  Loss: 0.0235  Acc@1: 98.4375 (98.4375)  Acc@5: 100.0000 (100.0000)
Averaged stats: Lr: 0.000010  Loss: 0.0612  Acc@1: 99.2188 (98.7500)  Acc@5: 100.0000 (100.0000)
Averaged stats: Lr: 0.000010  Loss: 0.0683  Acc@1: 99.2188 (98.7500)  Acc@5: 100.0000 (100.0000)
Averaged stats: Lr: 0.000009  Loss: 0.0472  Acc@1: 98.4375 (98.8281)  Acc@5: 100.0000 (100.0000)
Averaged stats: Lr: 0.000009  Loss: 0.0483  Acc@1: 98.4375 (98.4375)  Acc@5: 100.0000 (100.0000)
Averaged stats: Lr: 0.000009  Loss: 0.0423  Acc@1: 99.2188 (98.8281)  Acc@5: 100.0000 (100.0000)
Averaged stats: Lr: 0.000009  Loss: 0.0373  Acc@1: 98.4375 (98.7500)  Acc@5: 100.0000 (100.0000)
Averaged stats: Lr: 0.000009  Loss: 0.0222  Acc@1: 99.2188 (99.1406)  Acc@5: 100.0000 (100.0000)
Averaged stats: Lr: 0.000009  Loss: 0.0181  Acc@1: 98.4375 (98.7500)  Acc@5: 100.0000 (100.0000)
Averaged stats: Lr: 0.000008  Loss: 0.0432  Acc@1: 98.4375 (98.7500)  Acc@5: 100.0000 (100.0000)
Averaged stats: Lr: 0.000008  Loss: 0.0278  Acc@1: 99.2188 (98.4375)  Acc@5: 100.0000 (100.0000)
Averaged stats: Lr: 0.000008  Loss: 0.0415  Acc@1: 99.2188 (98.9062)  Acc@5: 100.0000 (100.0000)
Averaged stats: Lr: 0.000008  Loss: 0.0348  Acc@1: 99.2188 (99.3750)  Acc@5: 100.0000 (100.0000)
Averaged stats: Lr: 0.000007  Loss: 0.0403  Acc@1: 99.2188 (99.1406)  Acc@5: 100.0000 (100.0000)
Averaged stats: Lr: 0.000007  Loss: 0.0285  Acc@1: 99.2188 (98.9062)  Acc@5: 100.0000 (100.0000)
Averaged stats: Lr: 0.000007  Loss: 0.0493  Acc@1: 99.2188 (98.7500)  Acc@5: 100.0000 (100.0000)
Averaged stats: Lr: 0.000007  Loss: 0.0304  Acc@1: 99.2188 (98.7500)  Acc@5: 100.0000 (100.0000)
Averaged stats: Lr: 0.000006  Loss: 0.0623  Acc@1: 99.2188 (99.1406)  Acc@5: 100.0000 (100.0000)
Averaged stats: Lr: 0.000006  Loss: 0.0357  Acc@1: 99.2188 (99.1406)  Acc@5: 100.0000 (100.0000)
Averaged stats: Lr: 0.000006  Loss: 0.0218  Acc@1: 98.4375 (98.8281)  Acc@5: 100.0000 (100.0000)
Averaged stats: Lr: 0.000006  Loss: 0.0248  Acc@1: 98.4375 (98.5938)  Acc@5: 100.0000 (100.0000)
Averaged stats: Lr: 0.000005  Loss: 0.0319  Acc@1: 99.2188 (98.9844)  Acc@5: 100.0000 (100.0000)
Averaged stats: Lr: 0.000005  Loss: 0.0613  Acc@1: 98.4375 (98.6719)  Acc@5: 100.0000 (100.0000)
Averaged stats: Lr: 0.000005  Loss: 0.0252  Acc@1: 99.2188 (98.9062)  Acc@5: 100.0000 (100.0000)
Averaged stats: Lr: 0.000004  Loss: 0.0196  Acc@1: 99.2188 (99.1406)  Acc@5: 100.0000 (100.0000)
Averaged stats: Lr: 0.000004  Loss: 0.0535  Acc@1: 99.2188 (99.2188)  Acc@5: 100.0000 (100.0000)
Averaged stats: Lr: 0.000004  Loss: 0.0789  Acc@1: 99.2188 (98.5938)  Acc@5: 100.0000 (100.0000)
Averaged stats: Lr: 0.000004  Loss: 0.0361  Acc@1: 98.4375 (98.8281)  Acc@5: 100.0000 (100.0000)
Averaged stats: Lr: 0.000003  Loss: 0.0357  Acc@1: 99.2188 (99.2969)  Acc@5: 100.0000 (100.0000)
Averaged stats: Lr: 0.000003  Loss: 0.0636  Acc@1: 99.2188 (98.8281)  Acc@5: 100.0000 (100.0000)
Averaged stats: Lr: 0.000003  Loss: 0.0285  Acc@1: 98.4375 (98.5938)  Acc@5: 100.0000 (100.0000)
Averaged stats: Lr: 0.000003  Loss: 0.0277  Acc@1: 100.0000 (99.4531)  Acc@5: 100.0000 (100.0000)
Averaged stats: Lr: 0.000002  Loss: 0.0185  Acc@1: 99.2188 (99.4531)  Acc@5: 100.0000 (100.0000)
Averaged stats: Lr: 0.000002  Loss: 0.0358  Acc@1: 99.2188 (98.8281)  Acc@5: 100.0000 (100.0000)
Averaged stats: Lr: 0.000002  Loss: 0.0428  Acc@1: 98.4375 (98.9062)  Acc@5: 100.0000 (100.0000)
Averaged stats: Lr: 0.000002  Loss: 0.0334  Acc@1: 98.4375 (98.7500)  Acc@5: 100.0000 (100.0000)
Averaged stats: Lr: 0.000002  Loss: 0.0342  Acc@1: 98.4375 (98.4375)  Acc@5: 100.0000 (100.0000)
Averaged stats: Lr: 0.000002  Loss: 0.0259  Acc@1: 99.2188 (98.6719)  Acc@5: 100.0000 (100.0000)
Averaged stats: Lr: 0.000001  Loss: 0.0272  Acc@1: 99.2188 (99.1406)  Acc@5: 100.0000 (100.0000)
Averaged stats: Lr: 0.000001  Loss: 0.0260  Acc@1: 99.2188 (99.0625)  Acc@5: 100.0000 (100.0000)
Averaged stats: Lr: 0.000001  Loss: 0.0296  Acc@1: 99.2188 (98.9062)  Acc@5: 100.0000 (100.0000)
Averaged stats: Lr: 0.000001  Loss: 0.0133  Acc@1: 99.2188 (99.2969)  Acc@5: 100.0000 (100.0000)
Averaged stats: Lr: 0.000001  Loss: 0.0448  Acc@1: 99.2188 (99.5312)  Acc@5: 100.0000 (100.0000)
Averaged stats: Lr: 0.000001  Loss: 0.0525  Acc@1: 98.4375 (98.6719)  Acc@5: 100.0000 (100.0000)
Averaged stats: Lr: 0.000001  Loss: 0.0335  Acc@1: 99.2188 (99.0625)  Acc@5: 100.0000 (100.0000)
Averaged stats: Lr: 0.000001  Loss: 0.0580  Acc@1: 99.2188 (99.1406)  Acc@5: 100.0000 (100.0000)
=> Saving class model to: outputs/cifar-100/10-task/one-prompt/models/repeat-1/task-2/
=> Save Done
validation split name (local False): 1
 * Val Acc 96.900, Total time 3.28
validation split name (local False): 2
 * Val Acc 91.700, Total time 3.64
Averaged accuracy for task 2: 94.30000000000001
====================== 3 =======================
Incremental class: Old valid output dimension: 20
Incremental class: New Valid output dimension: 30
Saving old prompts
Optimizer is reset!
Total params: 86105956
Tune params: 307300
Tune ratio: 0.36
Prompt params: 230400
Prompt ratio: 0.27
Epoch:1/20  * Loss 1.394 | Train Acc 69.030
Epoch:2/20  * Loss 1.360 | Train Acc 70.913
Epoch:3/20  * Loss 0.393 | Train Acc 90.485
Epoch:4/20  * Loss 0.226 | Train Acc 93.790
Epoch:5/20  * Loss 0.195 | Train Acc 94.631
Epoch:6/20  * Loss 0.170 | Train Acc 94.972
Epoch:7/20  * Loss 0.163 | Train Acc 95.292
Epoch:8/20  * Loss 0.159 | Train Acc 95.292
Epoch:9/20  * Loss 0.150 | Train Acc 95.292
Epoch:10/20  * Loss 0.127 | Train Acc 96.294
Epoch:11/20  * Loss 0.137 | Train Acc 96.134
Epoch:12/20  * Loss 0.150 | Train Acc 95.393
Epoch:13/20  * Loss 0.137 | Train Acc 95.954
Epoch:14/20  * Loss 0.144 | Train Acc 96.014
Epoch:15/20  * Loss 0.138 | Train Acc 96.074
Epoch:16/20  * Loss 0.124 | Train Acc 96.334
Epoch:17/20  * Loss 0.130 | Train Acc 96.434
Epoch:18/20  * Loss 0.130 | Train Acc 96.154
Epoch:19/20  * Loss 0.122 | Train Acc 96.434
Epoch:20/20  * Loss 0.123 | Train Acc 96.354
----------
Selecting Experts...
----------
Averaged stats: Lr: 0.000010  Loss: 0.0764  Acc@1: 96.8750 (96.6797)  Acc@5: 100.0000 (100.0000)
Averaged stats: Lr: 0.000010  Loss: 0.0794  Acc@1: 97.6562 (97.2656)  Acc@5: 100.0000 (100.0000)
Averaged stats: Lr: 0.000010  Loss: 0.0806  Acc@1: 96.8750 (97.3828)  Acc@5: 100.0000 (100.0000)
Averaged stats: Lr: 0.000010  Loss: 0.0684  Acc@1: 96.8750 (96.8359)  Acc@5: 100.0000 (100.0000)
Averaged stats: Lr: 0.000010  Loss: 0.0402  Acc@1: 97.6562 (97.3438)  Acc@5: 100.0000 (100.0000)
Averaged stats: Lr: 0.000010  Loss: 0.0435  Acc@1: 97.6562 (97.6172)  Acc@5: 100.0000 (100.0000)
Averaged stats: Lr: 0.000010  Loss: 0.0479  Acc@1: 97.6562 (98.1250)  Acc@5: 100.0000 (100.0000)
Averaged stats: Lr: 0.000009  Loss: 0.0605  Acc@1: 98.4375 (98.4375)  Acc@5: 100.0000 (100.0000)
Averaged stats: Lr: 0.000009  Loss: 0.0394  Acc@1: 97.6562 (97.8125)  Acc@5: 100.0000 (100.0000)
Averaged stats: Lr: 0.000009  Loss: 0.0472  Acc@1: 98.4375 (98.5156)  Acc@5: 100.0000 (100.0000)
Averaged stats: Lr: 0.000009  Loss: 0.0640  Acc@1: 98.4375 (98.1641)  Acc@5: 100.0000 (100.0000)
Averaged stats: Lr: 0.000009  Loss: 0.0567  Acc@1: 98.4375 (98.5547)  Acc@5: 100.0000 (100.0000)
Averaged stats: Lr: 0.000009  Loss: 0.0940  Acc@1: 98.4375 (98.4375)  Acc@5: 100.0000 (100.0000)
Averaged stats: Lr: 0.000008  Loss: 0.0285  Acc@1: 99.2188 (98.8672)  Acc@5: 100.0000 (100.0000)
Averaged stats: Lr: 0.000008  Loss: 0.0432  Acc@1: 98.4375 (98.7500)  Acc@5: 100.0000 (100.0000)
Averaged stats: Lr: 0.000008  Loss: 0.0408  Acc@1: 98.4375 (98.8672)  Acc@5: 100.0000 (100.0000)
Averaged stats: Lr: 0.000008  Loss: 0.0336  Acc@1: 99.2188 (99.0234)  Acc@5: 100.0000 (100.0000)
Averaged stats: Lr: 0.000007  Loss: 0.0271  Acc@1: 99.2188 (98.7500)  Acc@5: 100.0000 (100.0000)
Averaged stats: Lr: 0.000007  Loss: 0.0485  Acc@1: 99.2188 (98.7500)  Acc@5: 100.0000 (100.0000)
Averaged stats: Lr: 0.000007  Loss: 0.0269  Acc@1: 99.2188 (98.9453)  Acc@5: 100.0000 (100.0000)
Averaged stats: Lr: 0.000007  Loss: 0.0562  Acc@1: 99.2188 (99.1797)  Acc@5: 100.0000 (100.0000)
Averaged stats: Lr: 0.000006  Loss: 0.0549  Acc@1: 98.4375 (98.6328)  Acc@5: 100.0000 (100.0000)
Averaged stats: Lr: 0.000006  Loss: 0.0425  Acc@1: 99.2188 (99.4922)  Acc@5: 100.0000 (100.0000)
Averaged stats: Lr: 0.000006  Loss: 0.0466  Acc@1: 99.2188 (99.2188)  Acc@5: 100.0000 (100.0000)
Averaged stats: Lr: 0.000006  Loss: 0.0450  Acc@1: 99.2188 (98.9453)  Acc@5: 100.0000 (100.0000)
Averaged stats: Lr: 0.000005  Loss: 0.0236  Acc@1: 99.2188 (99.0234)  Acc@5: 100.0000 (100.0000)
Averaged stats: Lr: 0.000005  Loss: 0.0248  Acc@1: 98.4375 (98.6328)  Acc@5: 100.0000 (100.0000)
Averaged stats: Lr: 0.000005  Loss: 0.0371  Acc@1: 98.4375 (98.9844)  Acc@5: 100.0000 (100.0000)
Averaged stats: Lr: 0.000004  Loss: 0.0568  Acc@1: 99.2188 (99.0625)  Acc@5: 100.0000 (100.0000)
Averaged stats: Lr: 0.000004  Loss: 0.0305  Acc@1: 99.2188 (99.3359)  Acc@5: 100.0000 (100.0000)
Averaged stats: Lr: 0.000004  Loss: 0.0542  Acc@1: 99.2188 (99.4141)  Acc@5: 100.0000 (100.0000)
Averaged stats: Lr: 0.000004  Loss: 0.0278  Acc@1: 99.2188 (99.2188)  Acc@5: 100.0000 (100.0000)
Averaged stats: Lr: 0.000003  Loss: 0.0335  Acc@1: 99.2188 (99.2188)  Acc@5: 100.0000 (100.0000)
Averaged stats: Lr: 0.000003  Loss: 0.0555  Acc@1: 99.2188 (99.1797)  Acc@5: 100.0000 (100.0000)
Averaged stats: Lr: 0.000003  Loss: 0.0480  Acc@1: 99.2188 (99.1797)  Acc@5: 100.0000 (100.0000)
Averaged stats: Lr: 0.000003  Loss: 0.0556  Acc@1: 99.2188 (99.0234)  Acc@5: 100.0000 (100.0000)
Averaged stats: Lr: 0.000002  Loss: 0.0257  Acc@1: 99.2188 (99.5312)  Acc@5: 100.0000 (100.0000)
Averaged stats: Lr: 0.000002  Loss: 0.0276  Acc@1: 99.2188 (99.3750)  Acc@5: 100.0000 (100.0000)
Averaged stats: Lr: 0.000002  Loss: 0.0223  Acc@1: 99.2188 (99.2188)  Acc@5: 100.0000 (100.0000)
Averaged stats: Lr: 0.000002  Loss: 0.0236  Acc@1: 98.4375 (98.8281)  Acc@5: 100.0000 (100.0000)
Averaged stats: Lr: 0.000002  Loss: 0.0106  Acc@1: 99.2188 (99.2969)  Acc@5: 100.0000 (100.0000)
Averaged stats: Lr: 0.000002  Loss: 0.0420  Acc@1: 99.2188 (99.2188)  Acc@5: 100.0000 (100.0000)
Averaged stats: Lr: 0.000001  Loss: 0.0414  Acc@1: 99.2188 (99.1016)  Acc@5: 100.0000 (100.0000)
Averaged stats: Lr: 0.000001  Loss: 0.0559  Acc@1: 99.2188 (99.2578)  Acc@5: 100.0000 (100.0000)
Averaged stats: Lr: 0.000001  Loss: 0.0253  Acc@1: 99.2188 (99.3750)  Acc@5: 100.0000 (100.0000)
Averaged stats: Lr: 0.000001  Loss: 0.0266  Acc@1: 99.2188 (99.1406)  Acc@5: 100.0000 (100.0000)
Averaged stats: Lr: 0.000001  Loss: 0.0360  Acc@1: 99.2188 (99.2188)  Acc@5: 100.0000 (100.0000)
Averaged stats: Lr: 0.000001  Loss: 0.0456  Acc@1: 99.2188 (99.0234)  Acc@5: 100.0000 (100.0000)
Averaged stats: Lr: 0.000001  Loss: 0.0421  Acc@1: 99.2188 (99.1016)  Acc@5: 100.0000 (100.0000)
Averaged stats: Lr: 0.000001  Loss: 0.0188  Acc@1: 99.2188 (99.4531)  Acc@5: 100.0000 (100.0000)
=> Saving class model to: outputs/cifar-100/10-task/one-prompt/models/repeat-1/task-3/
=> Save Done
validation split name (local False): 1
 * Val Acc 95.700, Total time 3.99
validation split name (local False): 2
 * Val Acc 89.400, Total time 3.66
validation split name (local False): 3
 * Val Acc 95.600, Total time 3.63
Averaged accuracy for task 3: 93.56666666666668
====================== 4 =======================
Incremental class: Old valid output dimension: 30
Incremental class: New Valid output dimension: 40
Saving old prompts
Optimizer is reset!
Total params: 86105956
Tune params: 307300
Tune ratio: 0.36
Prompt params: 230400
Prompt ratio: 0.27
Epoch:1/20  * Loss 1.304 | Train Acc 70.012
Epoch:2/20  * Loss 1.263 | Train Acc 72.095
Epoch:3/20  * Loss 0.428 | Train Acc 89.784
Epoch:4/20  * Loss 0.250 | Train Acc 93.309
Epoch:5/20  * Loss 0.227 | Train Acc 93.169
Epoch:6/20  * Loss 0.220 | Train Acc 93.570
Epoch:7/20  * Loss 0.196 | Train Acc 94.291
Epoch:8/20  * Loss 0.196 | Train Acc 94.271
Epoch:9/20  * Loss 0.174 | Train Acc 94.571
Epoch:10/20  * Loss 0.172 | Train Acc 94.932
Epoch:11/20  * Loss 0.168 | Train Acc 94.651
Epoch:12/20  * Loss 0.179 | Train Acc 94.491
Epoch:13/20  * Loss 0.170 | Train Acc 94.792
Epoch:14/20  * Loss 0.172 | Train Acc 94.932
Epoch:15/20  * Loss 0.151 | Train Acc 95.693
Epoch:16/20  * Loss 0.168 | Train Acc 94.611
Epoch:17/20  * Loss 0.146 | Train Acc 95.633
Epoch:18/20  * Loss 0.145 | Train Acc 95.553
Epoch:19/20  * Loss 0.156 | Train Acc 95.132
Epoch:20/20  * Loss 0.159 | Train Acc 95.212
----------
Selecting Experts...
----------
Averaged stats: Lr: 0.000010  Loss: 0.0365  Acc@1: 99.2188 (99.5312)  Acc@5: 100.0000 (100.0000)
Averaged stats: Lr: 0.000010  Loss: 0.0501  Acc@1: 100.0000 (99.3750)  Acc@5: 100.0000 (100.0000)
Averaged stats: Lr: 0.000010  Loss: 0.0273  Acc@1: 100.0000 (99.5052)  Acc@5: 100.0000 (100.0000)
Averaged stats: Lr: 0.000010  Loss: 0.0371  Acc@1: 100.0000 (99.6615)  Acc@5: 100.0000 (100.0000)
Averaged stats: Lr: 0.000010  Loss: 0.0351  Acc@1: 99.2188 (99.5052)  Acc@5: 100.0000 (100.0000)
Averaged stats: Lr: 0.000010  Loss: 0.0254  Acc@1: 99.2188 (99.4792)  Acc@5: 100.0000 (100.0000)
Averaged stats: Lr: 0.000010  Loss: 0.0256  Acc@1: 100.0000 (99.6875)  Acc@5: 100.0000 (100.0000)
Averaged stats: Lr: 0.000009  Loss: 0.0240  Acc@1: 99.2188 (99.5052)  Acc@5: 100.0000 (100.0000)
Averaged stats: Lr: 0.000009  Loss: 0.0209  Acc@1: 100.0000 (99.6615)  Acc@5: 100.0000 (100.0000)
Averaged stats: Lr: 0.000009  Loss: 0.0252  Acc@1: 100.0000 (99.6354)  Acc@5: 100.0000 (100.0000)
Averaged stats: Lr: 0.000009  Loss: 0.0226  Acc@1: 100.0000 (99.7396)  Acc@5: 100.0000 (100.0000)
Averaged stats: Lr: 0.000009  Loss: 0.0161  Acc@1: 99.2188 (99.5833)  Acc@5: 100.0000 (100.0000)
Averaged stats: Lr: 0.000009  Loss: 0.0335  Acc@1: 100.0000 (99.6354)  Acc@5: 100.0000 (100.0000)
Averaged stats: Lr: 0.000008  Loss: 0.0330  Acc@1: 100.0000 (99.5833)  Acc@5: 100.0000 (100.0000)
Averaged stats: Lr: 0.000008  Loss: 0.0131  Acc@1: 100.0000 (99.5573)  Acc@5: 100.0000 (100.0000)
Averaged stats: Lr: 0.000008  Loss: 0.0280  Acc@1: 100.0000 (99.5833)  Acc@5: 100.0000 (100.0000)
Averaged stats: Lr: 0.000008  Loss: 0.0270  Acc@1: 100.0000 (99.7396)  Acc@5: 100.0000 (100.0000)
Averaged stats: Lr: 0.000007  Loss: 0.0246  Acc@1: 100.0000 (99.7917)  Acc@5: 100.0000 (100.0000)
Averaged stats: Lr: 0.000007  Loss: 0.0295  Acc@1: 100.0000 (99.6354)  Acc@5: 100.0000 (100.0000)
Averaged stats: Lr: 0.000007  Loss: 0.0114  Acc@1: 100.0000 (99.6615)  Acc@5: 100.0000 (100.0000)
Averaged stats: Lr: 0.000007  Loss: 0.0351  Acc@1: 100.0000 (99.5312)  Acc@5: 100.0000 (100.0000)
Averaged stats: Lr: 0.000006  Loss: 0.0197  Acc@1: 99.2188 (99.4792)  Acc@5: 100.0000 (100.0000)
Averaged stats: Lr: 0.000006  Loss: 0.0326  Acc@1: 100.0000 (99.7135)  Acc@5: 100.0000 (100.0000)
Averaged stats: Lr: 0.000006  Loss: 0.0209  Acc@1: 100.0000 (99.7135)  Acc@5: 100.0000 (100.0000)
Averaged stats: Lr: 0.000006  Loss: 0.0230  Acc@1: 100.0000 (99.6615)  Acc@5: 100.0000 (100.0000)
Averaged stats: Lr: 0.000005  Loss: 0.0271  Acc@1: 100.0000 (99.6615)  Acc@5: 100.0000 (100.0000)
Averaged stats: Lr: 0.000005  Loss: 0.0246  Acc@1: 99.2188 (99.4531)  Acc@5: 100.0000 (100.0000)
Averaged stats: Lr: 0.000005  Loss: 0.0223  Acc@1: 100.0000 (99.6875)  Acc@5: 100.0000 (100.0000)
Averaged stats: Lr: 0.000004  Loss: 0.0177  Acc@1: 100.0000 (99.7135)  Acc@5: 100.0000 (100.0000)
Averaged stats: Lr: 0.000004  Loss: 0.0219  Acc@1: 100.0000 (99.7656)  Acc@5: 100.0000 (100.0000)
Averaged stats: Lr: 0.000004  Loss: 0.0268  Acc@1: 100.0000 (99.8698)  Acc@5: 100.0000 (100.0000)
Averaged stats: Lr: 0.000004  Loss: 0.0150  Acc@1: 100.0000 (99.7396)  Acc@5: 100.0000 (100.0000)
Averaged stats: Lr: 0.000003  Loss: 0.0385  Acc@1: 100.0000 (99.7656)  Acc@5: 100.0000 (100.0000)
Averaged stats: Lr: 0.000003  Loss: 0.0109  Acc@1: 100.0000 (99.5833)  Acc@5: 100.0000 (100.0000)
Averaged stats: Lr: 0.000003  Loss: 0.0203  Acc@1: 100.0000 (99.6615)  Acc@5: 100.0000 (100.0000)
Averaged stats: Lr: 0.000003  Loss: 0.0276  Acc@1: 99.2188 (99.5052)  Acc@5: 100.0000 (100.0000)
Averaged stats: Lr: 0.000002  Loss: 0.0161  Acc@1: 100.0000 (99.6875)  Acc@5: 100.0000 (100.0000)
Averaged stats: Lr: 0.000002  Loss: 0.0157  Acc@1: 100.0000 (99.6354)  Acc@5: 100.0000 (100.0000)
Averaged stats: Lr: 0.000002  Loss: 0.0211  Acc@1: 100.0000 (99.6875)  Acc@5: 100.0000 (100.0000)
Averaged stats: Lr: 0.000002  Loss: 0.0247  Acc@1: 100.0000 (99.6615)  Acc@5: 100.0000 (100.0000)
Averaged stats: Lr: 0.000002  Loss: 0.0225  Acc@1: 100.0000 (99.6354)  Acc@5: 100.0000 (100.0000)
Averaged stats: Lr: 0.000002  Loss: 0.0094  Acc@1: 100.0000 (99.7396)  Acc@5: 100.0000 (100.0000)
Averaged stats: Lr: 0.000001  Loss: 0.0295  Acc@1: 100.0000 (99.6875)  Acc@5: 100.0000 (100.0000)
Averaged stats: Lr: 0.000001  Loss: 0.0230  Acc@1: 100.0000 (99.7656)  Acc@5: 100.0000 (100.0000)
Averaged stats: Lr: 0.000001  Loss: 0.0190  Acc@1: 100.0000 (99.5833)  Acc@5: 100.0000 (100.0000)
Averaged stats: Lr: 0.000001  Loss: 0.0246  Acc@1: 100.0000 (99.6875)  Acc@5: 100.0000 (100.0000)
Averaged stats: Lr: 0.000001  Loss: 0.0157  Acc@1: 100.0000 (99.7396)  Acc@5: 100.0000 (100.0000)
Averaged stats: Lr: 0.000001  Loss: 0.0232  Acc@1: 100.0000 (99.7917)  Acc@5: 100.0000 (100.0000)
Averaged stats: Lr: 0.000001  Loss: 0.0277  Acc@1: 100.0000 (99.6094)  Acc@5: 100.0000 (100.0000)
Averaged stats: Lr: 0.000001  Loss: 0.0143  Acc@1: 100.0000 (99.6354)  Acc@5: 100.0000 (100.0000)
=> Saving class model to: outputs/cifar-100/10-task/one-prompt/models/repeat-1/task-4/
=> Save Done
validation split name (local False): 1
 * Val Acc 94.600, Total time 3.62
validation split name (local False): 2
 * Val Acc 88.800, Total time 3.66
validation split name (local False): 3
 * Val Acc 94.000, Total time 3.52
validation split name (local False): 4
 * Val Acc 94.800, Total time 3.53
Averaged accuracy for task 4: 93.05
====================== 5 =======================
Incremental class: Old valid output dimension: 40
Incremental class: New Valid output dimension: 50
Saving old prompts
Optimizer is reset!
Total params: 86105956
Tune params: 307300
Tune ratio: 0.36
Prompt params: 230400
Prompt ratio: 0.27
Epoch:1/20  * Loss 1.446 | Train Acc 61.579
Epoch:2/20  * Loss 1.420 | Train Acc 63.682
Epoch:3/20  * Loss 0.427 | Train Acc 89.083
Epoch:4/20  * Loss 0.263 | Train Acc 92.949
Epoch:5/20  * Loss 0.203 | Train Acc 94.131
Epoch:6/20  * Loss 0.201 | Train Acc 94.351
Epoch:7/20  * Loss 0.176 | Train Acc 94.792
Epoch:8/20  * Loss 0.172 | Train Acc 94.952
Epoch:9/20  * Loss 0.152 | Train Acc 95.052
Epoch:10/20  * Loss 0.151 | Train Acc 95.453
Epoch:11/20  * Loss 0.153 | Train Acc 95.312
Epoch:12/20  * Loss 0.150 | Train Acc 95.533
Epoch:13/20  * Loss 0.159 | Train Acc 94.892
Epoch:14/20  * Loss 0.157 | Train Acc 95.192
Epoch:15/20  * Loss 0.153 | Train Acc 95.252
Epoch:16/20  * Loss 0.149 | Train Acc 95.433
Epoch:17/20  * Loss 0.142 | Train Acc 95.353
Epoch:18/20  * Loss 0.140 | Train Acc 95.873
Epoch:19/20  * Loss 0.146 | Train Acc 95.893
Epoch:20/20  * Loss 0.140 | Train Acc 95.613
----------
Selecting Experts...
----------
Averaged stats: Lr: 0.000010  Loss: 0.0141  Acc@1: 100.0000 (99.7852)  Acc@5: 100.0000 (100.0000)
Averaged stats: Lr: 0.000010  Loss: 0.0138  Acc@1: 100.0000 (99.7461)  Acc@5: 100.0000 (100.0000)
Averaged stats: Lr: 0.000010  Loss: 0.0314  Acc@1: 100.0000 (99.8242)  Acc@5: 100.0000 (100.0000)
Averaged stats: Lr: 0.000010  Loss: 0.0183  Acc@1: 100.0000 (99.7266)  Acc@5: 100.0000 (100.0000)
Averaged stats: Lr: 0.000010  Loss: 0.0294  Acc@1: 100.0000 (99.8633)  Acc@5: 100.0000 (100.0000)
Averaged stats: Lr: 0.000010  Loss: 0.0080  Acc@1: 100.0000 (99.8047)  Acc@5: 100.0000 (100.0000)
Averaged stats: Lr: 0.000010  Loss: 0.0256  Acc@1: 100.0000 (99.8242)  Acc@5: 100.0000 (100.0000)
Averaged stats: Lr: 0.000009  Loss: 0.0171  Acc@1: 100.0000 (99.7461)  Acc@5: 100.0000 (100.0000)
Averaged stats: Lr: 0.000009  Loss: 0.0161  Acc@1: 100.0000 (99.8828)  Acc@5: 100.0000 (100.0000)
Averaged stats: Lr: 0.000009  Loss: 0.0249  Acc@1: 100.0000 (99.8242)  Acc@5: 100.0000 (100.0000)
Averaged stats: Lr: 0.000009  Loss: 0.0108  Acc@1: 100.0000 (99.8047)  Acc@5: 100.0000 (100.0000)
Averaged stats: Lr: 0.000009  Loss: 0.0201  Acc@1: 100.0000 (99.8047)  Acc@5: 100.0000 (100.0000)
Averaged stats: Lr: 0.000009  Loss: 0.0167  Acc@1: 100.0000 (99.8047)  Acc@5: 100.0000 (100.0000)
Averaged stats: Lr: 0.000008  Loss: 0.0124  Acc@1: 100.0000 (99.8438)  Acc@5: 100.0000 (100.0000)
Averaged stats: Lr: 0.000008  Loss: 0.0124  Acc@1: 100.0000 (99.8438)  Acc@5: 100.0000 (100.0000)
Averaged stats: Lr: 0.000008  Loss: 0.0198  Acc@1: 100.0000 (99.8633)  Acc@5: 100.0000 (100.0000)
Averaged stats: Lr: 0.000008  Loss: 0.0183  Acc@1: 100.0000 (99.7656)  Acc@5: 100.0000 (100.0000)
Averaged stats: Lr: 0.000007  Loss: 0.0079  Acc@1: 100.0000 (99.8242)  Acc@5: 100.0000 (100.0000)
Averaged stats: Lr: 0.000007  Loss: 0.0102  Acc@1: 100.0000 (99.8242)  Acc@5: 100.0000 (100.0000)
Averaged stats: Lr: 0.000007  Loss: 0.0155  Acc@1: 100.0000 (99.8047)  Acc@5: 100.0000 (100.0000)
Averaged stats: Lr: 0.000007  Loss: 0.0196  Acc@1: 100.0000 (99.9023)  Acc@5: 100.0000 (100.0000)
Averaged stats: Lr: 0.000006  Loss: 0.0127  Acc@1: 100.0000 (99.8633)  Acc@5: 100.0000 (100.0000)
Averaged stats: Lr: 0.000006  Loss: 0.0108  Acc@1: 100.0000 (99.9414)  Acc@5: 100.0000 (100.0000)
Averaged stats: Lr: 0.000006  Loss: 0.0174  Acc@1: 100.0000 (99.9609)  Acc@5: 100.0000 (100.0000)
Averaged stats: Lr: 0.000006  Loss: 0.0128  Acc@1: 100.0000 (99.8828)  Acc@5: 100.0000 (100.0000)
Averaged stats: Lr: 0.000005  Loss: 0.0060  Acc@1: 100.0000 (99.8633)  Acc@5: 100.0000 (100.0000)
Averaged stats: Lr: 0.000005  Loss: 0.0064  Acc@1: 100.0000 (99.8633)  Acc@5: 100.0000 (100.0000)
Averaged stats: Lr: 0.000005  Loss: 0.0187  Acc@1: 100.0000 (99.8828)  Acc@5: 100.0000 (100.0000)
Averaged stats: Lr: 0.000004  Loss: 0.0032  Acc@1: 100.0000 (99.8633)  Acc@5: 100.0000 (100.0000)
Averaged stats: Lr: 0.000004  Loss: 0.0107  Acc@1: 100.0000 (99.9609)  Acc@5: 100.0000 (100.0000)
Averaged stats: Lr: 0.000004  Loss: 0.0129  Acc@1: 100.0000 (99.8242)  Acc@5: 100.0000 (100.0000)
Averaged stats: Lr: 0.000004  Loss: 0.0142  Acc@1: 100.0000 (99.9023)  Acc@5: 100.0000 (100.0000)
Averaged stats: Lr: 0.000003  Loss: 0.0324  Acc@1: 100.0000 (99.8633)  Acc@5: 100.0000 (100.0000)
Averaged stats: Lr: 0.000003  Loss: 0.0075  Acc@1: 100.0000 (99.9414)  Acc@5: 100.0000 (100.0000)
Averaged stats: Lr: 0.000003  Loss: 0.0136  Acc@1: 100.0000 (99.8438)  Acc@5: 100.0000 (100.0000)
Averaged stats: Lr: 0.000003  Loss: 0.0077  Acc@1: 100.0000 (99.8633)  Acc@5: 100.0000 (100.0000)
Averaged stats: Lr: 0.000002  Loss: 0.0080  Acc@1: 100.0000 (99.8438)  Acc@5: 100.0000 (100.0000)
Averaged stats: Lr: 0.000002  Loss: 0.0051  Acc@1: 100.0000 (99.9219)  Acc@5: 100.0000 (100.0000)
Averaged stats: Lr: 0.000002  Loss: 0.0148  Acc@1: 100.0000 (99.8828)  Acc@5: 100.0000 (100.0000)
Averaged stats: Lr: 0.000002  Loss: 0.0081  Acc@1: 100.0000 (99.9023)  Acc@5: 100.0000 (100.0000)
Averaged stats: Lr: 0.000002  Loss: 0.0161  Acc@1: 100.0000 (99.8633)  Acc@5: 100.0000 (100.0000)
Averaged stats: Lr: 0.000002  Loss: 0.0322  Acc@1: 100.0000 (99.8438)  Acc@5: 100.0000 (100.0000)
Averaged stats: Lr: 0.000001  Loss: 0.0129  Acc@1: 100.0000 (99.8633)  Acc@5: 100.0000 (100.0000)
Averaged stats: Lr: 0.000001  Loss: 0.0180  Acc@1: 100.0000 (99.9219)  Acc@5: 100.0000 (100.0000)
Averaged stats: Lr: 0.000001  Loss: 0.0211  Acc@1: 100.0000 (99.8828)  Acc@5: 100.0000 (100.0000)
Averaged stats: Lr: 0.000001  Loss: 0.0118  Acc@1: 100.0000 (99.8438)  Acc@5: 100.0000 (100.0000)
Averaged stats: Lr: 0.000001  Loss: 0.0118  Acc@1: 100.0000 (99.9414)  Acc@5: 100.0000 (100.0000)
Averaged stats: Lr: 0.000001  Loss: 0.0066  Acc@1: 100.0000 (99.8633)  Acc@5: 100.0000 (100.0000)
Averaged stats: Lr: 0.000001  Loss: 0.0076  Acc@1: 100.0000 (99.9219)  Acc@5: 100.0000 (100.0000)
Averaged stats: Lr: 0.000001  Loss: 0.0276  Acc@1: 100.0000 (99.8438)  Acc@5: 100.0000 (100.0000)
=> Saving class model to: outputs/cifar-100/10-task/one-prompt/models/repeat-1/task-5/
=> Save Done
validation split name (local False): 1
 * Val Acc 94.000, Total time 3.64
validation split name (local False): 2
 * Val Acc 88.000, Total time 3.72
validation split name (local False): 3
 * Val Acc 93.000, Total time 3.75
validation split name (local False): 4
 * Val Acc 94.300, Total time 3.62
validation split name (local False): 5
 * Val Acc 96.300, Total time 3.52
Averaged accuracy for task 5: 93.12
====================== 6 =======================
Incremental class: Old valid output dimension: 50
Incremental class: New Valid output dimension: 60
Saving old prompts
Optimizer is reset!
Total params: 86105956
Tune params: 307300
Tune ratio: 0.36
Prompt params: 230400
Prompt ratio: 0.27
Epoch:1/20  * Loss 1.566 | Train Acc 56.651
Epoch:2/20  * Loss 1.538 | Train Acc 58.474
Epoch:3/20  * Loss 0.550 | Train Acc 84.856
Epoch:4/20  * Loss 0.334 | Train Acc 89.764
Epoch:5/20  * Loss 0.293 | Train Acc 90.264
Epoch:6/20  * Loss 0.287 | Train Acc 90.825
Epoch:7/20  * Loss 0.276 | Train Acc 90.745
Epoch:8/20  * Loss 0.264 | Train Acc 91.246
Epoch:9/20  * Loss 0.262 | Train Acc 91.426
Epoch:10/20  * Loss 0.258 | Train Acc 91.346
Epoch:11/20  * Loss 0.236 | Train Acc 92.368
Epoch:12/20  * Loss 0.244 | Train Acc 91.987
Epoch:13/20  * Loss 0.231 | Train Acc 92.528
Epoch:14/20  * Loss 0.205 | Train Acc 93.209
Epoch:15/20  * Loss 0.214 | Train Acc 93.069
Epoch:16/20  * Loss 0.223 | Train Acc 92.768
Epoch:17/20  * Loss 0.218 | Train Acc 92.688
Epoch:18/20  * Loss 0.212 | Train Acc 93.209
Epoch:19/20  * Loss 0.220 | Train Acc 93.029
Epoch:20/20  * Loss 0.196 | Train Acc 93.550
----------
Selecting Experts...
----------
Averaged stats: Lr: 0.000010  Loss: 0.1312  Acc@1: 96.8750 (97.1406)  Acc@5: 100.0000 (100.0000)
Averaged stats: Lr: 0.000010  Loss: 0.0850  Acc@1: 96.8750 (97.1562)  Acc@5: 100.0000 (100.0000)
Averaged stats: Lr: 0.000010  Loss: 0.0536  Acc@1: 98.4375 (97.5469)  Acc@5: 100.0000 (100.0000)
Averaged stats: Lr: 0.000010  Loss: 0.0413  Acc@1: 97.6562 (97.7344)  Acc@5: 100.0000 (100.0000)
Averaged stats: Lr: 0.000010  Loss: 0.0492  Acc@1: 97.6562 (97.7344)  Acc@5: 100.0000 (100.0000)
Averaged stats: Lr: 0.000010  Loss: 0.0631  Acc@1: 97.6562 (97.9062)  Acc@5: 100.0000 (100.0000)
Averaged stats: Lr: 0.000010  Loss: 0.0391  Acc@1: 98.4375 (97.9688)  Acc@5: 100.0000 (100.0000)
Averaged stats: Lr: 0.000009  Loss: 0.0328  Acc@1: 97.6562 (97.9531)  Acc@5: 100.0000 (100.0000)
Averaged stats: Lr: 0.000009  Loss: 0.0462  Acc@1: 98.4375 (98.0625)  Acc@5: 100.0000 (100.0000)
Averaged stats: Lr: 0.000009  Loss: 0.0425  Acc@1: 98.4375 (98.2344)  Acc@5: 100.0000 (100.0000)
Averaged stats: Lr: 0.000009  Loss: 0.0469  Acc@1: 98.4375 (98.2812)  Acc@5: 100.0000 (100.0000)
Averaged stats: Lr: 0.000009  Loss: 0.0417  Acc@1: 98.4375 (98.5781)  Acc@5: 100.0000 (100.0000)
Averaged stats: Lr: 0.000009  Loss: 0.0246  Acc@1: 99.2188 (98.7656)  Acc@5: 100.0000 (100.0000)
Averaged stats: Lr: 0.000008  Loss: 0.0624  Acc@1: 99.2188 (98.6250)  Acc@5: 100.0000 (100.0000)
Averaged stats: Lr: 0.000008  Loss: 0.0724  Acc@1: 98.4375 (98.8750)  Acc@5: 100.0000 (100.0000)
Averaged stats: Lr: 0.000008  Loss: 0.0660  Acc@1: 98.4375 (98.5938)  Acc@5: 100.0000 (100.0000)
Averaged stats: Lr: 0.000008  Loss: 0.0378  Acc@1: 99.2188 (99.0156)  Acc@5: 100.0000 (100.0000)
Averaged stats: Lr: 0.000007  Loss: 0.0379  Acc@1: 99.2188 (98.8281)  Acc@5: 100.0000 (100.0000)
Averaged stats: Lr: 0.000007  Loss: 0.0515  Acc@1: 99.2188 (98.6562)  Acc@5: 100.0000 (100.0000)
Averaged stats: Lr: 0.000007  Loss: 0.0476  Acc@1: 99.2188 (99.0625)  Acc@5: 100.0000 (100.0000)
Averaged stats: Lr: 0.000007  Loss: 0.0377  Acc@1: 99.2188 (98.9375)  Acc@5: 100.0000 (100.0000)
Averaged stats: Lr: 0.000006  Loss: 0.0474  Acc@1: 100.0000 (98.9688)  Acc@5: 100.0000 (100.0000)
Averaged stats: Lr: 0.000006  Loss: 0.0165  Acc@1: 99.2188 (99.1094)  Acc@5: 100.0000 (100.0000)
Averaged stats: Lr: 0.000006  Loss: 0.0454  Acc@1: 99.2188 (99.1562)  Acc@5: 100.0000 (100.0000)
Averaged stats: Lr: 0.000006  Loss: 0.0534  Acc@1: 99.2188 (98.8125)  Acc@5: 100.0000 (100.0000)
Averaged stats: Lr: 0.000005  Loss: 0.0390  Acc@1: 99.2188 (99.1875)  Acc@5: 100.0000 (100.0000)
Averaged stats: Lr: 0.000005  Loss: 0.0206  Acc@1: 99.2188 (99.1875)  Acc@5: 100.0000 (100.0000)
Averaged stats: Lr: 0.000005  Loss: 0.0534  Acc@1: 99.2188 (99.0469)  Acc@5: 100.0000 (100.0000)
Averaged stats: Lr: 0.000004  Loss: 0.0309  Acc@1: 99.2188 (99.2188)  Acc@5: 100.0000 (100.0000)
Averaged stats: Lr: 0.000004  Loss: 0.0483  Acc@1: 99.2188 (99.1406)  Acc@5: 100.0000 (100.0000)
Averaged stats: Lr: 0.000004  Loss: 0.0281  Acc@1: 99.2188 (99.0938)  Acc@5: 100.0000 (100.0000)
Averaged stats: Lr: 0.000004  Loss: 0.0248  Acc@1: 100.0000 (99.4219)  Acc@5: 100.0000 (100.0000)
Averaged stats: Lr: 0.000003  Loss: 0.0423  Acc@1: 99.2188 (99.1719)  Acc@5: 100.0000 (100.0000)
Averaged stats: Lr: 0.000003  Loss: 0.0244  Acc@1: 99.2188 (99.2812)  Acc@5: 100.0000 (100.0000)
Averaged stats: Lr: 0.000003  Loss: 0.0432  Acc@1: 99.2188 (99.2969)  Acc@5: 100.0000 (100.0000)
Averaged stats: Lr: 0.000003  Loss: 0.0276  Acc@1: 99.2188 (99.1562)  Acc@5: 100.0000 (100.0000)
Averaged stats: Lr: 0.000002  Loss: 0.0294  Acc@1: 99.2188 (99.2500)  Acc@5: 100.0000 (100.0000)
Averaged stats: Lr: 0.000002  Loss: 0.0268  Acc@1: 99.2188 (99.2188)  Acc@5: 100.0000 (100.0000)
Averaged stats: Lr: 0.000002  Loss: 0.0210  Acc@1: 99.2188 (99.1250)  Acc@5: 100.0000 (100.0000)
Averaged stats: Lr: 0.000002  Loss: 0.0411  Acc@1: 99.2188 (99.1719)  Acc@5: 100.0000 (100.0000)
Averaged stats: Lr: 0.000002  Loss: 0.0140  Acc@1: 99.2188 (99.1875)  Acc@5: 100.0000 (100.0000)
Averaged stats: Lr: 0.000002  Loss: 0.0294  Acc@1: 99.2188 (99.4219)  Acc@5: 100.0000 (100.0000)
Averaged stats: Lr: 0.000001  Loss: 0.0377  Acc@1: 99.2188 (99.4062)  Acc@5: 100.0000 (100.0000)
Averaged stats: Lr: 0.000001  Loss: 0.0412  Acc@1: 99.2188 (99.1875)  Acc@5: 100.0000 (100.0000)
Averaged stats: Lr: 0.000001  Loss: 0.0319  Acc@1: 100.0000 (99.4688)  Acc@5: 100.0000 (100.0000)
Averaged stats: Lr: 0.000001  Loss: 0.0262  Acc@1: 99.2188 (99.3281)  Acc@5: 100.0000 (100.0000)
Averaged stats: Lr: 0.000001  Loss: 0.0425  Acc@1: 99.2188 (99.3438)  Acc@5: 100.0000 (100.0000)
Averaged stats: Lr: 0.000001  Loss: 0.0225  Acc@1: 99.2188 (99.4375)  Acc@5: 100.0000 (100.0000)
Averaged stats: Lr: 0.000001  Loss: 0.0300  Acc@1: 99.2188 (99.1250)  Acc@5: 100.0000 (100.0000)
Averaged stats: Lr: 0.000001  Loss: 0.0280  Acc@1: 100.0000 (99.4375)  Acc@5: 100.0000 (100.0000)
=> Saving class model to: outputs/cifar-100/10-task/one-prompt/models/repeat-1/task-6/
=> Save Done
validation split name (local False): 1
 * Val Acc 91.500, Total time 3.76
validation split name (local False): 2
 * Val Acc 86.600, Total time 3.80
validation split name (local False): 3
 * Val Acc 92.200, Total time 3.49
validation split name (local False): 4
 * Val Acc 94.100, Total time 3.59
validation split name (local False): 5
 * Val Acc 95.800, Total time 3.72
validation split name (local False): 6
 * Val Acc 84.700, Total time 3.61
Averaged accuracy for task 6: 90.81666666666666
====================== 7 =======================
Incremental class: Old valid output dimension: 60
Incremental class: New Valid output dimension: 70
Saving old prompts
Optimizer is reset!
Total params: 86105956
Tune params: 307300
Tune ratio: 0.36
Prompt params: 230400
Prompt ratio: 0.27
Epoch:1/20  * Loss 1.382 | Train Acc 68.750
Epoch:2/20  * Loss 1.327 | Train Acc 71.354
Epoch:3/20  * Loss 0.434 | Train Acc 88.882
Epoch:4/20  * Loss 0.259 | Train Acc 92.628
Epoch:5/20  * Loss 0.227 | Train Acc 93.149
Epoch:6/20  * Loss 0.192 | Train Acc 94.071
Epoch:7/20  * Loss 0.200 | Train Acc 93.650
Epoch:8/20  * Loss 0.203 | Train Acc 93.530
Epoch:9/20  * Loss 0.202 | Train Acc 93.630
Epoch:10/20  * Loss 0.205 | Train Acc 93.730
Epoch:11/20  * Loss 0.171 | Train Acc 94.511
Epoch:12/20  * Loss 0.170 | Train Acc 94.631
Epoch:13/20  * Loss 0.164 | Train Acc 94.712
Epoch:14/20  * Loss 0.154 | Train Acc 95.032
Epoch:15/20  * Loss 0.157 | Train Acc 95.292
Epoch:16/20  * Loss 0.166 | Train Acc 94.832
Epoch:17/20  * Loss 0.160 | Train Acc 95.092
Epoch:18/20  * Loss 0.165 | Train Acc 94.832
Epoch:19/20  * Loss 0.167 | Train Acc 94.732
Epoch:20/20  * Loss 0.164 | Train Acc 94.952
----------
Selecting Experts...
----------
Averaged stats: Lr: 0.000010  Loss: 0.0535  Acc@1: 99.2188 (98.9974)  Acc@5: 100.0000 (100.0000)
Averaged stats: Lr: 0.000010  Loss: 0.0593  Acc@1: 98.4375 (99.0365)  Acc@5: 100.0000 (100.0000)
Averaged stats: Lr: 0.000010  Loss: 0.0324  Acc@1: 99.2188 (99.1406)  Acc@5: 100.0000 (100.0000)
Averaged stats: Lr: 0.000010  Loss: 0.0319  Acc@1: 99.2188 (99.2839)  Acc@5: 100.0000 (100.0000)
Averaged stats: Lr: 0.000010  Loss: 0.0232  Acc@1: 99.2188 (99.3750)  Acc@5: 100.0000 (100.0000)
Averaged stats: Lr: 0.000010  Loss: 0.0396  Acc@1: 100.0000 (99.4141)  Acc@5: 100.0000 (100.0000)
Averaged stats: Lr: 0.000010  Loss: 0.0487  Acc@1: 100.0000 (99.3880)  Acc@5: 100.0000 (100.0000)
Averaged stats: Lr: 0.000009  Loss: 0.0412  Acc@1: 99.2188 (99.5182)  Acc@5: 100.0000 (100.0000)
Averaged stats: Lr: 0.000009  Loss: 0.0437  Acc@1: 99.2188 (99.4661)  Acc@5: 100.0000 (100.0000)
Averaged stats: Lr: 0.000009  Loss: 0.0270  Acc@1: 99.2188 (99.4922)  Acc@5: 100.0000 (100.0000)
Averaged stats: Lr: 0.000009  Loss: 0.0178  Acc@1: 99.2188 (99.4271)  Acc@5: 100.0000 (100.0000)
Averaged stats: Lr: 0.000009  Loss: 0.0318  Acc@1: 100.0000 (99.4792)  Acc@5: 100.0000 (100.0000)
Averaged stats: Lr: 0.000009  Loss: 0.0362  Acc@1: 99.2188 (99.5052)  Acc@5: 100.0000 (100.0000)
Averaged stats: Lr: 0.000008  Loss: 0.0230  Acc@1: 100.0000 (99.6224)  Acc@5: 100.0000 (100.0000)
Averaged stats: Lr: 0.000008  Loss: 0.0293  Acc@1: 100.0000 (99.5443)  Acc@5: 100.0000 (100.0000)
Averaged stats: Lr: 0.000008  Loss: 0.0348  Acc@1: 100.0000 (99.6094)  Acc@5: 100.0000 (100.0000)
Averaged stats: Lr: 0.000008  Loss: 0.0140  Acc@1: 99.2188 (99.4531)  Acc@5: 100.0000 (100.0000)
Averaged stats: Lr: 0.000007  Loss: 0.0252  Acc@1: 100.0000 (99.5573)  Acc@5: 100.0000 (100.0000)
Averaged stats: Lr: 0.000007  Loss: 0.0296  Acc@1: 100.0000 (99.4010)  Acc@5: 100.0000 (100.0000)
Averaged stats: Lr: 0.000007  Loss: 0.0133  Acc@1: 100.0000 (99.6094)  Acc@5: 100.0000 (100.0000)
Averaged stats: Lr: 0.000007  Loss: 0.0227  Acc@1: 99.2188 (99.5443)  Acc@5: 100.0000 (100.0000)
Averaged stats: Lr: 0.000006  Loss: 0.0261  Acc@1: 100.0000 (99.6354)  Acc@5: 100.0000 (100.0000)
Averaged stats: Lr: 0.000006  Loss: 0.0230  Acc@1: 100.0000 (99.5964)  Acc@5: 100.0000 (100.0000)
Averaged stats: Lr: 0.000006  Loss: 0.0144  Acc@1: 100.0000 (99.6224)  Acc@5: 100.0000 (100.0000)
Averaged stats: Lr: 0.000006  Loss: 0.0315  Acc@1: 100.0000 (99.6354)  Acc@5: 100.0000 (100.0000)
Averaged stats: Lr: 0.000005  Loss: 0.0410  Acc@1: 99.2188 (99.5964)  Acc@5: 100.0000 (100.0000)
Averaged stats: Lr: 0.000005  Loss: 0.0236  Acc@1: 99.2188 (99.6224)  Acc@5: 100.0000 (100.0000)
Averaged stats: Lr: 0.000005  Loss: 0.0275  Acc@1: 100.0000 (99.6484)  Acc@5: 100.0000 (100.0000)
Averaged stats: Lr: 0.000004  Loss: 0.0250  Acc@1: 100.0000 (99.6224)  Acc@5: 100.0000 (100.0000)
Averaged stats: Lr: 0.000004  Loss: 0.0222  Acc@1: 100.0000 (99.7266)  Acc@5: 100.0000 (100.0000)
Averaged stats: Lr: 0.000004  Loss: 0.0428  Acc@1: 99.2188 (99.6875)  Acc@5: 100.0000 (100.0000)
Averaged stats: Lr: 0.000004  Loss: 0.0240  Acc@1: 100.0000 (99.7135)  Acc@5: 100.0000 (100.0000)
Averaged stats: Lr: 0.000003  Loss: 0.0231  Acc@1: 100.0000 (99.6354)  Acc@5: 100.0000 (100.0000)
Averaged stats: Lr: 0.000003  Loss: 0.0288  Acc@1: 100.0000 (99.5964)  Acc@5: 100.0000 (100.0000)
Averaged stats: Lr: 0.000003  Loss: 0.0252  Acc@1: 100.0000 (99.7135)  Acc@5: 100.0000 (100.0000)
Averaged stats: Lr: 0.000003  Loss: 0.0141  Acc@1: 99.2188 (99.5182)  Acc@5: 100.0000 (100.0000)
Averaged stats: Lr: 0.000002  Loss: 0.0156  Acc@1: 100.0000 (99.6615)  Acc@5: 100.0000 (100.0000)
Averaged stats: Lr: 0.000002  Loss: 0.0226  Acc@1: 100.0000 (99.6354)  Acc@5: 100.0000 (100.0000)
Averaged stats: Lr: 0.000002  Loss: 0.0082  Acc@1: 99.2188 (99.5833)  Acc@5: 100.0000 (100.0000)
Averaged stats: Lr: 0.000002  Loss: 0.0190  Acc@1: 100.0000 (99.5833)  Acc@5: 100.0000 (100.0000)
Averaged stats: Lr: 0.000002  Loss: 0.0245  Acc@1: 100.0000 (99.5833)  Acc@5: 100.0000 (100.0000)
Averaged stats: Lr: 0.000002  Loss: 0.0264  Acc@1: 100.0000 (99.7135)  Acc@5: 100.0000 (100.0000)
Averaged stats: Lr: 0.000001  Loss: 0.0083  Acc@1: 100.0000 (99.5703)  Acc@5: 100.0000 (100.0000)
Averaged stats: Lr: 0.000001  Loss: 0.0159  Acc@1: 100.0000 (99.6745)  Acc@5: 100.0000 (100.0000)
Averaged stats: Lr: 0.000001  Loss: 0.0196  Acc@1: 100.0000 (99.6615)  Acc@5: 100.0000 (100.0000)
Averaged stats: Lr: 0.000001  Loss: 0.0186  Acc@1: 99.2188 (99.5964)  Acc@5: 100.0000 (100.0000)
Averaged stats: Lr: 0.000001  Loss: 0.0362  Acc@1: 100.0000 (99.6875)  Acc@5: 100.0000 (100.0000)
Averaged stats: Lr: 0.000001  Loss: 0.0446  Acc@1: 100.0000 (99.6745)  Acc@5: 100.0000 (100.0000)
Averaged stats: Lr: 0.000001  Loss: 0.0190  Acc@1: 100.0000 (99.6745)  Acc@5: 100.0000 (100.0000)
Averaged stats: Lr: 0.000001  Loss: 0.0119  Acc@1: 100.0000 (99.5833)  Acc@5: 100.0000 (100.0000)
=> Saving class model to: outputs/cifar-100/10-task/one-prompt/models/repeat-1/task-7/
=> Save Done
validation split name (local False): 1
 * Val Acc 89.900, Total time 3.58
validation split name (local False): 2
 * Val Acc 85.800, Total time 3.68
validation split name (local False): 3
 * Val Acc 91.300, Total time 3.64
validation split name (local False): 4
 * Val Acc 93.200, Total time 3.65
validation split name (local False): 5
 * Val Acc 93.800, Total time 3.63
validation split name (local False): 6
 * Val Acc 85.100, Total time 3.81
validation split name (local False): 7
 * Val Acc 92.200, Total time 3.67
Averaged accuracy for task 7: 90.1857142857143
====================== 8 =======================
Incremental class: Old valid output dimension: 70
Incremental class: New Valid output dimension: 80
Saving old prompts
Optimizer is reset!
Total params: 86105956
Tune params: 307300
Tune ratio: 0.36
Prompt params: 230400
Prompt ratio: 0.27
Epoch:1/20  * Loss 1.302 | Train Acc 69.451
Epoch:2/20  * Loss 1.256 | Train Acc 71.514
Epoch:3/20  * Loss 0.378 | Train Acc 90.244
Epoch:4/20  * Loss 0.218 | Train Acc 93.750
Epoch:5/20  * Loss 0.184 | Train Acc 94.511
Epoch:6/20  * Loss 0.154 | Train Acc 95.152
Epoch:7/20  * Loss 0.174 | Train Acc 94.812
Epoch:8/20  * Loss 0.174 | Train Acc 94.752
Epoch:9/20  * Loss 0.160 | Train Acc 94.972
Epoch:10/20  * Loss 0.160 | Train Acc 95.232
Epoch:11/20  * Loss 0.158 | Train Acc 95.212
Epoch:12/20  * Loss 0.142 | Train Acc 95.513
Epoch:13/20  * Loss 0.151 | Train Acc 95.012
Epoch:14/20  * Loss 0.142 | Train Acc 95.553
Epoch:15/20  * Loss 0.123 | Train Acc 96.394
Epoch:16/20  * Loss 0.137 | Train Acc 95.753
Epoch:17/20  * Loss 0.131 | Train Acc 95.954
Epoch:18/20  * Loss 0.124 | Train Acc 96.054
Epoch:19/20  * Loss 0.132 | Train Acc 95.873
Epoch:20/20  * Loss 0.124 | Train Acc 96.134
----------
Selecting Experts...
----------
Averaged stats: Lr: 0.000010  Loss: 0.0305  Acc@1: 99.2188 (98.7054)  Acc@5: 100.0000 (100.0000)
Averaged stats: Lr: 0.000010  Loss: 0.0292  Acc@1: 99.2188 (98.9397)  Acc@5: 100.0000 (100.0000)
Averaged stats: Lr: 0.000010  Loss: 0.0138  Acc@1: 99.2188 (99.0290)  Acc@5: 100.0000 (100.0000)
Averaged stats: Lr: 0.000010  Loss: 0.0383  Acc@1: 99.2188 (99.1853)  Acc@5: 100.0000 (100.0000)
Averaged stats: Lr: 0.000010  Loss: 0.0213  Acc@1: 99.2188 (99.2857)  Acc@5: 100.0000 (100.0000)
Averaged stats: Lr: 0.000010  Loss: 0.0103  Acc@1: 100.0000 (99.3973)  Acc@5: 100.0000 (100.0000)
Averaged stats: Lr: 0.000010  Loss: 0.0447  Acc@1: 100.0000 (99.4643)  Acc@5: 100.0000 (100.0000)
Averaged stats: Lr: 0.000009  Loss: 0.0280  Acc@1: 100.0000 (99.4643)  Acc@5: 100.0000 (100.0000)
Averaged stats: Lr: 0.000009  Loss: 0.0098  Acc@1: 100.0000 (99.5982)  Acc@5: 100.0000 (100.0000)
Averaged stats: Lr: 0.000009  Loss: 0.0300  Acc@1: 100.0000 (99.5201)  Acc@5: 100.0000 (100.0000)
Averaged stats: Lr: 0.000009  Loss: 0.0171  Acc@1: 100.0000 (99.6094)  Acc@5: 100.0000 (100.0000)
Averaged stats: Lr: 0.000009  Loss: 0.0202  Acc@1: 100.0000 (99.5647)  Acc@5: 100.0000 (100.0000)
Averaged stats: Lr: 0.000009  Loss: 0.0404  Acc@1: 100.0000 (99.7098)  Acc@5: 100.0000 (100.0000)
Averaged stats: Lr: 0.000008  Loss: 0.0106  Acc@1: 100.0000 (99.7991)  Acc@5: 100.0000 (100.0000)
Averaged stats: Lr: 0.000008  Loss: 0.0211  Acc@1: 100.0000 (99.7098)  Acc@5: 100.0000 (100.0000)
Averaged stats: Lr: 0.000008  Loss: 0.0193  Acc@1: 100.0000 (99.6540)  Acc@5: 100.0000 (100.0000)
Averaged stats: Lr: 0.000008  Loss: 0.0186  Acc@1: 100.0000 (99.7656)  Acc@5: 100.0000 (100.0000)
Averaged stats: Lr: 0.000007  Loss: 0.0208  Acc@1: 100.0000 (99.7433)  Acc@5: 100.0000 (100.0000)
Averaged stats: Lr: 0.000007  Loss: 0.0128  Acc@1: 100.0000 (99.7879)  Acc@5: 100.0000 (100.0000)
Averaged stats: Lr: 0.000007  Loss: 0.0340  Acc@1: 100.0000 (99.7321)  Acc@5: 100.0000 (100.0000)
Averaged stats: Lr: 0.000007  Loss: 0.0229  Acc@1: 100.0000 (99.7433)  Acc@5: 100.0000 (100.0000)
Averaged stats: Lr: 0.000006  Loss: 0.0192  Acc@1: 100.0000 (99.7545)  Acc@5: 100.0000 (100.0000)
Averaged stats: Lr: 0.000006  Loss: 0.0157  Acc@1: 100.0000 (99.7879)  Acc@5: 100.0000 (100.0000)
Averaged stats: Lr: 0.000006  Loss: 0.0171  Acc@1: 100.0000 (99.8661)  Acc@5: 100.0000 (100.0000)
Averaged stats: Lr: 0.000006  Loss: 0.0095  Acc@1: 100.0000 (99.8661)  Acc@5: 100.0000 (100.0000)
Averaged stats: Lr: 0.000005  Loss: 0.0278  Acc@1: 100.0000 (99.7321)  Acc@5: 100.0000 (100.0000)
Averaged stats: Lr: 0.000005  Loss: 0.0104  Acc@1: 100.0000 (99.7768)  Acc@5: 100.0000 (100.0000)
Averaged stats: Lr: 0.000005  Loss: 0.0166  Acc@1: 100.0000 (99.7656)  Acc@5: 100.0000 (100.0000)
Averaged stats: Lr: 0.000004  Loss: 0.0143  Acc@1: 100.0000 (99.7879)  Acc@5: 100.0000 (100.0000)
Averaged stats: Lr: 0.000004  Loss: 0.0132  Acc@1: 100.0000 (99.7656)  Acc@5: 100.0000 (100.0000)
Averaged stats: Lr: 0.000004  Loss: 0.0099  Acc@1: 100.0000 (99.8884)  Acc@5: 100.0000 (100.0000)
Averaged stats: Lr: 0.000004  Loss: 0.0084  Acc@1: 100.0000 (99.7321)  Acc@5: 100.0000 (100.0000)
Averaged stats: Lr: 0.000003  Loss: 0.0252  Acc@1: 100.0000 (99.8326)  Acc@5: 100.0000 (100.0000)
Averaged stats: Lr: 0.000003  Loss: 0.0150  Acc@1: 100.0000 (99.7321)  Acc@5: 100.0000 (100.0000)
Averaged stats: Lr: 0.000003  Loss: 0.0094  Acc@1: 100.0000 (99.7991)  Acc@5: 100.0000 (100.0000)
Averaged stats: Lr: 0.000003  Loss: 0.0082  Acc@1: 100.0000 (99.8103)  Acc@5: 100.0000 (100.0000)
Averaged stats: Lr: 0.000002  Loss: 0.0284  Acc@1: 100.0000 (99.8884)  Acc@5: 100.0000 (100.0000)
Averaged stats: Lr: 0.000002  Loss: 0.0232  Acc@1: 100.0000 (99.8772)  Acc@5: 100.0000 (100.0000)
Averaged stats: Lr: 0.000002  Loss: 0.0188  Acc@1: 100.0000 (99.7879)  Acc@5: 100.0000 (100.0000)
Averaged stats: Lr: 0.000002  Loss: 0.0172  Acc@1: 100.0000 (99.8549)  Acc@5: 100.0000 (100.0000)
Averaged stats: Lr: 0.000002  Loss: 0.0270  Acc@1: 100.0000 (99.8772)  Acc@5: 100.0000 (100.0000)
Averaged stats: Lr: 0.000002  Loss: 0.0097  Acc@1: 100.0000 (99.9107)  Acc@5: 100.0000 (100.0000)
Averaged stats: Lr: 0.000001  Loss: 0.0098  Acc@1: 100.0000 (99.8884)  Acc@5: 100.0000 (100.0000)
Averaged stats: Lr: 0.000001  Loss: 0.0143  Acc@1: 100.0000 (99.7433)  Acc@5: 100.0000 (100.0000)
Averaged stats: Lr: 0.000001  Loss: 0.0249  Acc@1: 100.0000 (99.8326)  Acc@5: 100.0000 (100.0000)
Averaged stats: Lr: 0.000001  Loss: 0.0043  Acc@1: 100.0000 (99.9107)  Acc@5: 100.0000 (100.0000)
Averaged stats: Lr: 0.000001  Loss: 0.0194  Acc@1: 100.0000 (99.8214)  Acc@5: 100.0000 (100.0000)
Averaged stats: Lr: 0.000001  Loss: 0.0131  Acc@1: 100.0000 (99.8214)  Acc@5: 100.0000 (100.0000)
Averaged stats: Lr: 0.000001  Loss: 0.0227  Acc@1: 100.0000 (99.7991)  Acc@5: 100.0000 (100.0000)
Averaged stats: Lr: 0.000001  Loss: 0.0157  Acc@1: 100.0000 (99.8772)  Acc@5: 100.0000 (100.0000)
=> Saving class model to: outputs/cifar-100/10-task/one-prompt/models/repeat-1/task-8/
=> Save Done
validation split name (local False): 1
 * Val Acc 89.000, Total time 3.72
validation split name (local False): 2
 * Val Acc 86.300, Total time 3.46
validation split name (local False): 3
 * Val Acc 89.700, Total time 3.78
validation split name (local False): 4
 * Val Acc 91.700, Total time 3.85
validation split name (local False): 5
 * Val Acc 93.000, Total time 3.65
validation split name (local False): 6
 * Val Acc 84.000, Total time 3.96
validation split name (local False): 7
 * Val Acc 91.700, Total time 3.53
validation split name (local False): 8
 * Val Acc 93.900, Total time 3.54
Averaged accuracy for task 8: 89.91250000000001
====================== 9 =======================
Incremental class: Old valid output dimension: 80
Incremental class: New Valid output dimension: 90
Saving old prompts
Optimizer is reset!
Total params: 86105956
Tune params: 307300
Tune ratio: 0.36
Prompt params: 230400
Prompt ratio: 0.27
Epoch:1/20  * Loss 1.517 | Train Acc 55.869
Epoch:2/20  * Loss 1.450 | Train Acc 59.956
Epoch:3/20  * Loss 0.561 | Train Acc 84.275
Epoch:4/20  * Loss 0.370 | Train Acc 89.704
Epoch:5/20  * Loss 0.303 | Train Acc 90.845
Epoch:6/20  * Loss 0.269 | Train Acc 91.747
Epoch:7/20  * Loss 0.275 | Train Acc 91.567
Epoch:8/20  * Loss 0.296 | Train Acc 90.585
Epoch:9/20  * Loss 0.258 | Train Acc 91.567
Epoch:10/20  * Loss 0.236 | Train Acc 92.568
Epoch:11/20  * Loss 0.228 | Train Acc 92.648
Epoch:12/20  * Loss 0.244 | Train Acc 92.087
Epoch:13/20  * Loss 0.211 | Train Acc 93.450
Epoch:14/20  * Loss 0.231 | Train Acc 92.788
Epoch:15/20  * Loss 0.204 | Train Acc 93.650
Epoch:16/20  * Loss 0.222 | Train Acc 93.009
Epoch:17/20  * Loss 0.204 | Train Acc 93.409
Epoch:18/20  * Loss 0.196 | Train Acc 93.730
Epoch:19/20  * Loss 0.198 | Train Acc 93.630
Epoch:20/20  * Loss 0.203 | Train Acc 93.670
----------
Selecting Experts...
----------
Averaged stats: Lr: 0.000010  Loss: 0.0209  Acc@1: 99.2188 (99.2871)  Acc@5: 100.0000 (100.0000)
Averaged stats: Lr: 0.000010  Loss: 0.0181  Acc@1: 99.2188 (99.1699)  Acc@5: 100.0000 (100.0000)
Averaged stats: Lr: 0.000010  Loss: 0.0163  Acc@1: 100.0000 (99.4043)  Acc@5: 100.0000 (100.0000)
Averaged stats: Lr: 0.000010  Loss: 0.0274  Acc@1: 100.0000 (99.6191)  Acc@5: 100.0000 (100.0000)
Averaged stats: Lr: 0.000010  Loss: 0.0348  Acc@1: 100.0000 (99.6484)  Acc@5: 100.0000 (100.0000)
Averaged stats: Lr: 0.000010  Loss: 0.0120  Acc@1: 100.0000 (99.7461)  Acc@5: 100.0000 (100.0000)
Averaged stats: Lr: 0.000010  Loss: 0.0140  Acc@1: 100.0000 (99.7949)  Acc@5: 100.0000 (100.0000)
Averaged stats: Lr: 0.000009  Loss: 0.0194  Acc@1: 100.0000 (99.8340)  Acc@5: 100.0000 (100.0000)
Averaged stats: Lr: 0.000009  Loss: 0.0121  Acc@1: 100.0000 (99.8535)  Acc@5: 100.0000 (100.0000)
Averaged stats: Lr: 0.000009  Loss: 0.0109  Acc@1: 100.0000 (99.8828)  Acc@5: 100.0000 (100.0000)
Averaged stats: Lr: 0.000009  Loss: 0.0097  Acc@1: 100.0000 (99.8535)  Acc@5: 100.0000 (100.0000)
Averaged stats: Lr: 0.000009  Loss: 0.0168  Acc@1: 100.0000 (99.8242)  Acc@5: 100.0000 (100.0000)
Averaged stats: Lr: 0.000009  Loss: 0.0209  Acc@1: 100.0000 (99.9023)  Acc@5: 100.0000 (100.0000)
Averaged stats: Lr: 0.000008  Loss: 0.0056  Acc@1: 100.0000 (99.7949)  Acc@5: 100.0000 (100.0000)
Averaged stats: Lr: 0.000008  Loss: 0.0156  Acc@1: 100.0000 (99.8828)  Acc@5: 100.0000 (100.0000)
Averaged stats: Lr: 0.000008  Loss: 0.0149  Acc@1: 100.0000 (99.8730)  Acc@5: 100.0000 (100.0000)
Averaged stats: Lr: 0.000008  Loss: 0.0120  Acc@1: 100.0000 (99.8242)  Acc@5: 100.0000 (100.0000)
Averaged stats: Lr: 0.000007  Loss: 0.0248  Acc@1: 100.0000 (99.8047)  Acc@5: 100.0000 (100.0000)
Averaged stats: Lr: 0.000007  Loss: 0.0135  Acc@1: 100.0000 (99.9023)  Acc@5: 100.0000 (100.0000)
Averaged stats: Lr: 0.000007  Loss: 0.0137  Acc@1: 100.0000 (99.8730)  Acc@5: 100.0000 (100.0000)
Averaged stats: Lr: 0.000007  Loss: 0.0118  Acc@1: 100.0000 (99.9023)  Acc@5: 100.0000 (100.0000)
Averaged stats: Lr: 0.000006  Loss: 0.0188  Acc@1: 100.0000 (99.8926)  Acc@5: 100.0000 (100.0000)
Averaged stats: Lr: 0.000006  Loss: 0.0092  Acc@1: 100.0000 (99.9121)  Acc@5: 100.0000 (100.0000)
Averaged stats: Lr: 0.000006  Loss: 0.0148  Acc@1: 100.0000 (99.9219)  Acc@5: 100.0000 (100.0000)
Averaged stats: Lr: 0.000006  Loss: 0.0142  Acc@1: 100.0000 (99.8730)  Acc@5: 100.0000 (100.0000)
Averaged stats: Lr: 0.000005  Loss: 0.0103  Acc@1: 100.0000 (99.9121)  Acc@5: 100.0000 (100.0000)
Averaged stats: Lr: 0.000005  Loss: 0.0141  Acc@1: 100.0000 (99.9512)  Acc@5: 100.0000 (100.0000)
Averaged stats: Lr: 0.000005  Loss: 0.0120  Acc@1: 100.0000 (99.9414)  Acc@5: 100.0000 (100.0000)
Averaged stats: Lr: 0.000004  Loss: 0.0112  Acc@1: 100.0000 (99.9219)  Acc@5: 100.0000 (100.0000)
Averaged stats: Lr: 0.000004  Loss: 0.0134  Acc@1: 100.0000 (99.9316)  Acc@5: 100.0000 (100.0000)
Averaged stats: Lr: 0.000004  Loss: 0.0276  Acc@1: 100.0000 (99.8535)  Acc@5: 100.0000 (100.0000)
Averaged stats: Lr: 0.000004  Loss: 0.0133  Acc@1: 100.0000 (99.9023)  Acc@5: 100.0000 (100.0000)
Averaged stats: Lr: 0.000003  Loss: 0.0123  Acc@1: 100.0000 (99.9121)  Acc@5: 100.0000 (100.0000)
Averaged stats: Lr: 0.000003  Loss: 0.0135  Acc@1: 100.0000 (99.9219)  Acc@5: 100.0000 (100.0000)
Averaged stats: Lr: 0.000003  Loss: 0.0090  Acc@1: 100.0000 (99.8926)  Acc@5: 100.0000 (100.0000)
Averaged stats: Lr: 0.000003  Loss: 0.0217  Acc@1: 100.0000 (99.9121)  Acc@5: 100.0000 (100.0000)
Averaged stats: Lr: 0.000002  Loss: 0.0094  Acc@1: 100.0000 (99.8828)  Acc@5: 100.0000 (100.0000)
Averaged stats: Lr: 0.000002  Loss: 0.0089  Acc@1: 100.0000 (99.9219)  Acc@5: 100.0000 (100.0000)
Averaged stats: Lr: 0.000002  Loss: 0.0110  Acc@1: 100.0000 (99.9414)  Acc@5: 100.0000 (100.0000)
Averaged stats: Lr: 0.000002  Loss: 0.0152  Acc@1: 100.0000 (99.9609)  Acc@5: 100.0000 (100.0000)
Averaged stats: Lr: 0.000002  Loss: 0.0086  Acc@1: 100.0000 (99.9414)  Acc@5: 100.0000 (100.0000)
Averaged stats: Lr: 0.000002  Loss: 0.0129  Acc@1: 100.0000 (99.9316)  Acc@5: 100.0000 (100.0000)
Averaged stats: Lr: 0.000001  Loss: 0.0095  Acc@1: 100.0000 (99.9023)  Acc@5: 100.0000 (100.0000)
Averaged stats: Lr: 0.000001  Loss: 0.0130  Acc@1: 100.0000 (99.9512)  Acc@5: 100.0000 (100.0000)
Averaged stats: Lr: 0.000001  Loss: 0.0103  Acc@1: 100.0000 (99.9121)  Acc@5: 100.0000 (100.0000)
Averaged stats: Lr: 0.000001  Loss: 0.0076  Acc@1: 100.0000 (99.9316)  Acc@5: 100.0000 (100.0000)
Averaged stats: Lr: 0.000001  Loss: 0.0092  Acc@1: 100.0000 (99.8926)  Acc@5: 100.0000 (100.0000)
Averaged stats: Lr: 0.000001  Loss: 0.0131  Acc@1: 100.0000 (99.9219)  Acc@5: 100.0000 (100.0000)
Averaged stats: Lr: 0.000001  Loss: 0.0068  Acc@1: 100.0000 (99.9414)  Acc@5: 100.0000 (100.0000)
Averaged stats: Lr: 0.000001  Loss: 0.0073  Acc@1: 100.0000 (99.9121)  Acc@5: 100.0000 (100.0000)
=> Saving class model to: outputs/cifar-100/10-task/one-prompt/models/repeat-1/task-9/
=> Save Done
validation split name (local False): 1
 * Val Acc 86.000, Total time 3.78
validation split name (local False): 2
 * Val Acc 86.100, Total time 3.60
validation split name (local False): 3
 * Val Acc 89.800, Total time 3.64
validation split name (local False): 4
 * Val Acc 92.600, Total time 3.61
validation split name (local False): 5
 * Val Acc 93.500, Total time 3.66
validation split name (local False): 6
 * Val Acc 85.200, Total time 3.79
validation split name (local False): 7
 * Val Acc 90.800, Total time 3.75
validation split name (local False): 8
 * Val Acc 94.800, Total time 3.73
validation split name (local False): 9
 * Val Acc 87.800, Total time 3.54
Averaged accuracy for task 9: 89.6222222222222
====================== 10 =======================
Incremental class: Old valid output dimension: 90
Incremental class: New Valid output dimension: 100
Saving old prompts
Optimizer is reset!
Total params: 86105956
Tune params: 307300
Tune ratio: 0.36
Prompt params: 230400
Prompt ratio: 0.27
Epoch:1/20  * Loss 1.402 | Train Acc 64.704
Epoch:2/20  * Loss 1.364 | Train Acc 66.386
Epoch:3/20  * Loss 0.402 | Train Acc 89.824
Epoch:4/20  * Loss 0.230 | Train Acc 93.590
Epoch:5/20  * Loss 0.191 | Train Acc 94.311
Epoch:6/20  * Loss 0.169 | Train Acc 95.312
Epoch:7/20  * Loss 0.172 | Train Acc 94.531
Epoch:8/20  * Loss 0.182 | Train Acc 94.671
Epoch:9/20  * Loss 0.170 | Train Acc 94.892
Epoch:10/20  * Loss 0.169 | Train Acc 94.852
Epoch:11/20  * Loss 0.160 | Train Acc 95.012
Epoch:12/20  * Loss 0.150 | Train Acc 95.232
Epoch:13/20  * Loss 0.139 | Train Acc 95.994
Epoch:14/20  * Loss 0.132 | Train Acc 95.974
Epoch:15/20  * Loss 0.146 | Train Acc 95.513
Epoch:16/20  * Loss 0.132 | Train Acc 96.054
Epoch:17/20  * Loss 0.124 | Train Acc 96.414
Epoch:18/20  * Loss 0.133 | Train Acc 96.214
Epoch:19/20  * Loss 0.132 | Train Acc 96.254
Epoch:20/20  * Loss 0.131 | Train Acc 95.994
----------
Selecting Experts...
----------
Averaged stats: Lr: 0.000010  Loss: 0.0262  Acc@1: 100.0000 (99.8438)  Acc@5: 100.0000 (100.0000)
Averaged stats: Lr: 0.000010  Loss: 0.0112  Acc@1: 100.0000 (99.8524)  Acc@5: 100.0000 (100.0000)
Averaged stats: Lr: 0.000010  Loss: 0.0089  Acc@1: 100.0000 (99.9045)  Acc@5: 100.0000 (100.0000)
Averaged stats: Lr: 0.000010  Loss: 0.0094  Acc@1: 100.0000 (99.8698)  Acc@5: 100.0000 (100.0000)
Averaged stats: Lr: 0.000010  Loss: 0.0071  Acc@1: 100.0000 (99.9045)  Acc@5: 100.0000 (100.0000)
Averaged stats: Lr: 0.000010  Loss: 0.0076  Acc@1: 100.0000 (99.8264)  Acc@5: 100.0000 (100.0000)
Averaged stats: Lr: 0.000010  Loss: 0.0190  Acc@1: 100.0000 (99.9392)  Acc@5: 100.0000 (100.0000)
Averaged stats: Lr: 0.000009  Loss: 0.0086  Acc@1: 100.0000 (99.9132)  Acc@5: 100.0000 (100.0000)
Averaged stats: Lr: 0.000009  Loss: 0.0103  Acc@1: 100.0000 (99.9566)  Acc@5: 100.0000 (100.0000)
Averaged stats: Lr: 0.000009  Loss: 0.0193  Acc@1: 100.0000 (99.9392)  Acc@5: 100.0000 (100.0000)
Averaged stats: Lr: 0.000009  Loss: 0.0106  Acc@1: 100.0000 (99.9392)  Acc@5: 100.0000 (100.0000)
Averaged stats: Lr: 0.000009  Loss: 0.0126  Acc@1: 100.0000 (99.9045)  Acc@5: 100.0000 (100.0000)
Averaged stats: Lr: 0.000009  Loss: 0.0110  Acc@1: 100.0000 (99.9306)  Acc@5: 100.0000 (100.0000)
Averaged stats: Lr: 0.000008  Loss: 0.0089  Acc@1: 100.0000 (99.9653)  Acc@5: 100.0000 (100.0000)
Averaged stats: Lr: 0.000008  Loss: 0.0190  Acc@1: 100.0000 (99.9479)  Acc@5: 100.0000 (100.0000)
Averaged stats: Lr: 0.000008  Loss: 0.0071  Acc@1: 100.0000 (99.9132)  Acc@5: 100.0000 (100.0000)
Averaged stats: Lr: 0.000008  Loss: 0.0209  Acc@1: 100.0000 (99.9306)  Acc@5: 100.0000 (100.0000)
Averaged stats: Lr: 0.000007  Loss: 0.0104  Acc@1: 100.0000 (99.9740)  Acc@5: 100.0000 (100.0000)
Averaged stats: Lr: 0.000007  Loss: 0.0051  Acc@1: 100.0000 (99.9479)  Acc@5: 100.0000 (100.0000)
Averaged stats: Lr: 0.000007  Loss: 0.0132  Acc@1: 100.0000 (99.9045)  Acc@5: 100.0000 (100.0000)
Averaged stats: Lr: 0.000007  Loss: 0.0096  Acc@1: 100.0000 (99.9392)  Acc@5: 100.0000 (100.0000)
Averaged stats: Lr: 0.000006  Loss: 0.0035  Acc@1: 100.0000 (99.9566)  Acc@5: 100.0000 (100.0000)
Averaged stats: Lr: 0.000006  Loss: 0.0122  Acc@1: 100.0000 (99.9219)  Acc@5: 100.0000 (100.0000)
Averaged stats: Lr: 0.000006  Loss: 0.0062  Acc@1: 100.0000 (99.9132)  Acc@5: 100.0000 (100.0000)
Averaged stats: Lr: 0.000006  Loss: 0.0146  Acc@1: 100.0000 (99.9045)  Acc@5: 100.0000 (100.0000)
Averaged stats: Lr: 0.000005  Loss: 0.0185  Acc@1: 100.0000 (99.9392)  Acc@5: 100.0000 (100.0000)
Averaged stats: Lr: 0.000005  Loss: 0.0037  Acc@1: 100.0000 (99.9219)  Acc@5: 100.0000 (100.0000)
Averaged stats: Lr: 0.000005  Loss: 0.0071  Acc@1: 100.0000 (99.9566)  Acc@5: 100.0000 (100.0000)
Averaged stats: Lr: 0.000004  Loss: 0.0087  Acc@1: 100.0000 (99.9913)  Acc@5: 100.0000 (100.0000)
Averaged stats: Lr: 0.000004  Loss: 0.0109  Acc@1: 100.0000 (99.9392)  Acc@5: 100.0000 (100.0000)
Averaged stats: Lr: 0.000004  Loss: 0.0056  Acc@1: 100.0000 (99.9740)  Acc@5: 100.0000 (100.0000)
Averaged stats: Lr: 0.000004  Loss: 0.0050  Acc@1: 100.0000 (99.9306)  Acc@5: 100.0000 (100.0000)
Averaged stats: Lr: 0.000003  Loss: 0.0073  Acc@1: 100.0000 (99.9392)  Acc@5: 100.0000 (100.0000)
Averaged stats: Lr: 0.000003  Loss: 0.0083  Acc@1: 100.0000 (99.9479)  Acc@5: 100.0000 (100.0000)
Averaged stats: Lr: 0.000003  Loss: 0.0092  Acc@1: 100.0000 (99.9479)  Acc@5: 100.0000 (100.0000)
Averaged stats: Lr: 0.000003  Loss: 0.0122  Acc@1: 100.0000 (99.9306)  Acc@5: 100.0000 (100.0000)
Averaged stats: Lr: 0.000002  Loss: 0.0124  Acc@1: 100.0000 (99.9219)  Acc@5: 100.0000 (100.0000)
Averaged stats: Lr: 0.000002  Loss: 0.0076  Acc@1: 100.0000 (99.9566)  Acc@5: 100.0000 (100.0000)
Averaged stats: Lr: 0.000002  Loss: 0.0123  Acc@1: 100.0000 (99.9826)  Acc@5: 100.0000 (100.0000)
Averaged stats: Lr: 0.000002  Loss: 0.0041  Acc@1: 100.0000 (99.9479)  Acc@5: 100.0000 (100.0000)
Averaged stats: Lr: 0.000002  Loss: 0.0087  Acc@1: 100.0000 (99.9392)  Acc@5: 100.0000 (100.0000)
Averaged stats: Lr: 0.000002  Loss: 0.0125  Acc@1: 100.0000 (99.9826)  Acc@5: 100.0000 (100.0000)
Averaged stats: Lr: 0.000001  Loss: 0.0066  Acc@1: 100.0000 (99.9392)  Acc@5: 100.0000 (100.0000)
Averaged stats: Lr: 0.000001  Loss: 0.0089  Acc@1: 100.0000 (99.9653)  Acc@5: 100.0000 (100.0000)
Averaged stats: Lr: 0.000001  Loss: 0.0073  Acc@1: 100.0000 (99.9826)  Acc@5: 100.0000 (100.0000)
Averaged stats: Lr: 0.000001  Loss: 0.0061  Acc@1: 100.0000 (99.9826)  Acc@5: 100.0000 (100.0000)
Averaged stats: Lr: 0.000001  Loss: 0.0079  Acc@1: 100.0000 (99.9740)  Acc@5: 100.0000 (100.0000)
Averaged stats: Lr: 0.000001  Loss: 0.0078  Acc@1: 100.0000 (99.9479)  Acc@5: 100.0000 (100.0000)
Averaged stats: Lr: 0.000001  Loss: 0.0041  Acc@1: 100.0000 (99.9479)  Acc@5: 100.0000 (100.0000)
Averaged stats: Lr: 0.000001  Loss: 0.0087  Acc@1: 100.0000 (99.9306)  Acc@5: 100.0000 (100.0000)
=> Saving class model to: outputs/cifar-100/10-task/one-prompt/models/repeat-1/task-10/
=> Save Done
validation split name (local False): 1
 * Val Acc 85.300, Total time 3.65
validation split name (local False): 2
 * Val Acc 84.900, Total time 4.02
validation split name (local False): 3
 * Val Acc 88.200, Total time 3.41
validation split name (local False): 4
 * Val Acc 91.800, Total time 3.67
validation split name (local False): 5
 * Val Acc 92.800, Total time 3.74
validation split name (local False): 6
 * Val Acc 84.600, Total time 3.80
validation split name (local False): 7
 * Val Acc 90.100, Total time 3.52
validation split name (local False): 8
 * Val Acc 94.400, Total time 3.76
validation split name (local False): 9
 * Val Acc 87.700, Total time 3.72
validation split name (local False): 10
 * Val Acc 90.900, Total time 3.67
Averaged accuracy for task 10: 89.07
Loading sup1k from pretrained/vit_base_patch16_224_augreg2_in21k_ft_in1k.bin ...
Total params: 86105956
Tune params: 307300
Tune ratio: 0.36
Prompt params: 230400
Prompt ratio: 0.27
Incremental class: Old valid output dimension: 0
Incremental class: New Valid output dimension: 10
=> Load Done from outputs/cifar-100/10-task/one-prompt/models/repeat-1/task-1/
validation split name (local False): 1
 * Val Acc 98.800, Total time 3.55
Averaged accuracy for task 1: 98.8
Saving old prompts
Incremental class: Old valid output dimension: 10
Incremental class: New Valid output dimension: 20
=> Load Done from outputs/cifar-100/10-task/one-prompt/models/repeat-1/task-2/
validation split name (local False): 1
 * Val Acc 96.900, Total time 3.58
validation split name (local False): 2
 * Val Acc 91.700, Total time 3.82
Averaged accuracy for task 2: 94.30000000000001
Saving old prompts
Incremental class: Old valid output dimension: 20
Incremental class: New Valid output dimension: 30
=> Load Done from outputs/cifar-100/10-task/one-prompt/models/repeat-1/task-3/
validation split name (local False): 1
 * Val Acc 95.700, Total time 4.01
validation split name (local False): 2
 * Val Acc 89.400, Total time 3.60
validation split name (local False): 3
 * Val Acc 95.600, Total time 3.89
Averaged accuracy for task 3: 93.56666666666668
Saving old prompts
Incremental class: Old valid output dimension: 30
Incremental class: New Valid output dimension: 40
=> Load Done from outputs/cifar-100/10-task/one-prompt/models/repeat-1/task-4/
validation split name (local False): 1
 * Val Acc 94.600, Total time 3.70
validation split name (local False): 2
 * Val Acc 88.800, Total time 3.78
validation split name (local False): 3
 * Val Acc 94.000, Total time 3.71
validation split name (local False): 4
 * Val Acc 94.800, Total time 3.53
Averaged accuracy for task 4: 93.05
Saving old prompts
Incremental class: Old valid output dimension: 40
Incremental class: New Valid output dimension: 50
=> Load Done from outputs/cifar-100/10-task/one-prompt/models/repeat-1/task-5/
validation split name (local False): 1
 * Val Acc 94.000, Total time 3.77
validation split name (local False): 2
 * Val Acc 88.000, Total time 3.64
validation split name (local False): 3
 * Val Acc 93.000, Total time 3.53
validation split name (local False): 4
 * Val Acc 94.300, Total time 3.69
validation split name (local False): 5
 * Val Acc 96.300, Total time 3.62
Averaged accuracy for task 5: 93.12
Saving old prompts
Incremental class: Old valid output dimension: 50
Incremental class: New Valid output dimension: 60
=> Load Done from outputs/cifar-100/10-task/one-prompt/models/repeat-1/task-6/
validation split name (local False): 1
 * Val Acc 91.500, Total time 3.50
validation split name (local False): 2
 * Val Acc 86.600, Total time 3.78
validation split name (local False): 3
 * Val Acc 92.200, Total time 3.73
validation split name (local False): 4
 * Val Acc 94.100, Total time 3.87
validation split name (local False): 5
 * Val Acc 95.800, Total time 3.82
validation split name (local False): 6
 * Val Acc 84.700, Total time 3.64
Averaged accuracy for task 6: 90.81666666666666
Saving old prompts
Incremental class: Old valid output dimension: 60
Incremental class: New Valid output dimension: 70
=> Load Done from outputs/cifar-100/10-task/one-prompt/models/repeat-1/task-7/
validation split name (local False): 1
 * Val Acc 89.900, Total time 3.73
validation split name (local False): 2
 * Val Acc 85.800, Total time 3.43
validation split name (local False): 3
 * Val Acc 91.300, Total time 3.79
validation split name (local False): 4
 * Val Acc 93.200, Total time 3.80
validation split name (local False): 5
 * Val Acc 93.800, Total time 3.76
validation split name (local False): 6
 * Val Acc 85.100, Total time 3.76
validation split name (local False): 7
 * Val Acc 92.200, Total time 3.69
Averaged accuracy for task 7: 90.1857142857143
Saving old prompts
Incremental class: Old valid output dimension: 70
Incremental class: New Valid output dimension: 80
=> Load Done from outputs/cifar-100/10-task/one-prompt/models/repeat-1/task-8/
validation split name (local False): 1
 * Val Acc 89.000, Total time 3.71
validation split name (local False): 2
 * Val Acc 86.300, Total time 3.88
validation split name (local False): 3
 * Val Acc 89.700, Total time 3.77
validation split name (local False): 4
 * Val Acc 91.700, Total time 3.65
validation split name (local False): 5
 * Val Acc 93.000, Total time 3.71
validation split name (local False): 6
 * Val Acc 84.000, Total time 3.87
validation split name (local False): 7
 * Val Acc 91.700, Total time 3.70
validation split name (local False): 8
 * Val Acc 93.900, Total time 3.88
Averaged accuracy for task 8: 89.91250000000001
Saving old prompts
Incremental class: Old valid output dimension: 80
Incremental class: New Valid output dimension: 90
=> Load Done from outputs/cifar-100/10-task/one-prompt/models/repeat-1/task-9/
validation split name (local False): 1
 * Val Acc 86.000, Total time 3.76
validation split name (local False): 2
 * Val Acc 86.100, Total time 3.74
validation split name (local False): 3
 * Val Acc 89.800, Total time 4.00
validation split name (local False): 4
 * Val Acc 92.600, Total time 3.79
validation split name (local False): 5
 * Val Acc 93.500, Total time 3.69
validation split name (local False): 6
 * Val Acc 85.200, Total time 3.81
validation split name (local False): 7
 * Val Acc 90.800, Total time 3.82
validation split name (local False): 8
 * Val Acc 94.800, Total time 3.51
validation split name (local False): 9
 * Val Acc 87.800, Total time 3.97
Averaged accuracy for task 9: 89.6222222222222
Saving old prompts
Incremental class: Old valid output dimension: 90
Incremental class: New Valid output dimension: 100
=> Load Done from outputs/cifar-100/10-task/one-prompt/models/repeat-1/task-10/
validation split name (local False): 1
 * Val Acc 85.300, Total time 3.89
validation split name (local False): 2
 * Val Acc 84.900, Total time 3.86
validation split name (local False): 3
 * Val Acc 88.200, Total time 3.94
validation split name (local False): 4
 * Val Acc 91.800, Total time 3.43
validation split name (local False): 5
 * Val Acc 92.800, Total time 3.70
validation split name (local False): 6
 * Val Acc 84.600, Total time 3.69
validation split name (local False): 7
 * Val Acc 90.100, Total time 3.72
validation split name (local False): 8
 * Val Acc 94.400, Total time 3.78
validation split name (local False): 9
 * Val Acc 87.700, Total time 3.60
validation split name (local False): 10
 * Val Acc 90.900, Total time 3.89
Averaged accuracy for task 10: 89.07
=== Total time: 3:04:39 ===
===Summary of experiment repeats: 1 / 5 ===
acc  | mean: 89.07000000000001 std: 0.0
time  | mean: 1.238402438469422 std: 0.0
fr  | mean: 4.155555555555555 std: 0.0
FAA | mean: 89.07000000000001 std: 0.0
CAA | mean: 92.244376984127 std: 0.0
FR | mean: 4.155555555555555 std: 0.0
************************************
* STARTING TRIAL 2
************************************
=============================================
Shuffling....
pre-shuffle:[0, 1, 2, 3, 4, 5, 6, 7, 8, 9, 10, 11, 12, 13, 14, 15, 16, 17, 18, 19, 20, 21, 22, 23, 24, 25, 26, 27, 28, 29, 30, 31, 32, 33, 34, 35, 36, 37, 38, 39, 40, 41, 42, 43, 44, 45, 46, 47, 48, 49, 50, 51, 52, 53, 54, 55, 56, 57, 58, 59, 60, 61, 62, 63, 64, 65, 66, 67, 68, 69, 70, 71, 72, 73, 74, 75, 76, 77, 78, 79, 80, 81, 82, 83, 84, 85, 86, 87, 88, 89, 90, 91, 92, 93, 94, 95, 96, 97, 98, 99]
post-shuffle:[53, 37, 65, 51, 4, 20, 38, 9, 10, 81, 44, 36, 84, 50, 96, 90, 66, 16, 80, 33, 24, 52, 91, 99, 64, 5, 58, 76, 39, 79, 23, 94, 30, 73, 25, 47, 31, 45, 19, 87, 42, 68, 95, 21, 7, 67, 46, 82, 11, 6, 41, 86, 88, 70, 18, 78, 71, 59, 43, 61, 22, 14, 35, 93, 56, 28, 98, 54, 27, 89, 1, 69, 74, 2, 85, 40, 13, 75, 29, 34, 92, 0, 77, 55, 49, 3, 62, 12, 26, 48, 83, 60, 57, 63, 15, 32, 8, 97, 72, 17]
=============================================
Files already downloaded and verified
Loading sup1k from pretrained/vit_base_patch16_224_augreg2_in21k_ft_in1k.bin ...
Total params: 86105956
Tune params: 307300
Tune ratio: 0.36
Prompt params: 230400
Prompt ratio: 0.27
Total parameters: 86105956
====================== 1 =======================
Incremental class: Old valid output dimension: 0
Incremental class: New Valid output dimension: 10
Optimizer is reset!
Total params: 86105956
Tune params: 307300
Tune ratio: 0.36
Prompt params: 230400
Prompt ratio: 0.27
----------
Initial training...
Optimizer is reset!
Total params: 86105956
Tune params: 307300
Tune ratio: 0.36
Prompt params: 230400
Prompt ratio: 0.27
Epoch:1/10  * Loss 2.036 | Train Acc 29.587
Epoch:2/10  * Loss 2.019 | Train Acc 30.529
Epoch:3/10  * Loss 0.778 | Train Acc 75.982
Epoch:4/10  * Loss 0.337 | Train Acc 90.345
Epoch:5/10  * Loss 0.258 | Train Acc 91.847
Epoch:6/10  * Loss 0.249 | Train Acc 92.588
Epoch:7/10  * Loss 0.230 | Train Acc 92.608
Epoch:8/10  * Loss 0.222 | Train Acc 92.648
Epoch:9/10  * Loss 0.209 | Train Acc 93.169
Epoch:10/10  * Loss 0.203 | Train Acc 93.690
Optimizer is reset!
Total params: 86105956
Tune params: 307300
Tune ratio: 0.36
Prompt params: 230400
Prompt ratio: 0.27
Epoch:1/20  * Loss 0.323 | Train Acc 90.946
Epoch:2/20  * Loss 0.300 | Train Acc 91.386
Epoch:3/20  * Loss 0.301 | Train Acc 91.226
Epoch:4/20  * Loss 0.273 | Train Acc 91.867
Epoch:5/20  * Loss 0.236 | Train Acc 93.069
Epoch:6/20  * Loss 0.214 | Train Acc 93.510
Epoch:7/20  * Loss 0.224 | Train Acc 93.329
Epoch:8/20  * Loss 0.207 | Train Acc 93.630
Epoch:9/20  * Loss 0.212 | Train Acc 93.289
Epoch:10/20  * Loss 0.196 | Train Acc 93.930
Epoch:11/20  * Loss 0.177 | Train Acc 94.331
Epoch:12/20  * Loss 0.193 | Train Acc 93.650
Epoch:13/20  * Loss 0.174 | Train Acc 94.912
Epoch:14/20  * Loss 0.155 | Train Acc 94.651
Epoch:15/20  * Loss 0.158 | Train Acc 94.551
Epoch:16/20  * Loss 0.161 | Train Acc 94.671
Epoch:17/20  * Loss 0.164 | Train Acc 94.491
Epoch:18/20  * Loss 0.155 | Train Acc 95.252
Epoch:19/20  * Loss 0.149 | Train Acc 95.232
Epoch:20/20  * Loss 0.155 | Train Acc 95.272
----------
Selecting Experts...
----------
=> Saving class model to: outputs/cifar-100/10-task/one-prompt/models/repeat-2/task-1/
=> Save Done
validation split name (local False): 1
 * Val Acc 98.400, Total time 3.84
Averaged accuracy for task 1: 98.4
====================== 2 =======================
Incremental class: Old valid output dimension: 10
Incremental class: New Valid output dimension: 20
Saving old prompts
Optimizer is reset!
Total params: 86105956
Tune params: 307300
Tune ratio: 0.36
Prompt params: 230400
Prompt ratio: 0.27
Epoch:1/20  * Loss 1.537 | Train Acc 59.315
Epoch:2/20  * Loss 1.505 | Train Acc 61.639
Epoch:3/20  * Loss 0.626 | Train Acc 82.893
Epoch:4/20  * Loss 0.384 | Train Acc 88.802
Epoch:5/20  * Loss 0.317 | Train Acc 90.064
Epoch:6/20  * Loss 0.315 | Train Acc 90.004
Epoch:7/20  * Loss 0.284 | Train Acc 90.745
Epoch:8/20  * Loss 0.289 | Train Acc 91.166
Epoch:9/20  * Loss 0.273 | Train Acc 91.546
Epoch:10/20  * Loss 0.257 | Train Acc 91.767
Epoch:11/20  * Loss 0.242 | Train Acc 92.388
Epoch:12/20  * Loss 0.248 | Train Acc 92.368
Epoch:13/20  * Loss 0.239 | Train Acc 92.468
Epoch:14/20  * Loss 0.223 | Train Acc 93.249
Epoch:15/20  * Loss 0.227 | Train Acc 92.708
Epoch:16/20  * Loss 0.227 | Train Acc 92.728
Epoch:17/20  * Loss 0.231 | Train Acc 92.368
Epoch:18/20  * Loss 0.235 | Train Acc 92.528
Epoch:19/20  * Loss 0.216 | Train Acc 93.269
Epoch:20/20  * Loss 0.225 | Train Acc 92.808
----------
Selecting Experts...
----------
Averaged stats: Lr: 0.000010  Loss: 0.0217  Acc@1: 100.0000 (99.9219)  Acc@5: 100.0000 (100.0000)
Averaged stats: Lr: 0.000010  Loss: 0.0172  Acc@1: 100.0000 (99.9219)  Acc@5: 100.0000 (100.0000)
Averaged stats: Lr: 0.000010  Loss: 0.0289  Acc@1: 100.0000 (100.0000)  Acc@5: 100.0000 (100.0000)
Averaged stats: Lr: 0.000010  Loss: 0.0296  Acc@1: 100.0000 (99.8438)  Acc@5: 100.0000 (100.0000)
Averaged stats: Lr: 0.000010  Loss: 0.0312  Acc@1: 100.0000 (99.8438)  Acc@5: 100.0000 (100.0000)
Averaged stats: Lr: 0.000010  Loss: 0.0233  Acc@1: 100.0000 (99.9219)  Acc@5: 100.0000 (100.0000)
Averaged stats: Lr: 0.000010  Loss: 0.0245  Acc@1: 100.0000 (99.8438)  Acc@5: 100.0000 (100.0000)
Averaged stats: Lr: 0.000009  Loss: 0.0276  Acc@1: 100.0000 (99.8438)  Acc@5: 100.0000 (100.0000)
Averaged stats: Lr: 0.000009  Loss: 0.0247  Acc@1: 100.0000 (99.8438)  Acc@5: 100.0000 (100.0000)
Averaged stats: Lr: 0.000009  Loss: 0.0178  Acc@1: 100.0000 (99.7656)  Acc@5: 100.0000 (100.0000)
Averaged stats: Lr: 0.000009  Loss: 0.0225  Acc@1: 100.0000 (100.0000)  Acc@5: 100.0000 (100.0000)
Averaged stats: Lr: 0.000009  Loss: 0.0150  Acc@1: 100.0000 (99.7656)  Acc@5: 100.0000 (100.0000)
Averaged stats: Lr: 0.000009  Loss: 0.0151  Acc@1: 100.0000 (99.6875)  Acc@5: 100.0000 (100.0000)
Averaged stats: Lr: 0.000008  Loss: 0.0185  Acc@1: 100.0000 (100.0000)  Acc@5: 100.0000 (100.0000)
Averaged stats: Lr: 0.000008  Loss: 0.0290  Acc@1: 100.0000 (100.0000)  Acc@5: 100.0000 (100.0000)
Averaged stats: Lr: 0.000008  Loss: 0.0208  Acc@1: 100.0000 (99.9219)  Acc@5: 100.0000 (100.0000)
Averaged stats: Lr: 0.000008  Loss: 0.0231  Acc@1: 100.0000 (99.7656)  Acc@5: 100.0000 (100.0000)
Averaged stats: Lr: 0.000007  Loss: 0.0161  Acc@1: 100.0000 (100.0000)  Acc@5: 100.0000 (100.0000)
Averaged stats: Lr: 0.000007  Loss: 0.0158  Acc@1: 100.0000 (99.8438)  Acc@5: 100.0000 (100.0000)
Averaged stats: Lr: 0.000007  Loss: 0.0201  Acc@1: 100.0000 (99.9219)  Acc@5: 100.0000 (100.0000)
Averaged stats: Lr: 0.000007  Loss: 0.0170  Acc@1: 100.0000 (99.8438)  Acc@5: 100.0000 (100.0000)
Averaged stats: Lr: 0.000006  Loss: 0.0207  Acc@1: 100.0000 (100.0000)  Acc@5: 100.0000 (100.0000)
Averaged stats: Lr: 0.000006  Loss: 0.0189  Acc@1: 100.0000 (100.0000)  Acc@5: 100.0000 (100.0000)
Averaged stats: Lr: 0.000006  Loss: 0.0136  Acc@1: 100.0000 (100.0000)  Acc@5: 100.0000 (100.0000)
Averaged stats: Lr: 0.000006  Loss: 0.0134  Acc@1: 100.0000 (100.0000)  Acc@5: 100.0000 (100.0000)
Averaged stats: Lr: 0.000005  Loss: 0.0240  Acc@1: 100.0000 (99.7656)  Acc@5: 100.0000 (100.0000)
Averaged stats: Lr: 0.000005  Loss: 0.0181  Acc@1: 100.0000 (99.9219)  Acc@5: 100.0000 (100.0000)
Averaged stats: Lr: 0.000005  Loss: 0.0283  Acc@1: 100.0000 (99.9219)  Acc@5: 100.0000 (100.0000)
Averaged stats: Lr: 0.000004  Loss: 0.0135  Acc@1: 100.0000 (99.9219)  Acc@5: 100.0000 (100.0000)
Averaged stats: Lr: 0.000004  Loss: 0.0196  Acc@1: 100.0000 (99.8438)  Acc@5: 100.0000 (100.0000)
Averaged stats: Lr: 0.000004  Loss: 0.0171  Acc@1: 100.0000 (99.9219)  Acc@5: 100.0000 (100.0000)
Averaged stats: Lr: 0.000004  Loss: 0.0220  Acc@1: 100.0000 (99.8438)  Acc@5: 100.0000 (100.0000)
Averaged stats: Lr: 0.000003  Loss: 0.0233  Acc@1: 100.0000 (100.0000)  Acc@5: 100.0000 (100.0000)
Averaged stats: Lr: 0.000003  Loss: 0.0246  Acc@1: 100.0000 (99.9219)  Acc@5: 100.0000 (100.0000)
Averaged stats: Lr: 0.000003  Loss: 0.0219  Acc@1: 100.0000 (100.0000)  Acc@5: 100.0000 (100.0000)
Averaged stats: Lr: 0.000003  Loss: 0.0168  Acc@1: 100.0000 (99.9219)  Acc@5: 100.0000 (100.0000)
Averaged stats: Lr: 0.000002  Loss: 0.0132  Acc@1: 100.0000 (100.0000)  Acc@5: 100.0000 (100.0000)
Averaged stats: Lr: 0.000002  Loss: 0.0280  Acc@1: 100.0000 (99.9219)  Acc@5: 100.0000 (100.0000)
Averaged stats: Lr: 0.000002  Loss: 0.0146  Acc@1: 100.0000 (99.6875)  Acc@5: 100.0000 (100.0000)
Averaged stats: Lr: 0.000002  Loss: 0.0207  Acc@1: 100.0000 (99.8438)  Acc@5: 100.0000 (100.0000)
Averaged stats: Lr: 0.000002  Loss: 0.0218  Acc@1: 100.0000 (99.9219)  Acc@5: 100.0000 (100.0000)
Averaged stats: Lr: 0.000002  Loss: 0.0223  Acc@1: 100.0000 (99.8438)  Acc@5: 100.0000 (100.0000)
Averaged stats: Lr: 0.000001  Loss: 0.0173  Acc@1: 100.0000 (100.0000)  Acc@5: 100.0000 (100.0000)
Averaged stats: Lr: 0.000001  Loss: 0.0145  Acc@1: 100.0000 (99.9219)  Acc@5: 100.0000 (100.0000)
Averaged stats: Lr: 0.000001  Loss: 0.0188  Acc@1: 100.0000 (100.0000)  Acc@5: 100.0000 (100.0000)
Averaged stats: Lr: 0.000001  Loss: 0.0175  Acc@1: 100.0000 (99.9219)  Acc@5: 100.0000 (100.0000)
Averaged stats: Lr: 0.000001  Loss: 0.0192  Acc@1: 100.0000 (100.0000)  Acc@5: 100.0000 (100.0000)
Averaged stats: Lr: 0.000001  Loss: 0.0169  Acc@1: 100.0000 (99.9219)  Acc@5: 100.0000 (100.0000)
Averaged stats: Lr: 0.000001  Loss: 0.0151  Acc@1: 100.0000 (99.8438)  Acc@5: 100.0000 (100.0000)
Averaged stats: Lr: 0.000001  Loss: 0.0222  Acc@1: 100.0000 (99.9219)  Acc@5: 100.0000 (100.0000)
=> Saving class model to: outputs/cifar-100/10-task/one-prompt/models/repeat-2/task-2/
=> Save Done
validation split name (local False): 1
 * Val Acc 95.500, Total time 3.85
validation split name (local False): 2
 * Val Acc 93.300, Total time 3.89
Averaged accuracy for task 2: 94.4
====================== 3 =======================
Incremental class: Old valid output dimension: 20
Incremental class: New Valid output dimension: 30
Saving old prompts
Optimizer is reset!
Total params: 86105956
Tune params: 307300
Tune ratio: 0.36
Prompt params: 230400
Prompt ratio: 0.27
Epoch:1/20  * Loss 1.254 | Train Acc 74.579
Epoch:2/20  * Loss 1.203 | Train Acc 77.985
Epoch:3/20  * Loss 0.321 | Train Acc 92.808
Epoch:4/20  * Loss 0.208 | Train Acc 94.651
Epoch:5/20  * Loss 0.170 | Train Acc 95.052
Epoch:6/20  * Loss 0.156 | Train Acc 95.713
Epoch:7/20  * Loss 0.147 | Train Acc 95.853
Epoch:8/20  * Loss 0.152 | Train Acc 95.513
Epoch:9/20  * Loss 0.130 | Train Acc 96.394
Epoch:10/20  * Loss 0.147 | Train Acc 95.913
Epoch:11/20  * Loss 0.136 | Train Acc 96.074
Epoch:12/20  * Loss 0.114 | Train Acc 96.835
Epoch:13/20  * Loss 0.129 | Train Acc 96.294
Epoch:14/20  * Loss 0.129 | Train Acc 96.314
Epoch:15/20  * Loss 0.123 | Train Acc 96.494
Epoch:16/20  * Loss 0.130 | Train Acc 96.274
Epoch:17/20  * Loss 0.115 | Train Acc 96.975
Epoch:18/20  * Loss 0.113 | Train Acc 96.775
Epoch:19/20  * Loss 0.110 | Train Acc 96.935
Epoch:20/20  * Loss 0.108 | Train Acc 96.855
----------
Selecting Experts...
----------
Averaged stats: Lr: 0.000010  Loss: 0.0454  Acc@1: 98.4375 (98.5156)  Acc@5: 100.0000 (100.0000)
Averaged stats: Lr: 0.000010  Loss: 0.0281  Acc@1: 99.2188 (98.8672)  Acc@5: 100.0000 (100.0000)
Averaged stats: Lr: 0.000010  Loss: 0.0325  Acc@1: 99.2188 (99.1016)  Acc@5: 100.0000 (100.0000)
Averaged stats: Lr: 0.000010  Loss: 0.0325  Acc@1: 99.2188 (99.2578)  Acc@5: 100.0000 (100.0000)
Averaged stats: Lr: 0.000010  Loss: 0.0480  Acc@1: 99.2188 (99.2578)  Acc@5: 100.0000 (100.0000)
Averaged stats: Lr: 0.000010  Loss: 0.0382  Acc@1: 99.2188 (99.1797)  Acc@5: 100.0000 (100.0000)
Averaged stats: Lr: 0.000010  Loss: 0.0406  Acc@1: 99.2188 (98.9844)  Acc@5: 100.0000 (100.0000)
Averaged stats: Lr: 0.000009  Loss: 0.0352  Acc@1: 99.2188 (99.4922)  Acc@5: 100.0000 (100.0000)
Averaged stats: Lr: 0.000009  Loss: 0.0425  Acc@1: 99.2188 (99.5312)  Acc@5: 100.0000 (100.0000)
Averaged stats: Lr: 0.000009  Loss: 0.0359  Acc@1: 99.2188 (99.4922)  Acc@5: 100.0000 (100.0000)
Averaged stats: Lr: 0.000009  Loss: 0.0408  Acc@1: 100.0000 (99.6094)  Acc@5: 100.0000 (100.0000)
Averaged stats: Lr: 0.000009  Loss: 0.0200  Acc@1: 99.2188 (99.5312)  Acc@5: 100.0000 (100.0000)
Averaged stats: Lr: 0.000009  Loss: 0.0253  Acc@1: 99.2188 (99.3359)  Acc@5: 100.0000 (100.0000)
Averaged stats: Lr: 0.000008  Loss: 0.0322  Acc@1: 99.2188 (99.4531)  Acc@5: 100.0000 (100.0000)
Averaged stats: Lr: 0.000008  Loss: 0.0386  Acc@1: 100.0000 (99.6484)  Acc@5: 100.0000 (100.0000)
Averaged stats: Lr: 0.000008  Loss: 0.0309  Acc@1: 99.2188 (99.5703)  Acc@5: 100.0000 (100.0000)
Averaged stats: Lr: 0.000008  Loss: 0.0249  Acc@1: 100.0000 (99.7656)  Acc@5: 100.0000 (100.0000)
Averaged stats: Lr: 0.000007  Loss: 0.0168  Acc@1: 100.0000 (99.5312)  Acc@5: 100.0000 (100.0000)
Averaged stats: Lr: 0.000007  Loss: 0.0160  Acc@1: 100.0000 (99.6484)  Acc@5: 100.0000 (100.0000)
Averaged stats: Lr: 0.000007  Loss: 0.0182  Acc@1: 100.0000 (99.6875)  Acc@5: 100.0000 (100.0000)
Averaged stats: Lr: 0.000007  Loss: 0.0174  Acc@1: 100.0000 (99.6094)  Acc@5: 100.0000 (100.0000)
Averaged stats: Lr: 0.000006  Loss: 0.0250  Acc@1: 100.0000 (99.8438)  Acc@5: 100.0000 (100.0000)
Averaged stats: Lr: 0.000006  Loss: 0.0287  Acc@1: 100.0000 (99.7656)  Acc@5: 100.0000 (100.0000)
Averaged stats: Lr: 0.000006  Loss: 0.0174  Acc@1: 100.0000 (99.8438)  Acc@5: 100.0000 (100.0000)
Averaged stats: Lr: 0.000006  Loss: 0.0152  Acc@1: 100.0000 (99.8828)  Acc@5: 100.0000 (100.0000)
Averaged stats: Lr: 0.000005  Loss: 0.0202  Acc@1: 100.0000 (99.6484)  Acc@5: 100.0000 (100.0000)
Averaged stats: Lr: 0.000005  Loss: 0.0305  Acc@1: 100.0000 (99.7656)  Acc@5: 100.0000 (100.0000)
Averaged stats: Lr: 0.000005  Loss: 0.0440  Acc@1: 100.0000 (99.6094)  Acc@5: 100.0000 (100.0000)
Averaged stats: Lr: 0.000004  Loss: 0.0125  Acc@1: 100.0000 (99.8438)  Acc@5: 100.0000 (100.0000)
Averaged stats: Lr: 0.000004  Loss: 0.0261  Acc@1: 100.0000 (99.8047)  Acc@5: 100.0000 (100.0000)
Averaged stats: Lr: 0.000004  Loss: 0.0283  Acc@1: 100.0000 (99.7266)  Acc@5: 100.0000 (100.0000)
Averaged stats: Lr: 0.000004  Loss: 0.0254  Acc@1: 100.0000 (99.6875)  Acc@5: 100.0000 (100.0000)
Averaged stats: Lr: 0.000003  Loss: 0.0138  Acc@1: 100.0000 (99.7656)  Acc@5: 100.0000 (100.0000)
Averaged stats: Lr: 0.000003  Loss: 0.0306  Acc@1: 100.0000 (99.7656)  Acc@5: 100.0000 (100.0000)
Averaged stats: Lr: 0.000003  Loss: 0.0226  Acc@1: 100.0000 (99.8828)  Acc@5: 100.0000 (100.0000)
Averaged stats: Lr: 0.000003  Loss: 0.0287  Acc@1: 100.0000 (99.7266)  Acc@5: 100.0000 (100.0000)
Averaged stats: Lr: 0.000002  Loss: 0.0198  Acc@1: 100.0000 (99.7266)  Acc@5: 100.0000 (100.0000)
Averaged stats: Lr: 0.000002  Loss: 0.0279  Acc@1: 100.0000 (99.7656)  Acc@5: 100.0000 (100.0000)
Averaged stats: Lr: 0.000002  Loss: 0.0279  Acc@1: 100.0000 (99.8047)  Acc@5: 100.0000 (100.0000)
Averaged stats: Lr: 0.000002  Loss: 0.0139  Acc@1: 100.0000 (99.8047)  Acc@5: 100.0000 (100.0000)
Averaged stats: Lr: 0.000002  Loss: 0.0317  Acc@1: 100.0000 (99.8438)  Acc@5: 100.0000 (100.0000)
Averaged stats: Lr: 0.000002  Loss: 0.0295  Acc@1: 100.0000 (99.9609)  Acc@5: 100.0000 (100.0000)
Averaged stats: Lr: 0.000001  Loss: 0.0167  Acc@1: 100.0000 (99.8047)  Acc@5: 100.0000 (100.0000)
Averaged stats: Lr: 0.000001  Loss: 0.0275  Acc@1: 100.0000 (99.7656)  Acc@5: 100.0000 (100.0000)
Averaged stats: Lr: 0.000001  Loss: 0.0241  Acc@1: 100.0000 (99.8047)  Acc@5: 100.0000 (100.0000)
Averaged stats: Lr: 0.000001  Loss: 0.0240  Acc@1: 100.0000 (99.7656)  Acc@5: 100.0000 (100.0000)
Averaged stats: Lr: 0.000001  Loss: 0.0199  Acc@1: 100.0000 (99.9609)  Acc@5: 100.0000 (100.0000)
Averaged stats: Lr: 0.000001  Loss: 0.0238  Acc@1: 100.0000 (99.8047)  Acc@5: 100.0000 (100.0000)
Averaged stats: Lr: 0.000001  Loss: 0.0222  Acc@1: 100.0000 (99.7266)  Acc@5: 100.0000 (100.0000)
Averaged stats: Lr: 0.000001  Loss: 0.0237  Acc@1: 100.0000 (99.8828)  Acc@5: 100.0000 (100.0000)
=> Saving class model to: outputs/cifar-100/10-task/one-prompt/models/repeat-2/task-3/
=> Save Done
validation split name (local False): 1
 * Val Acc 95.800, Total time 3.55
validation split name (local False): 2
 * Val Acc 89.400, Total time 3.73
validation split name (local False): 3
 * Val Acc 97.500, Total time 3.86
Averaged accuracy for task 3: 94.23333333333333
====================== 4 =======================
Incremental class: Old valid output dimension: 30
Incremental class: New Valid output dimension: 40
Saving old prompts
Optimizer is reset!
Total params: 86105956
Tune params: 307300
Tune ratio: 0.36
Prompt params: 230400
Prompt ratio: 0.27
Epoch:1/20  * Loss 1.390 | Train Acc 68.389
Epoch:2/20  * Loss 1.359 | Train Acc 70.052
Epoch:3/20  * Loss 0.449 | Train Acc 88.321
Epoch:4/20  * Loss 0.263 | Train Acc 92.608
Epoch:5/20  * Loss 0.244 | Train Acc 92.748
Epoch:6/20  * Loss 0.198 | Train Acc 93.970
Epoch:7/20  * Loss 0.208 | Train Acc 93.670
Epoch:8/20  * Loss 0.184 | Train Acc 94.351
Epoch:9/20  * Loss 0.192 | Train Acc 94.131
Epoch:10/20  * Loss 0.177 | Train Acc 94.391
Epoch:11/20  * Loss 0.178 | Train Acc 94.571
Epoch:12/20  * Loss 0.174 | Train Acc 94.551
Epoch:13/20  * Loss 0.147 | Train Acc 95.453
Epoch:14/20  * Loss 0.165 | Train Acc 94.912
Epoch:15/20  * Loss 0.141 | Train Acc 95.553
Epoch:16/20  * Loss 0.158 | Train Acc 95.112
Epoch:17/20  * Loss 0.150 | Train Acc 95.312
Epoch:18/20  * Loss 0.153 | Train Acc 95.333
Epoch:19/20  * Loss 0.151 | Train Acc 95.413
Epoch:20/20  * Loss 0.148 | Train Acc 95.152
----------
Selecting Experts...
----------
Averaged stats: Lr: 0.000010  Loss: 0.0360  Acc@1: 100.0000 (99.7917)  Acc@5: 100.0000 (100.0000)
Averaged stats: Lr: 0.000010  Loss: 0.0220  Acc@1: 100.0000 (99.8698)  Acc@5: 100.0000 (100.0000)
Averaged stats: Lr: 0.000010  Loss: 0.0328  Acc@1: 100.0000 (99.8177)  Acc@5: 100.0000 (100.0000)
Averaged stats: Lr: 0.000010  Loss: 0.0262  Acc@1: 100.0000 (99.8438)  Acc@5: 100.0000 (100.0000)
Averaged stats: Lr: 0.000010  Loss: 0.0224  Acc@1: 100.0000 (99.8177)  Acc@5: 100.0000 (100.0000)
Averaged stats: Lr: 0.000010  Loss: 0.0282  Acc@1: 100.0000 (99.9479)  Acc@5: 100.0000 (100.0000)
Averaged stats: Lr: 0.000010  Loss: 0.0337  Acc@1: 100.0000 (99.8438)  Acc@5: 100.0000 (100.0000)
Averaged stats: Lr: 0.000009  Loss: 0.0161  Acc@1: 100.0000 (99.8698)  Acc@5: 100.0000 (100.0000)
Averaged stats: Lr: 0.000009  Loss: 0.0251  Acc@1: 100.0000 (99.8438)  Acc@5: 100.0000 (100.0000)
Averaged stats: Lr: 0.000009  Loss: 0.0224  Acc@1: 100.0000 (99.9479)  Acc@5: 100.0000 (100.0000)
Averaged stats: Lr: 0.000009  Loss: 0.0192  Acc@1: 100.0000 (99.9479)  Acc@5: 100.0000 (100.0000)
Averaged stats: Lr: 0.000009  Loss: 0.0287  Acc@1: 100.0000 (99.9219)  Acc@5: 100.0000 (100.0000)
Averaged stats: Lr: 0.000009  Loss: 0.0236  Acc@1: 100.0000 (99.8958)  Acc@5: 100.0000 (100.0000)
Averaged stats: Lr: 0.000008  Loss: 0.0154  Acc@1: 100.0000 (99.9740)  Acc@5: 100.0000 (100.0000)
Averaged stats: Lr: 0.000008  Loss: 0.0240  Acc@1: 100.0000 (99.9219)  Acc@5: 100.0000 (100.0000)
Averaged stats: Lr: 0.000008  Loss: 0.0261  Acc@1: 100.0000 (99.9479)  Acc@5: 100.0000 (100.0000)
Averaged stats: Lr: 0.000008  Loss: 0.0250  Acc@1: 100.0000 (99.8958)  Acc@5: 100.0000 (100.0000)
Averaged stats: Lr: 0.000007  Loss: 0.0175  Acc@1: 100.0000 (99.9219)  Acc@5: 100.0000 (100.0000)
Averaged stats: Lr: 0.000007  Loss: 0.0184  Acc@1: 100.0000 (99.9219)  Acc@5: 100.0000 (100.0000)
Averaged stats: Lr: 0.000007  Loss: 0.0141  Acc@1: 100.0000 (99.8698)  Acc@5: 100.0000 (100.0000)
Averaged stats: Lr: 0.000007  Loss: 0.0152  Acc@1: 100.0000 (99.9479)  Acc@5: 100.0000 (100.0000)
Averaged stats: Lr: 0.000006  Loss: 0.0131  Acc@1: 100.0000 (99.9740)  Acc@5: 100.0000 (100.0000)
Averaged stats: Lr: 0.000006  Loss: 0.0105  Acc@1: 100.0000 (99.9479)  Acc@5: 100.0000 (100.0000)
Averaged stats: Lr: 0.000006  Loss: 0.0193  Acc@1: 100.0000 (99.9740)  Acc@5: 100.0000 (100.0000)
Averaged stats: Lr: 0.000006  Loss: 0.0159  Acc@1: 100.0000 (99.9740)  Acc@5: 100.0000 (100.0000)
Averaged stats: Lr: 0.000005  Loss: 0.0172  Acc@1: 100.0000 (99.9740)  Acc@5: 100.0000 (100.0000)
Averaged stats: Lr: 0.000005  Loss: 0.0177  Acc@1: 100.0000 (99.9219)  Acc@5: 100.0000 (100.0000)
Averaged stats: Lr: 0.000005  Loss: 0.0156  Acc@1: 100.0000 (99.9740)  Acc@5: 100.0000 (100.0000)
Averaged stats: Lr: 0.000004  Loss: 0.0205  Acc@1: 100.0000 (99.8958)  Acc@5: 100.0000 (100.0000)
Averaged stats: Lr: 0.000004  Loss: 0.0180  Acc@1: 100.0000 (99.8698)  Acc@5: 100.0000 (100.0000)
Averaged stats: Lr: 0.000004  Loss: 0.0199  Acc@1: 100.0000 (99.9219)  Acc@5: 100.0000 (100.0000)
Averaged stats: Lr: 0.000004  Loss: 0.0136  Acc@1: 100.0000 (100.0000)  Acc@5: 100.0000 (100.0000)
Averaged stats: Lr: 0.000003  Loss: 0.0146  Acc@1: 100.0000 (99.8438)  Acc@5: 100.0000 (100.0000)
Averaged stats: Lr: 0.000003  Loss: 0.0106  Acc@1: 100.0000 (99.9219)  Acc@5: 100.0000 (100.0000)
Averaged stats: Lr: 0.000003  Loss: 0.0263  Acc@1: 100.0000 (99.9740)  Acc@5: 100.0000 (100.0000)
Averaged stats: Lr: 0.000003  Loss: 0.0135  Acc@1: 100.0000 (99.9219)  Acc@5: 100.0000 (100.0000)
Averaged stats: Lr: 0.000002  Loss: 0.0138  Acc@1: 100.0000 (99.9740)  Acc@5: 100.0000 (100.0000)
Averaged stats: Lr: 0.000002  Loss: 0.0174  Acc@1: 100.0000 (99.9219)  Acc@5: 100.0000 (100.0000)
Averaged stats: Lr: 0.000002  Loss: 0.0235  Acc@1: 100.0000 (100.0000)  Acc@5: 100.0000 (100.0000)
Averaged stats: Lr: 0.000002  Loss: 0.0204  Acc@1: 100.0000 (99.8958)  Acc@5: 100.0000 (100.0000)
Averaged stats: Lr: 0.000002  Loss: 0.0161  Acc@1: 100.0000 (99.9219)  Acc@5: 100.0000 (100.0000)
Averaged stats: Lr: 0.000002  Loss: 0.0156  Acc@1: 100.0000 (99.8698)  Acc@5: 100.0000 (100.0000)
Averaged stats: Lr: 0.000001  Loss: 0.0299  Acc@1: 100.0000 (99.8438)  Acc@5: 100.0000 (100.0000)
Averaged stats: Lr: 0.000001  Loss: 0.0180  Acc@1: 100.0000 (99.9740)  Acc@5: 100.0000 (100.0000)
Averaged stats: Lr: 0.000001  Loss: 0.0227  Acc@1: 100.0000 (100.0000)  Acc@5: 100.0000 (100.0000)
Averaged stats: Lr: 0.000001  Loss: 0.0091  Acc@1: 100.0000 (99.9740)  Acc@5: 100.0000 (100.0000)
Averaged stats: Lr: 0.000001  Loss: 0.0160  Acc@1: 100.0000 (99.9479)  Acc@5: 100.0000 (100.0000)
Averaged stats: Lr: 0.000001  Loss: 0.0131  Acc@1: 100.0000 (99.8698)  Acc@5: 100.0000 (100.0000)
Averaged stats: Lr: 0.000001  Loss: 0.0136  Acc@1: 100.0000 (99.8698)  Acc@5: 100.0000 (100.0000)
Averaged stats: Lr: 0.000001  Loss: 0.0224  Acc@1: 100.0000 (100.0000)  Acc@5: 100.0000 (100.0000)
=> Saving class model to: outputs/cifar-100/10-task/one-prompt/models/repeat-2/task-4/
=> Save Done
validation split name (local False): 1
 * Val Acc 94.700, Total time 3.80
validation split name (local False): 2
 * Val Acc 88.900, Total time 3.78
validation split name (local False): 3
 * Val Acc 93.900, Total time 4.08
validation split name (local False): 4
 * Val Acc 91.000, Total time 3.63
Averaged accuracy for task 4: 92.125
====================== 5 =======================
Incremental class: Old valid output dimension: 40
Incremental class: New Valid output dimension: 50
Saving old prompts
Optimizer is reset!
Total params: 86105956
Tune params: 307300
Tune ratio: 0.36
Prompt params: 230400
Prompt ratio: 0.27
Epoch:1/20  * Loss 1.490 | Train Acc 57.312
Epoch:2/20  * Loss 1.457 | Train Acc 58.233
Epoch:3/20  * Loss 0.465 | Train Acc 87.139
Epoch:4/20  * Loss 0.248 | Train Acc 92.388
Epoch:5/20  * Loss 0.208 | Train Acc 93.429
Epoch:6/20  * Loss 0.198 | Train Acc 93.530
Epoch:7/20  * Loss 0.183 | Train Acc 94.231
Epoch:8/20  * Loss 0.173 | Train Acc 94.191
Epoch:9/20  * Loss 0.185 | Train Acc 93.910
Epoch:10/20  * Loss 0.169 | Train Acc 94.792
Epoch:11/20  * Loss 0.162 | Train Acc 95.012
Epoch:12/20  * Loss 0.167 | Train Acc 94.732
Epoch:13/20  * Loss 0.176 | Train Acc 94.491
Epoch:14/20  * Loss 0.161 | Train Acc 94.992
Epoch:15/20  * Loss 0.164 | Train Acc 94.591
Epoch:16/20  * Loss 0.166 | Train Acc 94.671
Epoch:17/20  * Loss 0.169 | Train Acc 94.852
Epoch:18/20  * Loss 0.170 | Train Acc 94.892
Epoch:19/20  * Loss 0.140 | Train Acc 95.633
Epoch:20/20  * Loss 0.143 | Train Acc 95.232
----------
Selecting Experts...
----------
Averaged stats: Lr: 0.000010  Loss: 0.0389  Acc@1: 100.0000 (99.6680)  Acc@5: 100.0000 (100.0000)
Averaged stats: Lr: 0.000010  Loss: 0.0544  Acc@1: 100.0000 (99.7656)  Acc@5: 100.0000 (100.0000)
Averaged stats: Lr: 0.000010  Loss: 0.0491  Acc@1: 100.0000 (99.7070)  Acc@5: 100.0000 (100.0000)
Averaged stats: Lr: 0.000010  Loss: 0.0343  Acc@1: 100.0000 (99.7070)  Acc@5: 100.0000 (100.0000)
Averaged stats: Lr: 0.000010  Loss: 0.0238  Acc@1: 100.0000 (99.8242)  Acc@5: 100.0000 (100.0000)
Averaged stats: Lr: 0.000010  Loss: 0.0309  Acc@1: 100.0000 (99.7461)  Acc@5: 100.0000 (100.0000)
Averaged stats: Lr: 0.000010  Loss: 0.0289  Acc@1: 100.0000 (99.8438)  Acc@5: 100.0000 (100.0000)
Averaged stats: Lr: 0.000009  Loss: 0.0220  Acc@1: 100.0000 (99.7266)  Acc@5: 100.0000 (100.0000)
Averaged stats: Lr: 0.000009  Loss: 0.0276  Acc@1: 100.0000 (99.8633)  Acc@5: 100.0000 (100.0000)
Averaged stats: Lr: 0.000009  Loss: 0.0192  Acc@1: 100.0000 (99.7656)  Acc@5: 100.0000 (100.0000)
Averaged stats: Lr: 0.000009  Loss: 0.0180  Acc@1: 100.0000 (99.8047)  Acc@5: 100.0000 (100.0000)
Averaged stats: Lr: 0.000009  Loss: 0.0414  Acc@1: 100.0000 (99.8047)  Acc@5: 100.0000 (100.0000)
Averaged stats: Lr: 0.000009  Loss: 0.0228  Acc@1: 100.0000 (99.8438)  Acc@5: 100.0000 (100.0000)
Averaged stats: Lr: 0.000008  Loss: 0.0232  Acc@1: 100.0000 (99.7266)  Acc@5: 100.0000 (100.0000)
Averaged stats: Lr: 0.000008  Loss: 0.0276  Acc@1: 100.0000 (99.7461)  Acc@5: 100.0000 (100.0000)
Averaged stats: Lr: 0.000008  Loss: 0.0097  Acc@1: 100.0000 (99.8438)  Acc@5: 100.0000 (100.0000)
Averaged stats: Lr: 0.000008  Loss: 0.0223  Acc@1: 100.0000 (99.8242)  Acc@5: 100.0000 (100.0000)
Averaged stats: Lr: 0.000007  Loss: 0.0108  Acc@1: 100.0000 (99.9219)  Acc@5: 100.0000 (100.0000)
Averaged stats: Lr: 0.000007  Loss: 0.0214  Acc@1: 100.0000 (99.7656)  Acc@5: 100.0000 (100.0000)
Averaged stats: Lr: 0.000007  Loss: 0.0169  Acc@1: 100.0000 (99.8633)  Acc@5: 100.0000 (100.0000)
Averaged stats: Lr: 0.000007  Loss: 0.0130  Acc@1: 100.0000 (99.8438)  Acc@5: 100.0000 (100.0000)
Averaged stats: Lr: 0.000006  Loss: 0.0188  Acc@1: 100.0000 (99.9023)  Acc@5: 100.0000 (100.0000)
Averaged stats: Lr: 0.000006  Loss: 0.0154  Acc@1: 100.0000 (99.9219)  Acc@5: 100.0000 (100.0000)
Averaged stats: Lr: 0.000006  Loss: 0.0081  Acc@1: 100.0000 (99.8242)  Acc@5: 100.0000 (100.0000)
Averaged stats: Lr: 0.000006  Loss: 0.0163  Acc@1: 100.0000 (99.8633)  Acc@5: 100.0000 (100.0000)
Averaged stats: Lr: 0.000005  Loss: 0.0175  Acc@1: 100.0000 (99.8828)  Acc@5: 100.0000 (100.0000)
Averaged stats: Lr: 0.000005  Loss: 0.0217  Acc@1: 100.0000 (99.8633)  Acc@5: 100.0000 (100.0000)
Averaged stats: Lr: 0.000005  Loss: 0.0148  Acc@1: 100.0000 (99.8242)  Acc@5: 100.0000 (100.0000)
Averaged stats: Lr: 0.000004  Loss: 0.0190  Acc@1: 100.0000 (99.8828)  Acc@5: 100.0000 (100.0000)
Averaged stats: Lr: 0.000004  Loss: 0.0124  Acc@1: 100.0000 (99.8047)  Acc@5: 100.0000 (100.0000)
Averaged stats: Lr: 0.000004  Loss: 0.0112  Acc@1: 100.0000 (99.8828)  Acc@5: 100.0000 (100.0000)
Averaged stats: Lr: 0.000004  Loss: 0.0143  Acc@1: 100.0000 (99.9414)  Acc@5: 100.0000 (100.0000)
Averaged stats: Lr: 0.000003  Loss: 0.0161  Acc@1: 100.0000 (99.8047)  Acc@5: 100.0000 (100.0000)
Averaged stats: Lr: 0.000003  Loss: 0.0270  Acc@1: 100.0000 (99.8633)  Acc@5: 100.0000 (100.0000)
Averaged stats: Lr: 0.000003  Loss: 0.0167  Acc@1: 100.0000 (99.8633)  Acc@5: 100.0000 (100.0000)
Averaged stats: Lr: 0.000003  Loss: 0.0181  Acc@1: 100.0000 (99.8438)  Acc@5: 100.0000 (100.0000)
Averaged stats: Lr: 0.000002  Loss: 0.0116  Acc@1: 100.0000 (99.7461)  Acc@5: 100.0000 (100.0000)
Averaged stats: Lr: 0.000002  Loss: 0.0087  Acc@1: 100.0000 (99.8242)  Acc@5: 100.0000 (100.0000)
Averaged stats: Lr: 0.000002  Loss: 0.0166  Acc@1: 100.0000 (99.8828)  Acc@5: 100.0000 (100.0000)
Averaged stats: Lr: 0.000002  Loss: 0.0159  Acc@1: 100.0000 (99.8828)  Acc@5: 100.0000 (100.0000)
Averaged stats: Lr: 0.000002  Loss: 0.0252  Acc@1: 100.0000 (99.9023)  Acc@5: 100.0000 (100.0000)
Averaged stats: Lr: 0.000002  Loss: 0.0160  Acc@1: 100.0000 (99.8633)  Acc@5: 100.0000 (100.0000)
Averaged stats: Lr: 0.000001  Loss: 0.0234  Acc@1: 100.0000 (99.8438)  Acc@5: 100.0000 (100.0000)
Averaged stats: Lr: 0.000001  Loss: 0.0081  Acc@1: 100.0000 (99.9023)  Acc@5: 100.0000 (100.0000)
Averaged stats: Lr: 0.000001  Loss: 0.0265  Acc@1: 100.0000 (99.9609)  Acc@5: 100.0000 (100.0000)
Averaged stats: Lr: 0.000001  Loss: 0.0199  Acc@1: 100.0000 (99.8438)  Acc@5: 100.0000 (100.0000)
Averaged stats: Lr: 0.000001  Loss: 0.0113  Acc@1: 100.0000 (99.8242)  Acc@5: 100.0000 (100.0000)
Averaged stats: Lr: 0.000001  Loss: 0.0159  Acc@1: 100.0000 (99.7656)  Acc@5: 100.0000 (100.0000)
Averaged stats: Lr: 0.000001  Loss: 0.0300  Acc@1: 100.0000 (99.7852)  Acc@5: 100.0000 (100.0000)
Averaged stats: Lr: 0.000001  Loss: 0.0131  Acc@1: 100.0000 (99.8047)  Acc@5: 100.0000 (100.0000)
=> Saving class model to: outputs/cifar-100/10-task/one-prompt/models/repeat-2/task-5/
=> Save Done
validation split name (local False): 1
 * Val Acc 94.300, Total time 3.03
validation split name (local False): 2
 * Val Acc 88.800, Total time 3.06
validation split name (local False): 3
 * Val Acc 93.700, Total time 3.08
validation split name (local False): 4
 * Val Acc 89.900, Total time 3.11
validation split name (local False): 5
 * Val Acc 92.900, Total time 3.05
Averaged accuracy for task 5: 91.92
====================== 6 =======================
Incremental class: Old valid output dimension: 50
Incremental class: New Valid output dimension: 60
Saving old prompts
Optimizer is reset!
Total params: 86105956
Tune params: 307300
Tune ratio: 0.36
Prompt params: 230400
Prompt ratio: 0.27
Epoch:1/20  * Loss 1.340 | Train Acc 67.027
Epoch:2/20  * Loss 1.289 | Train Acc 70.513
Epoch:3/20  * Loss 0.336 | Train Acc 91.967
Epoch:4/20  * Loss 0.167 | Train Acc 95.593
Epoch:5/20  * Loss 0.177 | Train Acc 95.312
Epoch:6/20  * Loss 0.133 | Train Acc 96.254
Epoch:7/20  * Loss 0.128 | Train Acc 96.514
Epoch:8/20  * Loss 0.130 | Train Acc 96.414
Epoch:9/20  * Loss 0.120 | Train Acc 96.775
Epoch:10/20  * Loss 0.117 | Train Acc 96.655
Epoch:11/20  * Loss 0.125 | Train Acc 96.554
Epoch:12/20  * Loss 0.111 | Train Acc 96.875
Epoch:13/20  * Loss 0.109 | Train Acc 96.915
Epoch:14/20  * Loss 0.098 | Train Acc 97.296
Epoch:15/20  * Loss 0.109 | Train Acc 96.995
Epoch:16/20  * Loss 0.109 | Train Acc 96.815
Epoch:17/20  * Loss 0.092 | Train Acc 97.336
Epoch:18/20  * Loss 0.105 | Train Acc 97.196
Epoch:19/20  * Loss 0.117 | Train Acc 96.915
Epoch:20/20  * Loss 0.094 | Train Acc 97.356
----------
Selecting Experts...
----------
Averaged stats: Lr: 0.000010  Loss: 0.0409  Acc@1: 100.0000 (99.7031)  Acc@5: 100.0000 (100.0000)
Averaged stats: Lr: 0.000010  Loss: 0.0243  Acc@1: 100.0000 (99.8906)  Acc@5: 100.0000 (100.0000)
Averaged stats: Lr: 0.000010  Loss: 0.0191  Acc@1: 100.0000 (99.7812)  Acc@5: 100.0000 (100.0000)
Averaged stats: Lr: 0.000010  Loss: 0.0231  Acc@1: 100.0000 (99.7969)  Acc@5: 100.0000 (100.0000)
Averaged stats: Lr: 0.000010  Loss: 0.0153  Acc@1: 100.0000 (99.8125)  Acc@5: 100.0000 (100.0000)
Averaged stats: Lr: 0.000010  Loss: 0.0267  Acc@1: 100.0000 (99.8594)  Acc@5: 100.0000 (100.0000)
Averaged stats: Lr: 0.000010  Loss: 0.0181  Acc@1: 100.0000 (99.8438)  Acc@5: 100.0000 (100.0000)
Averaged stats: Lr: 0.000009  Loss: 0.0112  Acc@1: 100.0000 (99.8125)  Acc@5: 100.0000 (100.0000)
Averaged stats: Lr: 0.000009  Loss: 0.0181  Acc@1: 100.0000 (99.8438)  Acc@5: 100.0000 (100.0000)
Averaged stats: Lr: 0.000009  Loss: 0.0126  Acc@1: 100.0000 (99.8594)  Acc@5: 100.0000 (100.0000)
Averaged stats: Lr: 0.000009  Loss: 0.0156  Acc@1: 100.0000 (99.8750)  Acc@5: 100.0000 (100.0000)
Averaged stats: Lr: 0.000009  Loss: 0.0211  Acc@1: 100.0000 (99.8750)  Acc@5: 100.0000 (100.0000)
Averaged stats: Lr: 0.000009  Loss: 0.0152  Acc@1: 100.0000 (99.9062)  Acc@5: 100.0000 (100.0000)
Averaged stats: Lr: 0.000008  Loss: 0.0152  Acc@1: 100.0000 (99.9219)  Acc@5: 100.0000 (100.0000)
Averaged stats: Lr: 0.000008  Loss: 0.0223  Acc@1: 100.0000 (99.8281)  Acc@5: 100.0000 (100.0000)
Averaged stats: Lr: 0.000008  Loss: 0.0259  Acc@1: 100.0000 (99.8125)  Acc@5: 100.0000 (100.0000)
Averaged stats: Lr: 0.000008  Loss: 0.0339  Acc@1: 100.0000 (99.9062)  Acc@5: 100.0000 (100.0000)
Averaged stats: Lr: 0.000007  Loss: 0.0177  Acc@1: 100.0000 (99.8281)  Acc@5: 100.0000 (100.0000)
Averaged stats: Lr: 0.000007  Loss: 0.0123  Acc@1: 100.0000 (99.8906)  Acc@5: 100.0000 (100.0000)
Averaged stats: Lr: 0.000007  Loss: 0.0195  Acc@1: 100.0000 (99.9062)  Acc@5: 100.0000 (100.0000)
Averaged stats: Lr: 0.000007  Loss: 0.0165  Acc@1: 100.0000 (99.9062)  Acc@5: 100.0000 (100.0000)
Averaged stats: Lr: 0.000006  Loss: 0.0207  Acc@1: 100.0000 (99.9375)  Acc@5: 100.0000 (100.0000)
Averaged stats: Lr: 0.000006  Loss: 0.0193  Acc@1: 100.0000 (99.9531)  Acc@5: 100.0000 (100.0000)
Averaged stats: Lr: 0.000006  Loss: 0.0283  Acc@1: 100.0000 (99.9219)  Acc@5: 100.0000 (100.0000)
Averaged stats: Lr: 0.000006  Loss: 0.0238  Acc@1: 100.0000 (99.9219)  Acc@5: 100.0000 (100.0000)
Averaged stats: Lr: 0.000005  Loss: 0.0199  Acc@1: 100.0000 (99.8438)  Acc@5: 100.0000 (100.0000)
Averaged stats: Lr: 0.000005  Loss: 0.0093  Acc@1: 100.0000 (99.8438)  Acc@5: 100.0000 (100.0000)
Averaged stats: Lr: 0.000005  Loss: 0.0250  Acc@1: 100.0000 (99.9062)  Acc@5: 100.0000 (100.0000)
Averaged stats: Lr: 0.000004  Loss: 0.0163  Acc@1: 100.0000 (99.9375)  Acc@5: 100.0000 (100.0000)
Averaged stats: Lr: 0.000004  Loss: 0.0101  Acc@1: 100.0000 (99.9062)  Acc@5: 100.0000 (100.0000)
Averaged stats: Lr: 0.000004  Loss: 0.0138  Acc@1: 100.0000 (99.9062)  Acc@5: 100.0000 (100.0000)
Averaged stats: Lr: 0.000004  Loss: 0.0144  Acc@1: 100.0000 (99.9219)  Acc@5: 100.0000 (100.0000)
Averaged stats: Lr: 0.000003  Loss: 0.0136  Acc@1: 100.0000 (99.9062)  Acc@5: 100.0000 (100.0000)
Averaged stats: Lr: 0.000003  Loss: 0.0201  Acc@1: 100.0000 (99.9062)  Acc@5: 100.0000 (100.0000)
Averaged stats: Lr: 0.000003  Loss: 0.0111  Acc@1: 100.0000 (99.9531)  Acc@5: 100.0000 (100.0000)
Averaged stats: Lr: 0.000003  Loss: 0.0189  Acc@1: 100.0000 (99.9375)  Acc@5: 100.0000 (100.0000)
Averaged stats: Lr: 0.000002  Loss: 0.0194  Acc@1: 100.0000 (99.8750)  Acc@5: 100.0000 (100.0000)
Averaged stats: Lr: 0.000002  Loss: 0.0091  Acc@1: 100.0000 (99.8438)  Acc@5: 100.0000 (100.0000)
Averaged stats: Lr: 0.000002  Loss: 0.0177  Acc@1: 100.0000 (99.8906)  Acc@5: 100.0000 (100.0000)
Averaged stats: Lr: 0.000002  Loss: 0.0494  Acc@1: 100.0000 (99.8906)  Acc@5: 100.0000 (100.0000)
Averaged stats: Lr: 0.000002  Loss: 0.0143  Acc@1: 100.0000 (99.8438)  Acc@5: 100.0000 (100.0000)
Averaged stats: Lr: 0.000002  Loss: 0.0089  Acc@1: 100.0000 (99.9062)  Acc@5: 100.0000 (100.0000)
Averaged stats: Lr: 0.000001  Loss: 0.0124  Acc@1: 100.0000 (99.8594)  Acc@5: 100.0000 (100.0000)
Averaged stats: Lr: 0.000001  Loss: 0.0095  Acc@1: 100.0000 (99.9219)  Acc@5: 100.0000 (100.0000)
Averaged stats: Lr: 0.000001  Loss: 0.0170  Acc@1: 100.0000 (99.8906)  Acc@5: 100.0000 (100.0000)
Averaged stats: Lr: 0.000001  Loss: 0.0182  Acc@1: 100.0000 (99.9375)  Acc@5: 100.0000 (100.0000)
Averaged stats: Lr: 0.000001  Loss: 0.0125  Acc@1: 100.0000 (99.9531)  Acc@5: 100.0000 (100.0000)
Averaged stats: Lr: 0.000001  Loss: 0.0099  Acc@1: 100.0000 (99.9688)  Acc@5: 100.0000 (100.0000)
Averaged stats: Lr: 0.000001  Loss: 0.0158  Acc@1: 100.0000 (99.9062)  Acc@5: 100.0000 (100.0000)
Averaged stats: Lr: 0.000001  Loss: 0.0069  Acc@1: 100.0000 (99.9062)  Acc@5: 100.0000 (100.0000)
=> Saving class model to: outputs/cifar-100/10-task/one-prompt/models/repeat-2/task-6/
=> Save Done
validation split name (local False): 1
 * Val Acc 92.700, Total time 3.25
validation split name (local False): 2
 * Val Acc 86.900, Total time 3.13
validation split name (local False): 3
 * Val Acc 90.500, Total time 3.15
validation split name (local False): 4
 * Val Acc 88.900, Total time 3.13
validation split name (local False): 5
 * Val Acc 91.300, Total time 3.12
validation split name (local False): 6
 * Val Acc 92.200, Total time 3.07
Averaged accuracy for task 6: 90.41666666666667
====================== 7 =======================
Incremental class: Old valid output dimension: 60
Incremental class: New Valid output dimension: 70
Saving old prompts
Optimizer is reset!
Total params: 86105956
Tune params: 307300
Tune ratio: 0.36
Prompt params: 230400
Prompt ratio: 0.27
Epoch:1/20  * Loss 1.445 | Train Acc 60.537
Epoch:2/20  * Loss 1.402 | Train Acc 63.462
Epoch:3/20  * Loss 0.459 | Train Acc 86.498
Epoch:4/20  * Loss 0.253 | Train Acc 92.047
Epoch:5/20  * Loss 0.230 | Train Acc 92.568
Epoch:6/20  * Loss 0.235 | Train Acc 92.388
Epoch:7/20  * Loss 0.214 | Train Acc 93.289
Epoch:8/20  * Loss 0.180 | Train Acc 94.311
Epoch:9/20  * Loss 0.199 | Train Acc 93.269
Epoch:10/20  * Loss 0.195 | Train Acc 93.710
Epoch:11/20  * Loss 0.200 | Train Acc 93.429
Epoch:12/20  * Loss 0.174 | Train Acc 94.651
Epoch:13/20  * Loss 0.162 | Train Acc 94.631
Epoch:14/20  * Loss 0.179 | Train Acc 94.010
Epoch:15/20  * Loss 0.180 | Train Acc 94.571
Epoch:16/20  * Loss 0.178 | Train Acc 94.050
Epoch:17/20  * Loss 0.143 | Train Acc 95.633
Epoch:18/20  * Loss 0.162 | Train Acc 94.852
Epoch:19/20  * Loss 0.157 | Train Acc 94.752
Epoch:20/20  * Loss 0.165 | Train Acc 94.852
----------
Selecting Experts...
----------
Averaged stats: Lr: 0.000010  Loss: 0.0248  Acc@1: 99.2188 (99.1276)  Acc@5: 100.0000 (100.0000)
Averaged stats: Lr: 0.000010  Loss: 0.0345  Acc@1: 99.2188 (98.9062)  Acc@5: 100.0000 (100.0000)
Averaged stats: Lr: 0.000010  Loss: 0.0247  Acc@1: 100.0000 (99.1536)  Acc@5: 100.0000 (100.0000)
Averaged stats: Lr: 0.000010  Loss: 0.0320  Acc@1: 99.2188 (99.1536)  Acc@5: 100.0000 (100.0000)
Averaged stats: Lr: 0.000010  Loss: 0.0285  Acc@1: 99.2188 (99.1276)  Acc@5: 100.0000 (100.0000)
Averaged stats: Lr: 0.000010  Loss: 0.0224  Acc@1: 99.2188 (99.2969)  Acc@5: 100.0000 (100.0000)
Averaged stats: Lr: 0.000010  Loss: 0.0532  Acc@1: 99.2188 (99.2318)  Acc@5: 100.0000 (100.0000)
Averaged stats: Lr: 0.000009  Loss: 0.0193  Acc@1: 99.2188 (99.3620)  Acc@5: 100.0000 (100.0000)
Averaged stats: Lr: 0.000009  Loss: 0.0258  Acc@1: 99.2188 (99.3750)  Acc@5: 100.0000 (100.0000)
Averaged stats: Lr: 0.000009  Loss: 0.0322  Acc@1: 99.2188 (99.3359)  Acc@5: 100.0000 (100.0000)
Averaged stats: Lr: 0.000009  Loss: 0.0206  Acc@1: 99.2188 (99.1667)  Acc@5: 100.0000 (100.0000)
Averaged stats: Lr: 0.000009  Loss: 0.0399  Acc@1: 99.2188 (99.3359)  Acc@5: 100.0000 (100.0000)
Averaged stats: Lr: 0.000009  Loss: 0.0109  Acc@1: 99.2188 (99.4010)  Acc@5: 100.0000 (100.0000)
Averaged stats: Lr: 0.000008  Loss: 0.0312  Acc@1: 99.2188 (99.3099)  Acc@5: 100.0000 (100.0000)
Averaged stats: Lr: 0.000008  Loss: 0.0138  Acc@1: 99.2188 (99.4271)  Acc@5: 100.0000 (100.0000)
Averaged stats: Lr: 0.000008  Loss: 0.0154  Acc@1: 100.0000 (99.4531)  Acc@5: 100.0000 (100.0000)
Averaged stats: Lr: 0.000008  Loss: 0.0209  Acc@1: 100.0000 (99.3490)  Acc@5: 100.0000 (100.0000)
Averaged stats: Lr: 0.000007  Loss: 0.0247  Acc@1: 99.2188 (99.2969)  Acc@5: 100.0000 (100.0000)
Averaged stats: Lr: 0.000007  Loss: 0.0345  Acc@1: 99.2188 (99.5312)  Acc@5: 100.0000 (100.0000)
Averaged stats: Lr: 0.000007  Loss: 0.0360  Acc@1: 99.2188 (99.4141)  Acc@5: 100.0000 (100.0000)
Averaged stats: Lr: 0.000007  Loss: 0.0345  Acc@1: 99.2188 (99.5833)  Acc@5: 100.0000 (100.0000)
Averaged stats: Lr: 0.000006  Loss: 0.0167  Acc@1: 99.2188 (99.5443)  Acc@5: 100.0000 (100.0000)
Averaged stats: Lr: 0.000006  Loss: 0.0216  Acc@1: 100.0000 (99.5703)  Acc@5: 100.0000 (100.0000)
Averaged stats: Lr: 0.000006  Loss: 0.0168  Acc@1: 99.2188 (99.2839)  Acc@5: 100.0000 (100.0000)
Averaged stats: Lr: 0.000006  Loss: 0.0417  Acc@1: 100.0000 (99.5182)  Acc@5: 100.0000 (100.0000)
Averaged stats: Lr: 0.000005  Loss: 0.0360  Acc@1: 99.2188 (99.5312)  Acc@5: 100.0000 (100.0000)
Averaged stats: Lr: 0.000005  Loss: 0.0182  Acc@1: 99.2188 (99.4792)  Acc@5: 100.0000 (100.0000)
Averaged stats: Lr: 0.000005  Loss: 0.0448  Acc@1: 99.2188 (99.3490)  Acc@5: 100.0000 (100.0000)
Averaged stats: Lr: 0.000004  Loss: 0.0357  Acc@1: 99.2188 (99.2448)  Acc@5: 100.0000 (100.0000)
Averaged stats: Lr: 0.000004  Loss: 0.0166  Acc@1: 99.2188 (99.3620)  Acc@5: 100.0000 (100.0000)
Averaged stats: Lr: 0.000004  Loss: 0.0235  Acc@1: 99.2188 (99.3490)  Acc@5: 100.0000 (100.0000)
Averaged stats: Lr: 0.000004  Loss: 0.0128  Acc@1: 100.0000 (99.4401)  Acc@5: 100.0000 (100.0000)
Averaged stats: Lr: 0.000003  Loss: 0.0276  Acc@1: 99.2188 (99.4010)  Acc@5: 100.0000 (100.0000)
Averaged stats: Lr: 0.000003  Loss: 0.0167  Acc@1: 99.2188 (99.5052)  Acc@5: 100.0000 (100.0000)
Averaged stats: Lr: 0.000003  Loss: 0.0251  Acc@1: 100.0000 (99.4531)  Acc@5: 100.0000 (100.0000)
Averaged stats: Lr: 0.000003  Loss: 0.0156  Acc@1: 100.0000 (99.4922)  Acc@5: 100.0000 (100.0000)
Averaged stats: Lr: 0.000002  Loss: 0.0473  Acc@1: 99.2188 (99.3880)  Acc@5: 100.0000 (100.0000)
Averaged stats: Lr: 0.000002  Loss: 0.0160  Acc@1: 100.0000 (99.5052)  Acc@5: 100.0000 (100.0000)
Averaged stats: Lr: 0.000002  Loss: 0.0371  Acc@1: 99.2188 (99.5312)  Acc@5: 100.0000 (100.0000)
Averaged stats: Lr: 0.000002  Loss: 0.0114  Acc@1: 99.2188 (99.4531)  Acc@5: 100.0000 (100.0000)
Averaged stats: Lr: 0.000002  Loss: 0.0079  Acc@1: 100.0000 (99.5964)  Acc@5: 100.0000 (100.0000)
Averaged stats: Lr: 0.000002  Loss: 0.0136  Acc@1: 100.0000 (99.4922)  Acc@5: 100.0000 (100.0000)
Averaged stats: Lr: 0.000001  Loss: 0.0246  Acc@1: 99.2188 (99.4661)  Acc@5: 100.0000 (100.0000)
Averaged stats: Lr: 0.000001  Loss: 0.0114  Acc@1: 99.2188 (99.5182)  Acc@5: 100.0000 (100.0000)
Averaged stats: Lr: 0.000001  Loss: 0.0161  Acc@1: 100.0000 (99.4271)  Acc@5: 100.0000 (100.0000)
Averaged stats: Lr: 0.000001  Loss: 0.0606  Acc@1: 100.0000 (99.4792)  Acc@5: 100.0000 (100.0000)
Averaged stats: Lr: 0.000001  Loss: 0.0152  Acc@1: 100.0000 (99.4401)  Acc@5: 100.0000 (100.0000)
Averaged stats: Lr: 0.000001  Loss: 0.0123  Acc@1: 99.2188 (99.5443)  Acc@5: 100.0000 (100.0000)
Averaged stats: Lr: 0.000001  Loss: 0.0141  Acc@1: 99.2188 (99.2969)  Acc@5: 100.0000 (100.0000)
Averaged stats: Lr: 0.000001  Loss: 0.0115  Acc@1: 99.2188 (99.5833)  Acc@5: 100.0000 (100.0000)
=> Saving class model to: outputs/cifar-100/10-task/one-prompt/models/repeat-2/task-7/
=> Save Done
validation split name (local False): 1
 * Val Acc 91.800, Total time 3.05
validation split name (local False): 2
 * Val Acc 88.700, Total time 3.11
validation split name (local False): 3
 * Val Acc 92.200, Total time 3.05
validation split name (local False): 4
 * Val Acc 88.600, Total time 3.09
validation split name (local False): 5
 * Val Acc 89.000, Total time 3.08
validation split name (local False): 6
 * Val Acc 90.700, Total time 3.10
validation split name (local False): 7
 * Val Acc 90.800, Total time 3.07
Averaged accuracy for task 7: 90.25714285714285
====================== 8 =======================
Incremental class: Old valid output dimension: 70
Incremental class: New Valid output dimension: 80
Saving old prompts
Optimizer is reset!
Total params: 86105956
Tune params: 307300
Tune ratio: 0.36
Prompt params: 230400
Prompt ratio: 0.27
Epoch:1/20  * Loss 1.465 | Train Acc 59.876
Epoch:2/20  * Loss 1.439 | Train Acc 60.777
Epoch:3/20  * Loss 0.415 | Train Acc 89.022
Epoch:4/20  * Loss 0.255 | Train Acc 92.889
Epoch:5/20  * Loss 0.230 | Train Acc 93.309
Epoch:6/20  * Loss 0.198 | Train Acc 94.211
Epoch:7/20  * Loss 0.198 | Train Acc 94.251
Epoch:8/20  * Loss 0.186 | Train Acc 94.431
Epoch:9/20  * Loss 0.192 | Train Acc 94.211
Epoch:10/20  * Loss 0.175 | Train Acc 94.772
Epoch:11/20  * Loss 0.172 | Train Acc 94.712
Epoch:12/20  * Loss 0.174 | Train Acc 94.712
Epoch:13/20  * Loss 0.170 | Train Acc 95.052
Epoch:14/20  * Loss 0.151 | Train Acc 95.252
Epoch:15/20  * Loss 0.166 | Train Acc 94.952
Epoch:16/20  * Loss 0.156 | Train Acc 95.192
Epoch:17/20  * Loss 0.146 | Train Acc 95.673
Epoch:18/20  * Loss 0.150 | Train Acc 95.252
Epoch:19/20  * Loss 0.141 | Train Acc 95.753
Epoch:20/20  * Loss 0.132 | Train Acc 96.234
----------
Selecting Experts...
----------
Averaged stats: Lr: 0.000010  Loss: 0.0445  Acc@1: 99.2188 (99.1853)  Acc@5: 100.0000 (100.0000)
Averaged stats: Lr: 0.000010  Loss: 0.0237  Acc@1: 100.0000 (99.3973)  Acc@5: 100.0000 (100.0000)
Averaged stats: Lr: 0.000010  Loss: 0.0100  Acc@1: 99.2188 (99.3638)  Acc@5: 100.0000 (100.0000)
Averaged stats: Lr: 0.000010  Loss: 0.0292  Acc@1: 99.2188 (99.1629)  Acc@5: 100.0000 (100.0000)
Averaged stats: Lr: 0.000010  Loss: 0.0122  Acc@1: 100.0000 (99.3973)  Acc@5: 100.0000 (100.0000)
Averaged stats: Lr: 0.000010  Loss: 0.0395  Acc@1: 100.0000 (99.5536)  Acc@5: 100.0000 (100.0000)
Averaged stats: Lr: 0.000010  Loss: 0.0122  Acc@1: 99.2188 (99.3527)  Acc@5: 100.0000 (100.0000)
Averaged stats: Lr: 0.000009  Loss: 0.0240  Acc@1: 100.0000 (99.4866)  Acc@5: 100.0000 (100.0000)
Averaged stats: Lr: 0.000009  Loss: 0.0173  Acc@1: 100.0000 (99.5871)  Acc@5: 100.0000 (100.0000)
Averaged stats: Lr: 0.000009  Loss: 0.0298  Acc@1: 99.2188 (99.5647)  Acc@5: 100.0000 (100.0000)
Averaged stats: Lr: 0.000009  Loss: 0.0155  Acc@1: 99.2188 (99.4866)  Acc@5: 100.0000 (100.0000)
Averaged stats: Lr: 0.000009  Loss: 0.0405  Acc@1: 99.2188 (99.4866)  Acc@5: 100.0000 (100.0000)
Averaged stats: Lr: 0.000009  Loss: 0.0169  Acc@1: 99.2188 (99.4531)  Acc@5: 100.0000 (100.0000)
Averaged stats: Lr: 0.000008  Loss: 0.0168  Acc@1: 100.0000 (99.5759)  Acc@5: 100.0000 (100.0000)
Averaged stats: Lr: 0.000008  Loss: 0.0078  Acc@1: 100.0000 (99.6987)  Acc@5: 100.0000 (100.0000)
Averaged stats: Lr: 0.000008  Loss: 0.0147  Acc@1: 99.2188 (99.4978)  Acc@5: 100.0000 (100.0000)
Averaged stats: Lr: 0.000008  Loss: 0.0241  Acc@1: 100.0000 (99.6205)  Acc@5: 100.0000 (100.0000)
Averaged stats: Lr: 0.000007  Loss: 0.0415  Acc@1: 100.0000 (99.5312)  Acc@5: 100.0000 (100.0000)
Averaged stats: Lr: 0.000007  Loss: 0.0144  Acc@1: 100.0000 (99.5424)  Acc@5: 100.0000 (100.0000)
Averaged stats: Lr: 0.000007  Loss: 0.0077  Acc@1: 100.0000 (99.6094)  Acc@5: 100.0000 (100.0000)
Averaged stats: Lr: 0.000007  Loss: 0.0089  Acc@1: 100.0000 (99.6987)  Acc@5: 100.0000 (100.0000)
Averaged stats: Lr: 0.000006  Loss: 0.0304  Acc@1: 99.2188 (99.6094)  Acc@5: 100.0000 (100.0000)
Averaged stats: Lr: 0.000006  Loss: 0.0156  Acc@1: 100.0000 (99.5982)  Acc@5: 100.0000 (100.0000)
Averaged stats: Lr: 0.000006  Loss: 0.0210  Acc@1: 100.0000 (99.5982)  Acc@5: 100.0000 (100.0000)
Averaged stats: Lr: 0.000006  Loss: 0.0101  Acc@1: 99.2188 (99.6317)  Acc@5: 100.0000 (100.0000)
Averaged stats: Lr: 0.000005  Loss: 0.0461  Acc@1: 99.2188 (99.6875)  Acc@5: 100.0000 (100.0000)
Averaged stats: Lr: 0.000005  Loss: 0.0130  Acc@1: 100.0000 (99.6429)  Acc@5: 100.0000 (100.0000)
Averaged stats: Lr: 0.000005  Loss: 0.0203  Acc@1: 99.2188 (99.6763)  Acc@5: 100.0000 (100.0000)
Averaged stats: Lr: 0.000004  Loss: 0.0345  Acc@1: 100.0000 (99.6540)  Acc@5: 100.0000 (100.0000)
Averaged stats: Lr: 0.000004  Loss: 0.0065  Acc@1: 100.0000 (99.7321)  Acc@5: 100.0000 (100.0000)
Averaged stats: Lr: 0.000004  Loss: 0.0147  Acc@1: 100.0000 (99.6205)  Acc@5: 100.0000 (100.0000)
Averaged stats: Lr: 0.000004  Loss: 0.0225  Acc@1: 100.0000 (99.6987)  Acc@5: 100.0000 (100.0000)
Averaged stats: Lr: 0.000003  Loss: 0.0093  Acc@1: 100.0000 (99.6205)  Acc@5: 100.0000 (100.0000)
Averaged stats: Lr: 0.000003  Loss: 0.0395  Acc@1: 100.0000 (99.7321)  Acc@5: 100.0000 (100.0000)
Averaged stats: Lr: 0.000003  Loss: 0.0113  Acc@1: 100.0000 (99.7433)  Acc@5: 100.0000 (100.0000)
Averaged stats: Lr: 0.000003  Loss: 0.0267  Acc@1: 99.2188 (99.5871)  Acc@5: 100.0000 (100.0000)
Averaged stats: Lr: 0.000002  Loss: 0.0268  Acc@1: 100.0000 (99.6429)  Acc@5: 100.0000 (100.0000)
Averaged stats: Lr: 0.000002  Loss: 0.0202  Acc@1: 100.0000 (99.6652)  Acc@5: 100.0000 (100.0000)
Averaged stats: Lr: 0.000002  Loss: 0.0095  Acc@1: 100.0000 (99.7098)  Acc@5: 100.0000 (100.0000)
Averaged stats: Lr: 0.000002  Loss: 0.0204  Acc@1: 100.0000 (99.6540)  Acc@5: 100.0000 (100.0000)
Averaged stats: Lr: 0.000002  Loss: 0.0108  Acc@1: 100.0000 (99.6317)  Acc@5: 100.0000 (100.0000)
Averaged stats: Lr: 0.000002  Loss: 0.0063  Acc@1: 100.0000 (99.7879)  Acc@5: 100.0000 (100.0000)
Averaged stats: Lr: 0.000001  Loss: 0.0164  Acc@1: 100.0000 (99.6875)  Acc@5: 100.0000 (100.0000)
Averaged stats: Lr: 0.000001  Loss: 0.0116  Acc@1: 100.0000 (99.7098)  Acc@5: 100.0000 (100.0000)
Averaged stats: Lr: 0.000001  Loss: 0.0141  Acc@1: 99.2188 (99.5647)  Acc@5: 100.0000 (100.0000)
Averaged stats: Lr: 0.000001  Loss: 0.0114  Acc@1: 100.0000 (99.6094)  Acc@5: 100.0000 (100.0000)
Averaged stats: Lr: 0.000001  Loss: 0.0298  Acc@1: 99.2188 (99.6094)  Acc@5: 100.0000 (100.0000)
Averaged stats: Lr: 0.000001  Loss: 0.0250  Acc@1: 100.0000 (99.5982)  Acc@5: 100.0000 (100.0000)
Averaged stats: Lr: 0.000001  Loss: 0.0080  Acc@1: 100.0000 (99.5871)  Acc@5: 100.0000 (100.0000)
Averaged stats: Lr: 0.000001  Loss: 0.0077  Acc@1: 100.0000 (99.5536)  Acc@5: 100.0000 (100.0000)
=> Saving class model to: outputs/cifar-100/10-task/one-prompt/models/repeat-2/task-8/
=> Save Done
validation split name (local False): 1
 * Val Acc 89.800, Total time 3.17
validation split name (local False): 2
 * Val Acc 88.100, Total time 3.14
validation split name (local False): 3
 * Val Acc 90.500, Total time 3.21
validation split name (local False): 4
 * Val Acc 88.100, Total time 3.33
validation split name (local False): 5
 * Val Acc 87.500, Total time 3.11
validation split name (local False): 6
 * Val Acc 90.900, Total time 3.08
validation split name (local False): 7
 * Val Acc 90.500, Total time 3.09
validation split name (local False): 8
 * Val Acc 90.000, Total time 3.13
Averaged accuracy for task 8: 89.425
====================== 9 =======================
Incremental class: Old valid output dimension: 80
Incremental class: New Valid output dimension: 90
Saving old prompts
Optimizer is reset!
Total params: 86105956
Tune params: 307300
Tune ratio: 0.36
Prompt params: 230400
Prompt ratio: 0.27
Epoch:1/20  * Loss 1.482 | Train Acc 61.579
Epoch:2/20  * Loss 1.454 | Train Acc 62.039
Epoch:3/20  * Loss 0.439 | Train Acc 88.141
Epoch:4/20  * Loss 0.255 | Train Acc 92.708
Epoch:5/20  * Loss 0.227 | Train Acc 93.249
Epoch:6/20  * Loss 0.210 | Train Acc 93.750
Epoch:7/20  * Loss 0.203 | Train Acc 93.650
Epoch:8/20  * Loss 0.190 | Train Acc 94.191
Epoch:9/20  * Loss 0.169 | Train Acc 94.792
Epoch:10/20  * Loss 0.191 | Train Acc 93.910
Epoch:11/20  * Loss 0.166 | Train Acc 94.651
Epoch:12/20  * Loss 0.158 | Train Acc 94.852
Epoch:13/20  * Loss 0.165 | Train Acc 94.932
Epoch:14/20  * Loss 0.161 | Train Acc 94.832
Epoch:15/20  * Loss 0.140 | Train Acc 95.513
Epoch:16/20  * Loss 0.153 | Train Acc 95.333
Epoch:17/20  * Loss 0.150 | Train Acc 95.333
Epoch:18/20  * Loss 0.152 | Train Acc 94.892
Epoch:19/20  * Loss 0.146 | Train Acc 95.533
Epoch:20/20  * Loss 0.141 | Train Acc 95.593
----------
Selecting Experts...
----------
Averaged stats: Lr: 0.000010  Loss: 0.0181  Acc@1: 100.0000 (99.4727)  Acc@5: 100.0000 (100.0000)
Averaged stats: Lr: 0.000010  Loss: 0.0274  Acc@1: 100.0000 (99.5117)  Acc@5: 100.0000 (100.0000)
Averaged stats: Lr: 0.000010  Loss: 0.0090  Acc@1: 99.2188 (99.5410)  Acc@5: 100.0000 (100.0000)
Averaged stats: Lr: 0.000010  Loss: 0.0140  Acc@1: 100.0000 (99.6582)  Acc@5: 100.0000 (100.0000)
Averaged stats: Lr: 0.000010  Loss: 0.0159  Acc@1: 100.0000 (99.6582)  Acc@5: 100.0000 (100.0000)
Averaged stats: Lr: 0.000010  Loss: 0.0119  Acc@1: 100.0000 (99.6875)  Acc@5: 100.0000 (100.0000)
Averaged stats: Lr: 0.000010  Loss: 0.0089  Acc@1: 100.0000 (99.6973)  Acc@5: 100.0000 (100.0000)
Averaged stats: Lr: 0.000009  Loss: 0.0075  Acc@1: 100.0000 (99.8242)  Acc@5: 100.0000 (100.0000)
Averaged stats: Lr: 0.000009  Loss: 0.0140  Acc@1: 100.0000 (99.7168)  Acc@5: 100.0000 (100.0000)
Averaged stats: Lr: 0.000009  Loss: 0.0102  Acc@1: 100.0000 (99.7363)  Acc@5: 100.0000 (100.0000)
Averaged stats: Lr: 0.000009  Loss: 0.0076  Acc@1: 100.0000 (99.7559)  Acc@5: 100.0000 (100.0000)
Averaged stats: Lr: 0.000009  Loss: 0.0239  Acc@1: 100.0000 (99.7168)  Acc@5: 100.0000 (100.0000)
Averaged stats: Lr: 0.000009  Loss: 0.0114  Acc@1: 100.0000 (99.8535)  Acc@5: 100.0000 (100.0000)
Averaged stats: Lr: 0.000008  Loss: 0.0141  Acc@1: 100.0000 (99.8242)  Acc@5: 100.0000 (100.0000)
Averaged stats: Lr: 0.000008  Loss: 0.0139  Acc@1: 100.0000 (99.7559)  Acc@5: 100.0000 (100.0000)
Averaged stats: Lr: 0.000008  Loss: 0.0168  Acc@1: 100.0000 (99.7559)  Acc@5: 100.0000 (100.0000)
Averaged stats: Lr: 0.000008  Loss: 0.0114  Acc@1: 100.0000 (99.8047)  Acc@5: 100.0000 (100.0000)
Averaged stats: Lr: 0.000007  Loss: 0.0070  Acc@1: 100.0000 (99.7559)  Acc@5: 100.0000 (100.0000)
Averaged stats: Lr: 0.000007  Loss: 0.0109  Acc@1: 100.0000 (99.7168)  Acc@5: 100.0000 (100.0000)
Averaged stats: Lr: 0.000007  Loss: 0.0114  Acc@1: 100.0000 (99.7852)  Acc@5: 100.0000 (100.0000)
Averaged stats: Lr: 0.000007  Loss: 0.0172  Acc@1: 100.0000 (99.8047)  Acc@5: 100.0000 (100.0000)
Averaged stats: Lr: 0.000006  Loss: 0.0092  Acc@1: 100.0000 (99.7461)  Acc@5: 100.0000 (100.0000)
Averaged stats: Lr: 0.000006  Loss: 0.0192  Acc@1: 100.0000 (99.7266)  Acc@5: 100.0000 (100.0000)
Averaged stats: Lr: 0.000006  Loss: 0.0100  Acc@1: 100.0000 (99.7168)  Acc@5: 100.0000 (100.0000)
Averaged stats: Lr: 0.000006  Loss: 0.0070  Acc@1: 100.0000 (99.7461)  Acc@5: 100.0000 (100.0000)
Averaged stats: Lr: 0.000005  Loss: 0.0069  Acc@1: 100.0000 (99.7852)  Acc@5: 100.0000 (100.0000)
Averaged stats: Lr: 0.000005  Loss: 0.0112  Acc@1: 100.0000 (99.6973)  Acc@5: 100.0000 (100.0000)
Averaged stats: Lr: 0.000005  Loss: 0.0092  Acc@1: 100.0000 (99.7949)  Acc@5: 100.0000 (100.0000)
Averaged stats: Lr: 0.000004  Loss: 0.0112  Acc@1: 100.0000 (99.7461)  Acc@5: 100.0000 (100.0000)
Averaged stats: Lr: 0.000004  Loss: 0.0085  Acc@1: 100.0000 (99.8145)  Acc@5: 100.0000 (100.0000)
Averaged stats: Lr: 0.000004  Loss: 0.0182  Acc@1: 100.0000 (99.8242)  Acc@5: 100.0000 (100.0000)
Averaged stats: Lr: 0.000004  Loss: 0.0066  Acc@1: 100.0000 (99.8438)  Acc@5: 100.0000 (100.0000)
Averaged stats: Lr: 0.000003  Loss: 0.0217  Acc@1: 100.0000 (99.8145)  Acc@5: 100.0000 (100.0000)
Averaged stats: Lr: 0.000003  Loss: 0.0076  Acc@1: 100.0000 (99.7852)  Acc@5: 100.0000 (100.0000)
Averaged stats: Lr: 0.000003  Loss: 0.0158  Acc@1: 100.0000 (99.8535)  Acc@5: 100.0000 (100.0000)
Averaged stats: Lr: 0.000003  Loss: 0.0345  Acc@1: 100.0000 (99.7266)  Acc@5: 100.0000 (100.0000)
Averaged stats: Lr: 0.000002  Loss: 0.0171  Acc@1: 100.0000 (99.7852)  Acc@5: 100.0000 (100.0000)
Averaged stats: Lr: 0.000002  Loss: 0.0075  Acc@1: 100.0000 (99.8340)  Acc@5: 100.0000 (100.0000)
Averaged stats: Lr: 0.000002  Loss: 0.0346  Acc@1: 100.0000 (99.7852)  Acc@5: 100.0000 (100.0000)
Averaged stats: Lr: 0.000002  Loss: 0.0067  Acc@1: 100.0000 (99.8047)  Acc@5: 100.0000 (100.0000)
Averaged stats: Lr: 0.000002  Loss: 0.0078  Acc@1: 100.0000 (99.7754)  Acc@5: 100.0000 (100.0000)
Averaged stats: Lr: 0.000002  Loss: 0.0074  Acc@1: 100.0000 (99.8828)  Acc@5: 100.0000 (100.0000)
Averaged stats: Lr: 0.000001  Loss: 0.0160  Acc@1: 100.0000 (99.8438)  Acc@5: 100.0000 (100.0000)
Averaged stats: Lr: 0.000001  Loss: 0.0137  Acc@1: 100.0000 (99.7949)  Acc@5: 100.0000 (100.0000)
Averaged stats: Lr: 0.000001  Loss: 0.0210  Acc@1: 100.0000 (99.7461)  Acc@5: 100.0000 (100.0000)
Averaged stats: Lr: 0.000001  Loss: 0.0070  Acc@1: 100.0000 (99.7559)  Acc@5: 100.0000 (100.0000)
Averaged stats: Lr: 0.000001  Loss: 0.0047  Acc@1: 100.0000 (99.8340)  Acc@5: 100.0000 (100.0000)
Averaged stats: Lr: 0.000001  Loss: 0.0136  Acc@1: 100.0000 (99.7852)  Acc@5: 100.0000 (100.0000)
Averaged stats: Lr: 0.000001  Loss: 0.0066  Acc@1: 100.0000 (99.7461)  Acc@5: 100.0000 (100.0000)
Averaged stats: Lr: 0.000001  Loss: 0.0093  Acc@1: 100.0000 (99.7852)  Acc@5: 100.0000 (100.0000)
=> Saving class model to: outputs/cifar-100/10-task/one-prompt/models/repeat-2/task-9/
=> Save Done
validation split name (local False): 1
 * Val Acc 89.700, Total time 3.51
validation split name (local False): 2
 * Val Acc 85.700, Total time 3.40
validation split name (local False): 3
 * Val Acc 89.500, Total time 3.19
validation split name (local False): 4
 * Val Acc 87.300, Total time 3.18
validation split name (local False): 5
 * Val Acc 87.800, Total time 3.17
validation split name (local False): 6
 * Val Acc 90.900, Total time 3.11
validation split name (local False): 7
 * Val Acc 89.700, Total time 3.15
validation split name (local False): 8
 * Val Acc 89.300, Total time 3.12
validation split name (local False): 9
 * Val Acc 91.100, Total time 3.19
Averaged accuracy for task 9: 89.00000000000001
====================== 10 =======================
Incremental class: Old valid output dimension: 90
Incremental class: New Valid output dimension: 100
Saving old prompts
Optimizer is reset!
Total params: 86105956
Tune params: 307300
Tune ratio: 0.36
Prompt params: 230400
Prompt ratio: 0.27
Epoch:1/20  * Loss 1.346 | Train Acc 64.924
Epoch:2/20  * Loss 1.311 | Train Acc 65.425
Epoch:3/20  * Loss 0.438 | Train Acc 88.201
Epoch:4/20  * Loss 0.253 | Train Acc 92.188
Epoch:5/20  * Loss 0.222 | Train Acc 93.349
Epoch:6/20  * Loss 0.191 | Train Acc 93.990
Epoch:7/20  * Loss 0.200 | Train Acc 93.910
Epoch:8/20  * Loss 0.193 | Train Acc 93.870
Epoch:9/20  * Loss 0.177 | Train Acc 94.531
Epoch:10/20  * Loss 0.184 | Train Acc 94.231
Epoch:11/20  * Loss 0.169 | Train Acc 94.611
Epoch:12/20  * Loss 0.167 | Train Acc 94.531
Epoch:13/20  * Loss 0.168 | Train Acc 94.772
Epoch:14/20  * Loss 0.158 | Train Acc 95.032
Epoch:15/20  * Loss 0.160 | Train Acc 94.932
Epoch:16/20  * Loss 0.150 | Train Acc 95.333
Epoch:17/20  * Loss 0.160 | Train Acc 94.872
Epoch:18/20  * Loss 0.145 | Train Acc 95.693
Epoch:19/20  * Loss 0.149 | Train Acc 95.753
Epoch:20/20  * Loss 0.161 | Train Acc 95.072
----------
Selecting Experts...
----------
Averaged stats: Lr: 0.000010  Loss: 0.0151  Acc@1: 100.0000 (99.6875)  Acc@5: 100.0000 (100.0000)
Averaged stats: Lr: 0.000010  Loss: 0.0151  Acc@1: 100.0000 (99.6615)  Acc@5: 100.0000 (100.0000)
Averaged stats: Lr: 0.000010  Loss: 0.0137  Acc@1: 100.0000 (99.7222)  Acc@5: 100.0000 (100.0000)
Averaged stats: Lr: 0.000010  Loss: 0.0104  Acc@1: 100.0000 (99.7743)  Acc@5: 100.0000 (100.0000)
Averaged stats: Lr: 0.000010  Loss: 0.0151  Acc@1: 100.0000 (99.7917)  Acc@5: 100.0000 (100.0000)
Averaged stats: Lr: 0.000010  Loss: 0.0059  Acc@1: 100.0000 (99.8611)  Acc@5: 100.0000 (100.0000)
Averaged stats: Lr: 0.000010  Loss: 0.0087  Acc@1: 100.0000 (99.8958)  Acc@5: 100.0000 (100.0000)
Averaged stats: Lr: 0.000009  Loss: 0.0091  Acc@1: 100.0000 (99.8698)  Acc@5: 100.0000 (100.0000)
Averaged stats: Lr: 0.000009  Loss: 0.0039  Acc@1: 100.0000 (99.8611)  Acc@5: 100.0000 (100.0000)
Averaged stats: Lr: 0.000009  Loss: 0.0134  Acc@1: 100.0000 (99.8438)  Acc@5: 100.0000 (100.0000)
Averaged stats: Lr: 0.000009  Loss: 0.0129  Acc@1: 100.0000 (99.7830)  Acc@5: 100.0000 (100.0000)
Averaged stats: Lr: 0.000009  Loss: 0.0197  Acc@1: 100.0000 (99.8872)  Acc@5: 100.0000 (100.0000)
Averaged stats: Lr: 0.000009  Loss: 0.0080  Acc@1: 100.0000 (99.8785)  Acc@5: 100.0000 (100.0000)
Averaged stats: Lr: 0.000008  Loss: 0.0047  Acc@1: 100.0000 (99.7656)  Acc@5: 100.0000 (100.0000)
Averaged stats: Lr: 0.000008  Loss: 0.0180  Acc@1: 100.0000 (99.8872)  Acc@5: 100.0000 (100.0000)
Averaged stats: Lr: 0.000008  Loss: 0.0130  Acc@1: 100.0000 (99.8611)  Acc@5: 100.0000 (100.0000)
Averaged stats: Lr: 0.000008  Loss: 0.0072  Acc@1: 100.0000 (99.8524)  Acc@5: 100.0000 (100.0000)
Averaged stats: Lr: 0.000007  Loss: 0.0100  Acc@1: 100.0000 (99.8177)  Acc@5: 100.0000 (100.0000)
Averaged stats: Lr: 0.000007  Loss: 0.0370  Acc@1: 100.0000 (99.8524)  Acc@5: 100.0000 (100.0000)
Averaged stats: Lr: 0.000007  Loss: 0.0108  Acc@1: 100.0000 (99.8611)  Acc@5: 100.0000 (100.0000)
Averaged stats: Lr: 0.000007  Loss: 0.0184  Acc@1: 100.0000 (99.8785)  Acc@5: 100.0000 (100.0000)
Averaged stats: Lr: 0.000006  Loss: 0.0035  Acc@1: 100.0000 (99.8524)  Acc@5: 100.0000 (100.0000)
Averaged stats: Lr: 0.000006  Loss: 0.0084  Acc@1: 100.0000 (99.8698)  Acc@5: 100.0000 (100.0000)
Averaged stats: Lr: 0.000006  Loss: 0.0076  Acc@1: 100.0000 (99.8872)  Acc@5: 100.0000 (100.0000)
Averaged stats: Lr: 0.000006  Loss: 0.0070  Acc@1: 100.0000 (99.8438)  Acc@5: 100.0000 (100.0000)
Averaged stats: Lr: 0.000005  Loss: 0.0108  Acc@1: 100.0000 (99.8524)  Acc@5: 100.0000 (100.0000)
Averaged stats: Lr: 0.000005  Loss: 0.0086  Acc@1: 100.0000 (99.8611)  Acc@5: 100.0000 (100.0000)
Averaged stats: Lr: 0.000005  Loss: 0.0131  Acc@1: 100.0000 (99.8872)  Acc@5: 100.0000 (100.0000)
Averaged stats: Lr: 0.000004  Loss: 0.0065  Acc@1: 100.0000 (99.8264)  Acc@5: 100.0000 (100.0000)
Averaged stats: Lr: 0.000004  Loss: 0.0073  Acc@1: 100.0000 (99.8611)  Acc@5: 100.0000 (100.0000)
Averaged stats: Lr: 0.000004  Loss: 0.0029  Acc@1: 100.0000 (99.8524)  Acc@5: 100.0000 (100.0000)
Averaged stats: Lr: 0.000004  Loss: 0.0115  Acc@1: 100.0000 (99.9219)  Acc@5: 100.0000 (100.0000)
Averaged stats: Lr: 0.000003  Loss: 0.0069  Acc@1: 100.0000 (99.8872)  Acc@5: 100.0000 (100.0000)
Averaged stats: Lr: 0.000003  Loss: 0.0082  Acc@1: 100.0000 (99.8785)  Acc@5: 100.0000 (100.0000)
Averaged stats: Lr: 0.000003  Loss: 0.0074  Acc@1: 100.0000 (99.9306)  Acc@5: 100.0000 (100.0000)
Averaged stats: Lr: 0.000003  Loss: 0.0069  Acc@1: 100.0000 (99.8611)  Acc@5: 100.0000 (100.0000)
Averaged stats: Lr: 0.000002  Loss: 0.0091  Acc@1: 100.0000 (99.8872)  Acc@5: 100.0000 (100.0000)
Averaged stats: Lr: 0.000002  Loss: 0.0059  Acc@1: 100.0000 (99.8958)  Acc@5: 100.0000 (100.0000)
Averaged stats: Lr: 0.000002  Loss: 0.0062  Acc@1: 100.0000 (99.9132)  Acc@5: 100.0000 (100.0000)
Averaged stats: Lr: 0.000002  Loss: 0.0126  Acc@1: 100.0000 (99.8524)  Acc@5: 100.0000 (100.0000)
Averaged stats: Lr: 0.000002  Loss: 0.0177  Acc@1: 100.0000 (99.8351)  Acc@5: 100.0000 (100.0000)
Averaged stats: Lr: 0.000002  Loss: 0.0059  Acc@1: 100.0000 (99.9045)  Acc@5: 100.0000 (100.0000)
Averaged stats: Lr: 0.000001  Loss: 0.0034  Acc@1: 100.0000 (99.9306)  Acc@5: 100.0000 (100.0000)
Averaged stats: Lr: 0.000001  Loss: 0.0039  Acc@1: 100.0000 (99.9132)  Acc@5: 100.0000 (100.0000)
Averaged stats: Lr: 0.000001  Loss: 0.0030  Acc@1: 100.0000 (99.9132)  Acc@5: 100.0000 (100.0000)
Averaged stats: Lr: 0.000001  Loss: 0.0163  Acc@1: 100.0000 (99.8872)  Acc@5: 100.0000 (100.0000)
Averaged stats: Lr: 0.000001  Loss: 0.0081  Acc@1: 100.0000 (99.8958)  Acc@5: 100.0000 (100.0000)
Averaged stats: Lr: 0.000001  Loss: 0.0037  Acc@1: 100.0000 (99.8524)  Acc@5: 100.0000 (100.0000)
Averaged stats: Lr: 0.000001  Loss: 0.0089  Acc@1: 100.0000 (99.8351)  Acc@5: 100.0000 (100.0000)
Averaged stats: Lr: 0.000001  Loss: 0.0080  Acc@1: 100.0000 (99.8958)  Acc@5: 100.0000 (100.0000)
=> Saving class model to: outputs/cifar-100/10-task/one-prompt/models/repeat-2/task-10/
=> Save Done
validation split name (local False): 1
 * Val Acc 88.100, Total time 3.09
validation split name (local False): 2
 * Val Acc 84.900, Total time 3.07
validation split name (local False): 3
 * Val Acc 90.400, Total time 3.09
validation split name (local False): 4
 * Val Acc 86.700, Total time 3.07
validation split name (local False): 5
 * Val Acc 87.000, Total time 3.02
validation split name (local False): 6
 * Val Acc 91.400, Total time 3.04
validation split name (local False): 7
 * Val Acc 90.000, Total time 3.04
validation split name (local False): 8
 * Val Acc 90.400, Total time 3.03
validation split name (local False): 9
 * Val Acc 90.900, Total time 3.04
validation split name (local False): 10
 * Val Acc 88.900, Total time 3.12
Averaged accuracy for task 10: 88.87
Loading sup1k from pretrained/vit_base_patch16_224_augreg2_in21k_ft_in1k.bin ...
Total params: 86105956
Tune params: 307300
Tune ratio: 0.36
Prompt params: 230400
Prompt ratio: 0.27
Incremental class: Old valid output dimension: 0
Incremental class: New Valid output dimension: 10
=> Load Done from outputs/cifar-100/10-task/one-prompt/models/repeat-2/task-1/
validation split name (local False): 1
 * Val Acc 98.400, Total time 3.02
Averaged accuracy for task 1: 98.4
Saving old prompts
Incremental class: Old valid output dimension: 10
Incremental class: New Valid output dimension: 20
=> Load Done from outputs/cifar-100/10-task/one-prompt/models/repeat-2/task-2/
validation split name (local False): 1
 * Val Acc 95.500, Total time 3.01
validation split name (local False): 2
 * Val Acc 93.300, Total time 3.07
Averaged accuracy for task 2: 94.4
Saving old prompts
Incremental class: Old valid output dimension: 20
Incremental class: New Valid output dimension: 30
=> Load Done from outputs/cifar-100/10-task/one-prompt/models/repeat-2/task-3/
validation split name (local False): 1
 * Val Acc 95.800, Total time 3.02
validation split name (local False): 2
 * Val Acc 89.400, Total time 3.05
validation split name (local False): 3
 * Val Acc 97.500, Total time 3.07
Averaged accuracy for task 3: 94.23333333333333
Saving old prompts
Incremental class: Old valid output dimension: 30
Incremental class: New Valid output dimension: 40
=> Load Done from outputs/cifar-100/10-task/one-prompt/models/repeat-2/task-4/
validation split name (local False): 1
 * Val Acc 94.700, Total time 3.04
validation split name (local False): 2
 * Val Acc 88.900, Total time 3.01
validation split name (local False): 3
 * Val Acc 93.900, Total time 3.03
validation split name (local False): 4
 * Val Acc 91.000, Total time 3.02
Averaged accuracy for task 4: 92.125
Saving old prompts
Incremental class: Old valid output dimension: 40
Incremental class: New Valid output dimension: 50
=> Load Done from outputs/cifar-100/10-task/one-prompt/models/repeat-2/task-5/
validation split name (local False): 1
 * Val Acc 94.300, Total time 3.03
validation split name (local False): 2
 * Val Acc 88.800, Total time 3.10
validation split name (local False): 3
 * Val Acc 93.700, Total time 3.07
validation split name (local False): 4
 * Val Acc 89.900, Total time 3.02
validation split name (local False): 5
 * Val Acc 92.900, Total time 3.01
Averaged accuracy for task 5: 91.92
Saving old prompts
Incremental class: Old valid output dimension: 50
Incremental class: New Valid output dimension: 60
=> Load Done from outputs/cifar-100/10-task/one-prompt/models/repeat-2/task-6/
validation split name (local False): 1
 * Val Acc 92.700, Total time 3.04
validation split name (local False): 2
 * Val Acc 86.900, Total time 3.10
validation split name (local False): 3
 * Val Acc 90.500, Total time 3.04
validation split name (local False): 4
 * Val Acc 88.900, Total time 3.03
validation split name (local False): 5
 * Val Acc 91.300, Total time 3.12
validation split name (local False): 6
 * Val Acc 92.200, Total time 3.07
Averaged accuracy for task 6: 90.41666666666667
Saving old prompts
Incremental class: Old valid output dimension: 60
Incremental class: New Valid output dimension: 70
=> Load Done from outputs/cifar-100/10-task/one-prompt/models/repeat-2/task-7/
validation split name (local False): 1
 * Val Acc 91.800, Total time 3.05
validation split name (local False): 2
 * Val Acc 88.700, Total time 3.00
validation split name (local False): 3
 * Val Acc 92.200, Total time 3.08
validation split name (local False): 4
 * Val Acc 88.600, Total time 3.06
validation split name (local False): 5
 * Val Acc 89.000, Total time 3.10
validation split name (local False): 6
 * Val Acc 90.700, Total time 3.08
validation split name (local False): 7
 * Val Acc 90.800, Total time 3.06
Averaged accuracy for task 7: 90.25714285714285
Saving old prompts
Incremental class: Old valid output dimension: 70
Incremental class: New Valid output dimension: 80
=> Load Done from outputs/cifar-100/10-task/one-prompt/models/repeat-2/task-8/
validation split name (local False): 1
 * Val Acc 89.800, Total time 3.10
validation split name (local False): 2
 * Val Acc 88.100, Total time 3.08
validation split name (local False): 3
 * Val Acc 90.500, Total time 3.06
validation split name (local False): 4
 * Val Acc 88.100, Total time 3.13
validation split name (local False): 5
 * Val Acc 87.500, Total time 3.04
validation split name (local False): 6
 * Val Acc 90.900, Total time 3.14
validation split name (local False): 7
 * Val Acc 90.500, Total time 3.01
validation split name (local False): 8
 * Val Acc 90.000, Total time 3.06
Averaged accuracy for task 8: 89.425
Saving old prompts
Incremental class: Old valid output dimension: 80
Incremental class: New Valid output dimension: 90
=> Load Done from outputs/cifar-100/10-task/one-prompt/models/repeat-2/task-9/
validation split name (local False): 1
 * Val Acc 89.700, Total time 3.03
validation split name (local False): 2
 * Val Acc 85.700, Total time 3.02
validation split name (local False): 3
 * Val Acc 89.500, Total time 3.06
validation split name (local False): 4
 * Val Acc 87.300, Total time 3.04
validation split name (local False): 5
 * Val Acc 87.800, Total time 3.07
validation split name (local False): 6
 * Val Acc 90.900, Total time 3.07
validation split name (local False): 7
 * Val Acc 89.700, Total time 3.03
validation split name (local False): 8
 * Val Acc 89.300, Total time 3.07
validation split name (local False): 9
 * Val Acc 91.100, Total time 3.03
Averaged accuracy for task 9: 89.00000000000001
Saving old prompts
Incremental class: Old valid output dimension: 90
Incremental class: New Valid output dimension: 100
=> Load Done from outputs/cifar-100/10-task/one-prompt/models/repeat-2/task-10/
validation split name (local False): 1
 * Val Acc 88.100, Total time 3.03
validation split name (local False): 2
 * Val Acc 84.900, Total time 3.03
validation split name (local False): 3
 * Val Acc 90.400, Total time 3.08
validation split name (local False): 4
 * Val Acc 86.700, Total time 3.08
validation split name (local False): 5
 * Val Acc 87.000, Total time 3.01
validation split name (local False): 6
 * Val Acc 91.400, Total time 3.08
validation split name (local False): 7
 * Val Acc 90.000, Total time 3.03
validation split name (local False): 8
 * Val Acc 90.400, Total time 3.09
validation split name (local False): 9
 * Val Acc 90.900, Total time 3.06
validation split name (local False): 10
 * Val Acc 88.900, Total time 3.05
Averaged accuracy for task 10: 88.87
=== Total time: 2:51:11 ===
===Summary of experiment repeats: 2 / 5 ===
acc  | mean: 88.97 std: 0.10000000000000853
time  | mean: 1.1639225168105884 std: 0.07447992165883377
fr  | mean: 4.155555555555554 std: 8.881784197001252e-16
FAA | mean: 88.97 std: 0.10000000000000853
CAA | mean: 92.07454563492064 std: 0.1698313492063619
FR | mean: 4.155555555555554 std: 8.881784197001252e-16
************************************
* STARTING TRIAL 3
************************************
=============================================
Shuffling....
pre-shuffle:[0, 1, 2, 3, 4, 5, 6, 7, 8, 9, 10, 11, 12, 13, 14, 15, 16, 17, 18, 19, 20, 21, 22, 23, 24, 25, 26, 27, 28, 29, 30, 31, 32, 33, 34, 35, 36, 37, 38, 39, 40, 41, 42, 43, 44, 45, 46, 47, 48, 49, 50, 51, 52, 53, 54, 55, 56, 57, 58, 59, 60, 61, 62, 63, 64, 65, 66, 67, 68, 69, 70, 71, 72, 73, 74, 75, 76, 77, 78, 79, 80, 81, 82, 83, 84, 85, 86, 87, 88, 89, 90, 91, 92, 93, 94, 95, 96, 97, 98, 99]
post-shuffle:[0, 76, 61, 63, 1, 71, 2, 6, 16, 19, 13, 24, 49, 12, 75, 9, 83, 72, 5, 41, 99, 45, 89, 53, 79, 18, 52, 92, 14, 42, 68, 44, 38, 84, 36, 17, 31, 15, 70, 88, 25, 97, 51, 73, 66, 37, 78, 33, 80, 26, 82, 28, 60, 35, 43, 57, 23, 58, 91, 8, 62, 93, 98, 86, 29, 30, 22, 95, 67, 54, 48, 40, 59, 96, 3, 87, 34, 64, 56, 69, 47, 65, 50, 81, 55, 20, 74, 4, 90, 27, 77, 32, 39, 85, 94, 21, 46, 10, 11, 7]
=============================================
Files already downloaded and verified
Loading sup1k from pretrained/vit_base_patch16_224_augreg2_in21k_ft_in1k.bin ...
Total params: 86105956
Tune params: 307300
Tune ratio: 0.36
Prompt params: 230400
Prompt ratio: 0.27
Total parameters: 86105956
====================== 1 =======================
Incremental class: Old valid output dimension: 0
Incremental class: New Valid output dimension: 10
Optimizer is reset!
Total params: 86105956
Tune params: 307300
Tune ratio: 0.36
Prompt params: 230400
Prompt ratio: 0.27
----------
Initial training...
Optimizer is reset!
Total params: 86105956
Tune params: 307300
Tune ratio: 0.36
Prompt params: 230400
Prompt ratio: 0.27
Epoch:1/10  * Loss 1.958 | Train Acc 34.876
Epoch:2/10  * Loss 1.929 | Train Acc 36.378
Epoch:3/10  * Loss 0.666 | Train Acc 81.070
Epoch:4/10  * Loss 0.237 | Train Acc 93.770
Epoch:5/10  * Loss 0.171 | Train Acc 95.312
Epoch:6/10  * Loss 0.144 | Train Acc 95.533
Epoch:7/10  * Loss 0.133 | Train Acc 96.214
Epoch:8/10  * Loss 0.124 | Train Acc 96.414
Epoch:9/10  * Loss 0.120 | Train Acc 96.715
Epoch:10/10  * Loss 0.118 | Train Acc 96.655
Optimizer is reset!
Total params: 86105956
Tune params: 307300
Tune ratio: 0.36
Prompt params: 230400
Prompt ratio: 0.27
Epoch:1/20  * Loss 0.212 | Train Acc 94.571
Epoch:2/20  * Loss 0.223 | Train Acc 93.730
Epoch:3/20  * Loss 0.225 | Train Acc 94.551
Epoch:4/20  * Loss 0.161 | Train Acc 95.974
Epoch:5/20  * Loss 0.143 | Train Acc 96.194
Epoch:6/20  * Loss 0.152 | Train Acc 96.074
Epoch:7/20  * Loss 0.140 | Train Acc 96.374
Epoch:8/20  * Loss 0.127 | Train Acc 96.534
Epoch:9/20  * Loss 0.114 | Train Acc 96.855
Epoch:10/20  * Loss 0.130 | Train Acc 96.334
Epoch:11/20  * Loss 0.111 | Train Acc 96.815
Epoch:12/20  * Loss 0.106 | Train Acc 97.216
Epoch:13/20  * Loss 0.104 | Train Acc 97.095
Epoch:14/20  * Loss 0.098 | Train Acc 97.256
Epoch:15/20  * Loss 0.094 | Train Acc 97.316
Epoch:16/20  * Loss 0.088 | Train Acc 97.556
Epoch:17/20  * Loss 0.092 | Train Acc 97.175
Epoch:18/20  * Loss 0.095 | Train Acc 97.256
Epoch:19/20  * Loss 0.083 | Train Acc 97.696
Epoch:20/20  * Loss 0.098 | Train Acc 97.035
----------
Selecting Experts...
----------
=> Saving class model to: outputs/cifar-100/10-task/one-prompt/models/repeat-3/task-1/
=> Save Done
validation split name (local False): 1
 * Val Acc 98.600, Total time 3.03
Averaged accuracy for task 1: 98.6
====================== 2 =======================
Incremental class: Old valid output dimension: 10
Incremental class: New Valid output dimension: 20
Saving old prompts
Optimizer is reset!
Total params: 86105956
Tune params: 307300
Tune ratio: 0.36
Prompt params: 230400
Prompt ratio: 0.27
Epoch:1/20  * Loss 1.299 | Train Acc 76.182
Epoch:2/20  * Loss 1.259 | Train Acc 78.526
Epoch:3/20  * Loss 0.357 | Train Acc 92.728
Epoch:4/20  * Loss 0.227 | Train Acc 94.792
Epoch:5/20  * Loss 0.192 | Train Acc 95.272
Epoch:6/20  * Loss 0.152 | Train Acc 95.693
Epoch:7/20  * Loss 0.161 | Train Acc 95.853
Epoch:8/20  * Loss 0.151 | Train Acc 95.673
Epoch:9/20  * Loss 0.152 | Train Acc 95.493
Epoch:10/20  * Loss 0.141 | Train Acc 95.974
Epoch:11/20  * Loss 0.144 | Train Acc 95.954
Epoch:12/20  * Loss 0.125 | Train Acc 96.414
Epoch:13/20  * Loss 0.138 | Train Acc 96.134
Epoch:14/20  * Loss 0.133 | Train Acc 96.254
Epoch:15/20  * Loss 0.128 | Train Acc 96.174
Epoch:16/20  * Loss 0.118 | Train Acc 96.635
Epoch:17/20  * Loss 0.115 | Train Acc 96.635
Epoch:18/20  * Loss 0.114 | Train Acc 96.735
Epoch:19/20  * Loss 0.114 | Train Acc 96.735
Epoch:20/20  * Loss 0.122 | Train Acc 96.494
----------
Selecting Experts...
----------
Averaged stats: Lr: 0.000010  Loss: 0.0045  Acc@1: 100.0000 (100.0000)  Acc@5: 100.0000 (100.0000)
Averaged stats: Lr: 0.000010  Loss: 0.0069  Acc@1: 100.0000 (99.9219)  Acc@5: 100.0000 (100.0000)
Averaged stats: Lr: 0.000010  Loss: 0.0043  Acc@1: 100.0000 (100.0000)  Acc@5: 100.0000 (100.0000)
Averaged stats: Lr: 0.000010  Loss: 0.0071  Acc@1: 100.0000 (100.0000)  Acc@5: 100.0000 (100.0000)
Averaged stats: Lr: 0.000010  Loss: 0.0177  Acc@1: 100.0000 (99.7656)  Acc@5: 100.0000 (100.0000)
Averaged stats: Lr: 0.000010  Loss: 0.0038  Acc@1: 100.0000 (99.8438)  Acc@5: 100.0000 (100.0000)
Averaged stats: Lr: 0.000010  Loss: 0.0062  Acc@1: 100.0000 (99.9219)  Acc@5: 100.0000 (100.0000)
Averaged stats: Lr: 0.000009  Loss: 0.0065  Acc@1: 100.0000 (99.9219)  Acc@5: 100.0000 (100.0000)
Averaged stats: Lr: 0.000009  Loss: 0.0042  Acc@1: 100.0000 (100.0000)  Acc@5: 100.0000 (100.0000)
Averaged stats: Lr: 0.000009  Loss: 0.0037  Acc@1: 100.0000 (100.0000)  Acc@5: 100.0000 (100.0000)
Averaged stats: Lr: 0.000009  Loss: 0.0045  Acc@1: 100.0000 (100.0000)  Acc@5: 100.0000 (100.0000)
Averaged stats: Lr: 0.000009  Loss: 0.0049  Acc@1: 100.0000 (100.0000)  Acc@5: 100.0000 (100.0000)
Averaged stats: Lr: 0.000009  Loss: 0.0067  Acc@1: 100.0000 (100.0000)  Acc@5: 100.0000 (100.0000)
Averaged stats: Lr: 0.000008  Loss: 0.0045  Acc@1: 100.0000 (100.0000)  Acc@5: 100.0000 (100.0000)
Averaged stats: Lr: 0.000008  Loss: 0.0091  Acc@1: 100.0000 (100.0000)  Acc@5: 100.0000 (100.0000)
Averaged stats: Lr: 0.000008  Loss: 0.0025  Acc@1: 100.0000 (99.9219)  Acc@5: 100.0000 (100.0000)
Averaged stats: Lr: 0.000008  Loss: 0.0086  Acc@1: 100.0000 (100.0000)  Acc@5: 100.0000 (100.0000)
Averaged stats: Lr: 0.000007  Loss: 0.0048  Acc@1: 100.0000 (99.9219)  Acc@5: 100.0000 (100.0000)
Averaged stats: Lr: 0.000007  Loss: 0.0073  Acc@1: 100.0000 (100.0000)  Acc@5: 100.0000 (100.0000)
Averaged stats: Lr: 0.000007  Loss: 0.0037  Acc@1: 100.0000 (99.9219)  Acc@5: 100.0000 (100.0000)
Averaged stats: Lr: 0.000007  Loss: 0.0041  Acc@1: 100.0000 (99.9219)  Acc@5: 100.0000 (100.0000)
Averaged stats: Lr: 0.000006  Loss: 0.0042  Acc@1: 100.0000 (100.0000)  Acc@5: 100.0000 (100.0000)
Averaged stats: Lr: 0.000006  Loss: 0.0091  Acc@1: 100.0000 (100.0000)  Acc@5: 100.0000 (100.0000)
Averaged stats: Lr: 0.000006  Loss: 0.0046  Acc@1: 100.0000 (100.0000)  Acc@5: 100.0000 (100.0000)
Averaged stats: Lr: 0.000006  Loss: 0.0144  Acc@1: 100.0000 (99.9219)  Acc@5: 100.0000 (100.0000)
Averaged stats: Lr: 0.000005  Loss: 0.0124  Acc@1: 100.0000 (99.9219)  Acc@5: 100.0000 (100.0000)
Averaged stats: Lr: 0.000005  Loss: 0.0045  Acc@1: 100.0000 (100.0000)  Acc@5: 100.0000 (100.0000)
Averaged stats: Lr: 0.000005  Loss: 0.0032  Acc@1: 100.0000 (100.0000)  Acc@5: 100.0000 (100.0000)
Averaged stats: Lr: 0.000004  Loss: 0.0077  Acc@1: 100.0000 (100.0000)  Acc@5: 100.0000 (100.0000)
Averaged stats: Lr: 0.000004  Loss: 0.0050  Acc@1: 100.0000 (99.9219)  Acc@5: 100.0000 (100.0000)
Averaged stats: Lr: 0.000004  Loss: 0.0032  Acc@1: 100.0000 (99.9219)  Acc@5: 100.0000 (100.0000)
Averaged stats: Lr: 0.000004  Loss: 0.0068  Acc@1: 100.0000 (100.0000)  Acc@5: 100.0000 (100.0000)
Averaged stats: Lr: 0.000003  Loss: 0.0057  Acc@1: 100.0000 (100.0000)  Acc@5: 100.0000 (100.0000)
Averaged stats: Lr: 0.000003  Loss: 0.0076  Acc@1: 100.0000 (99.9219)  Acc@5: 100.0000 (100.0000)
Averaged stats: Lr: 0.000003  Loss: 0.0058  Acc@1: 100.0000 (100.0000)  Acc@5: 100.0000 (100.0000)
Averaged stats: Lr: 0.000003  Loss: 0.0036  Acc@1: 100.0000 (99.9219)  Acc@5: 100.0000 (100.0000)
Averaged stats: Lr: 0.000002  Loss: 0.0097  Acc@1: 100.0000 (99.9219)  Acc@5: 100.0000 (100.0000)
Averaged stats: Lr: 0.000002  Loss: 0.0077  Acc@1: 100.0000 (100.0000)  Acc@5: 100.0000 (100.0000)
Averaged stats: Lr: 0.000002  Loss: 0.0030  Acc@1: 100.0000 (100.0000)  Acc@5: 100.0000 (100.0000)
Averaged stats: Lr: 0.000002  Loss: 0.0059  Acc@1: 100.0000 (100.0000)  Acc@5: 100.0000 (100.0000)
Averaged stats: Lr: 0.000002  Loss: 0.0059  Acc@1: 100.0000 (100.0000)  Acc@5: 100.0000 (100.0000)
Averaged stats: Lr: 0.000002  Loss: 0.0043  Acc@1: 100.0000 (100.0000)  Acc@5: 100.0000 (100.0000)
Averaged stats: Lr: 0.000001  Loss: 0.0037  Acc@1: 100.0000 (100.0000)  Acc@5: 100.0000 (100.0000)
Averaged stats: Lr: 0.000001  Loss: 0.0060  Acc@1: 100.0000 (100.0000)  Acc@5: 100.0000 (100.0000)
Averaged stats: Lr: 0.000001  Loss: 0.0054  Acc@1: 100.0000 (100.0000)  Acc@5: 100.0000 (100.0000)
Averaged stats: Lr: 0.000001  Loss: 0.0025  Acc@1: 100.0000 (99.9219)  Acc@5: 100.0000 (100.0000)
Averaged stats: Lr: 0.000001  Loss: 0.0073  Acc@1: 100.0000 (100.0000)  Acc@5: 100.0000 (100.0000)
Averaged stats: Lr: 0.000001  Loss: 0.0059  Acc@1: 100.0000 (99.9219)  Acc@5: 100.0000 (100.0000)
Averaged stats: Lr: 0.000001  Loss: 0.0043  Acc@1: 100.0000 (100.0000)  Acc@5: 100.0000 (100.0000)
Averaged stats: Lr: 0.000001  Loss: 0.0041  Acc@1: 100.0000 (100.0000)  Acc@5: 100.0000 (100.0000)
=> Saving class model to: outputs/cifar-100/10-task/one-prompt/models/repeat-3/task-2/
=> Save Done
validation split name (local False): 1
 * Val Acc 97.500, Total time 3.07
validation split name (local False): 2
 * Val Acc 98.300, Total time 3.06
Averaged accuracy for task 2: 97.9
====================== 3 =======================
Incremental class: Old valid output dimension: 20
Incremental class: New Valid output dimension: 30
Saving old prompts
Optimizer is reset!
Total params: 86105956
Tune params: 307300
Tune ratio: 0.36
Prompt params: 230400
Prompt ratio: 0.27
Epoch:1/20  * Loss 1.494 | Train Acc 59.155
Epoch:2/20  * Loss 1.465 | Train Acc 60.477
Epoch:3/20  * Loss 0.422 | Train Acc 89.523
Epoch:4/20  * Loss 0.222 | Train Acc 93.950
Epoch:5/20  * Loss 0.197 | Train Acc 94.271
Epoch:6/20  * Loss 0.186 | Train Acc 94.611
Epoch:7/20  * Loss 0.192 | Train Acc 94.311
Epoch:8/20  * Loss 0.172 | Train Acc 95.152
Epoch:9/20  * Loss 0.171 | Train Acc 95.032
Epoch:10/20  * Loss 0.169 | Train Acc 95.172
Epoch:11/20  * Loss 0.166 | Train Acc 94.792
Epoch:12/20  * Loss 0.154 | Train Acc 95.493
Epoch:13/20  * Loss 0.145 | Train Acc 95.433
Epoch:14/20  * Loss 0.153 | Train Acc 95.333
Epoch:15/20  * Loss 0.137 | Train Acc 96.114
Epoch:16/20  * Loss 0.148 | Train Acc 95.773
Epoch:17/20  * Loss 0.146 | Train Acc 95.933
Epoch:18/20  * Loss 0.136 | Train Acc 96.094
Epoch:19/20  * Loss 0.136 | Train Acc 95.974
Epoch:20/20  * Loss 0.141 | Train Acc 96.194
----------
Selecting Experts...
----------
Averaged stats: Lr: 0.000010  Loss: 0.0053  Acc@1: 100.0000 (99.9609)  Acc@5: 100.0000 (100.0000)
Averaged stats: Lr: 0.000010  Loss: 0.0055  Acc@1: 100.0000 (100.0000)  Acc@5: 100.0000 (100.0000)
Averaged stats: Lr: 0.000010  Loss: 0.0037  Acc@1: 100.0000 (100.0000)  Acc@5: 100.0000 (100.0000)
Averaged stats: Lr: 0.000010  Loss: 0.0038  Acc@1: 100.0000 (99.9609)  Acc@5: 100.0000 (100.0000)
Averaged stats: Lr: 0.000010  Loss: 0.0055  Acc@1: 100.0000 (100.0000)  Acc@5: 100.0000 (100.0000)
Averaged stats: Lr: 0.000010  Loss: 0.0037  Acc@1: 100.0000 (100.0000)  Acc@5: 100.0000 (100.0000)
Averaged stats: Lr: 0.000010  Loss: 0.0051  Acc@1: 100.0000 (100.0000)  Acc@5: 100.0000 (100.0000)
Averaged stats: Lr: 0.000009  Loss: 0.0037  Acc@1: 100.0000 (100.0000)  Acc@5: 100.0000 (100.0000)
Averaged stats: Lr: 0.000009  Loss: 0.0043  Acc@1: 100.0000 (100.0000)  Acc@5: 100.0000 (100.0000)
Averaged stats: Lr: 0.000009  Loss: 0.0035  Acc@1: 100.0000 (100.0000)  Acc@5: 100.0000 (100.0000)
Averaged stats: Lr: 0.000009  Loss: 0.0038  Acc@1: 100.0000 (100.0000)  Acc@5: 100.0000 (100.0000)
Averaged stats: Lr: 0.000009  Loss: 0.0040  Acc@1: 100.0000 (100.0000)  Acc@5: 100.0000 (100.0000)
Averaged stats: Lr: 0.000009  Loss: 0.0036  Acc@1: 100.0000 (100.0000)  Acc@5: 100.0000 (100.0000)
Averaged stats: Lr: 0.000008  Loss: 0.0044  Acc@1: 100.0000 (100.0000)  Acc@5: 100.0000 (100.0000)
Averaged stats: Lr: 0.000008  Loss: 0.0034  Acc@1: 100.0000 (99.9609)  Acc@5: 100.0000 (100.0000)
Averaged stats: Lr: 0.000008  Loss: 0.0035  Acc@1: 100.0000 (100.0000)  Acc@5: 100.0000 (100.0000)
Averaged stats: Lr: 0.000008  Loss: 0.0064  Acc@1: 100.0000 (100.0000)  Acc@5: 100.0000 (100.0000)
Averaged stats: Lr: 0.000007  Loss: 0.0035  Acc@1: 100.0000 (100.0000)  Acc@5: 100.0000 (100.0000)
Averaged stats: Lr: 0.000007  Loss: 0.0027  Acc@1: 100.0000 (100.0000)  Acc@5: 100.0000 (100.0000)
Averaged stats: Lr: 0.000007  Loss: 0.0027  Acc@1: 100.0000 (100.0000)  Acc@5: 100.0000 (100.0000)
Averaged stats: Lr: 0.000007  Loss: 0.0026  Acc@1: 100.0000 (100.0000)  Acc@5: 100.0000 (100.0000)
Averaged stats: Lr: 0.000006  Loss: 0.0040  Acc@1: 100.0000 (100.0000)  Acc@5: 100.0000 (100.0000)
Averaged stats: Lr: 0.000006  Loss: 0.0039  Acc@1: 100.0000 (100.0000)  Acc@5: 100.0000 (100.0000)
Averaged stats: Lr: 0.000006  Loss: 0.0028  Acc@1: 100.0000 (100.0000)  Acc@5: 100.0000 (100.0000)
Averaged stats: Lr: 0.000006  Loss: 0.0036  Acc@1: 100.0000 (99.9609)  Acc@5: 100.0000 (100.0000)
Averaged stats: Lr: 0.000005  Loss: 0.0025  Acc@1: 100.0000 (100.0000)  Acc@5: 100.0000 (100.0000)
Averaged stats: Lr: 0.000005  Loss: 0.0026  Acc@1: 100.0000 (100.0000)  Acc@5: 100.0000 (100.0000)
Averaged stats: Lr: 0.000005  Loss: 0.0037  Acc@1: 100.0000 (100.0000)  Acc@5: 100.0000 (100.0000)
Averaged stats: Lr: 0.000004  Loss: 0.0028  Acc@1: 100.0000 (100.0000)  Acc@5: 100.0000 (100.0000)
Averaged stats: Lr: 0.000004  Loss: 0.0049  Acc@1: 100.0000 (100.0000)  Acc@5: 100.0000 (100.0000)
Averaged stats: Lr: 0.000004  Loss: 0.0099  Acc@1: 100.0000 (100.0000)  Acc@5: 100.0000 (100.0000)
Averaged stats: Lr: 0.000004  Loss: 0.0022  Acc@1: 100.0000 (100.0000)  Acc@5: 100.0000 (100.0000)
Averaged stats: Lr: 0.000003  Loss: 0.0050  Acc@1: 100.0000 (100.0000)  Acc@5: 100.0000 (100.0000)
Averaged stats: Lr: 0.000003  Loss: 0.0035  Acc@1: 100.0000 (100.0000)  Acc@5: 100.0000 (100.0000)
Averaged stats: Lr: 0.000003  Loss: 0.0035  Acc@1: 100.0000 (100.0000)  Acc@5: 100.0000 (100.0000)
Averaged stats: Lr: 0.000003  Loss: 0.0057  Acc@1: 100.0000 (100.0000)  Acc@5: 100.0000 (100.0000)
Averaged stats: Lr: 0.000002  Loss: 0.0012  Acc@1: 100.0000 (100.0000)  Acc@5: 100.0000 (100.0000)
Averaged stats: Lr: 0.000002  Loss: 0.0041  Acc@1: 100.0000 (100.0000)  Acc@5: 100.0000 (100.0000)
Averaged stats: Lr: 0.000002  Loss: 0.0035  Acc@1: 100.0000 (100.0000)  Acc@5: 100.0000 (100.0000)
Averaged stats: Lr: 0.000002  Loss: 0.0032  Acc@1: 100.0000 (100.0000)  Acc@5: 100.0000 (100.0000)
Averaged stats: Lr: 0.000002  Loss: 0.0055  Acc@1: 100.0000 (100.0000)  Acc@5: 100.0000 (100.0000)
Averaged stats: Lr: 0.000002  Loss: 0.0033  Acc@1: 100.0000 (100.0000)  Acc@5: 100.0000 (100.0000)
Averaged stats: Lr: 0.000001  Loss: 0.0020  Acc@1: 100.0000 (100.0000)  Acc@5: 100.0000 (100.0000)
Averaged stats: Lr: 0.000001  Loss: 0.0038  Acc@1: 100.0000 (100.0000)  Acc@5: 100.0000 (100.0000)
Averaged stats: Lr: 0.000001  Loss: 0.0029  Acc@1: 100.0000 (100.0000)  Acc@5: 100.0000 (100.0000)
Averaged stats: Lr: 0.000001  Loss: 0.0026  Acc@1: 100.0000 (99.9609)  Acc@5: 100.0000 (100.0000)
Averaged stats: Lr: 0.000001  Loss: 0.0057  Acc@1: 100.0000 (100.0000)  Acc@5: 100.0000 (100.0000)
Averaged stats: Lr: 0.000001  Loss: 0.0034  Acc@1: 100.0000 (99.9609)  Acc@5: 100.0000 (100.0000)
Averaged stats: Lr: 0.000001  Loss: 0.0051  Acc@1: 100.0000 (100.0000)  Acc@5: 100.0000 (100.0000)
Averaged stats: Lr: 0.000001  Loss: 0.0037  Acc@1: 100.0000 (100.0000)  Acc@5: 100.0000 (100.0000)
=> Saving class model to: outputs/cifar-100/10-task/one-prompt/models/repeat-3/task-3/
=> Save Done
validation split name (local False): 1
 * Val Acc 97.600, Total time 3.05
validation split name (local False): 2
 * Val Acc 97.700, Total time 3.10
validation split name (local False): 3
 * Val Acc 97.100, Total time 3.10
Averaged accuracy for task 3: 97.46666666666665
====================== 4 =======================
Incremental class: Old valid output dimension: 30
Incremental class: New Valid output dimension: 40
Saving old prompts
Optimizer is reset!
Total params: 86105956
Tune params: 307300
Tune ratio: 0.36
Prompt params: 230400
Prompt ratio: 0.27
Epoch:1/20  * Loss 1.248 | Train Acc 74.219
Epoch:2/20  * Loss 1.202 | Train Acc 76.162
Epoch:3/20  * Loss 0.374 | Train Acc 91.266
Epoch:4/20  * Loss 0.240 | Train Acc 93.730
Epoch:5/20  * Loss 0.214 | Train Acc 93.750
Epoch:6/20  * Loss 0.200 | Train Acc 94.151
Epoch:7/20  * Loss 0.190 | Train Acc 94.591
Epoch:8/20  * Loss 0.187 | Train Acc 94.591
Epoch:9/20  * Loss 0.163 | Train Acc 94.892
Epoch:10/20  * Loss 0.166 | Train Acc 95.172
Epoch:11/20  * Loss 0.175 | Train Acc 94.892
Epoch:12/20  * Loss 0.171 | Train Acc 94.832
Epoch:13/20  * Loss 0.170 | Train Acc 94.792
Epoch:14/20  * Loss 0.155 | Train Acc 95.072
Epoch:15/20  * Loss 0.157 | Train Acc 95.212
Epoch:16/20  * Loss 0.148 | Train Acc 95.593
Epoch:17/20  * Loss 0.163 | Train Acc 95.052
Epoch:18/20  * Loss 0.150 | Train Acc 95.733
Epoch:19/20  * Loss 0.153 | Train Acc 95.232
Epoch:20/20  * Loss 0.133 | Train Acc 96.274
----------
Selecting Experts...
----------
Averaged stats: Lr: 0.000010  Loss: 0.0038  Acc@1: 100.0000 (99.9740)  Acc@5: 100.0000 (100.0000)
Averaged stats: Lr: 0.000010  Loss: 0.0049  Acc@1: 100.0000 (99.9479)  Acc@5: 100.0000 (100.0000)
Averaged stats: Lr: 0.000010  Loss: 0.0053  Acc@1: 100.0000 (99.9479)  Acc@5: 100.0000 (100.0000)
Averaged stats: Lr: 0.000010  Loss: 0.0117  Acc@1: 100.0000 (99.9479)  Acc@5: 100.0000 (100.0000)
Averaged stats: Lr: 0.000010  Loss: 0.0065  Acc@1: 100.0000 (100.0000)  Acc@5: 100.0000 (100.0000)
Averaged stats: Lr: 0.000010  Loss: 0.0027  Acc@1: 100.0000 (99.9740)  Acc@5: 100.0000 (100.0000)
Averaged stats: Lr: 0.000010  Loss: 0.0035  Acc@1: 100.0000 (99.9740)  Acc@5: 100.0000 (100.0000)
Averaged stats: Lr: 0.000009  Loss: 0.0042  Acc@1: 100.0000 (100.0000)  Acc@5: 100.0000 (100.0000)
Averaged stats: Lr: 0.000009  Loss: 0.0037  Acc@1: 100.0000 (100.0000)  Acc@5: 100.0000 (100.0000)
Averaged stats: Lr: 0.000009  Loss: 0.0034  Acc@1: 100.0000 (99.9740)  Acc@5: 100.0000 (100.0000)
Averaged stats: Lr: 0.000009  Loss: 0.0052  Acc@1: 100.0000 (100.0000)  Acc@5: 100.0000 (100.0000)
Averaged stats: Lr: 0.000009  Loss: 0.0030  Acc@1: 100.0000 (100.0000)  Acc@5: 100.0000 (100.0000)
Averaged stats: Lr: 0.000009  Loss: 0.0018  Acc@1: 100.0000 (99.9219)  Acc@5: 100.0000 (100.0000)
Averaged stats: Lr: 0.000008  Loss: 0.0043  Acc@1: 100.0000 (99.9740)  Acc@5: 100.0000 (100.0000)
Averaged stats: Lr: 0.000008  Loss: 0.0016  Acc@1: 100.0000 (100.0000)  Acc@5: 100.0000 (100.0000)
Averaged stats: Lr: 0.000008  Loss: 0.0046  Acc@1: 100.0000 (100.0000)  Acc@5: 100.0000 (100.0000)
Averaged stats: Lr: 0.000008  Loss: 0.0056  Acc@1: 100.0000 (100.0000)  Acc@5: 100.0000 (100.0000)
Averaged stats: Lr: 0.000007  Loss: 0.0107  Acc@1: 100.0000 (99.9740)  Acc@5: 100.0000 (100.0000)
Averaged stats: Lr: 0.000007  Loss: 0.0064  Acc@1: 100.0000 (100.0000)  Acc@5: 100.0000 (100.0000)
Averaged stats: Lr: 0.000007  Loss: 0.0025  Acc@1: 100.0000 (100.0000)  Acc@5: 100.0000 (100.0000)
Averaged stats: Lr: 0.000007  Loss: 0.0030  Acc@1: 100.0000 (100.0000)  Acc@5: 100.0000 (100.0000)
Averaged stats: Lr: 0.000006  Loss: 0.0025  Acc@1: 100.0000 (99.9479)  Acc@5: 100.0000 (100.0000)
Averaged stats: Lr: 0.000006  Loss: 0.0032  Acc@1: 100.0000 (100.0000)  Acc@5: 100.0000 (100.0000)
Averaged stats: Lr: 0.000006  Loss: 0.0029  Acc@1: 100.0000 (100.0000)  Acc@5: 100.0000 (100.0000)
Averaged stats: Lr: 0.000006  Loss: 0.0026  Acc@1: 100.0000 (100.0000)  Acc@5: 100.0000 (100.0000)
Averaged stats: Lr: 0.000005  Loss: 0.0022  Acc@1: 100.0000 (99.9740)  Acc@5: 100.0000 (100.0000)
Averaged stats: Lr: 0.000005  Loss: 0.0032  Acc@1: 100.0000 (99.9740)  Acc@5: 100.0000 (100.0000)
Averaged stats: Lr: 0.000005  Loss: 0.0028  Acc@1: 100.0000 (100.0000)  Acc@5: 100.0000 (100.0000)
Averaged stats: Lr: 0.000004  Loss: 0.0038  Acc@1: 100.0000 (100.0000)  Acc@5: 100.0000 (100.0000)
Averaged stats: Lr: 0.000004  Loss: 0.0028  Acc@1: 100.0000 (100.0000)  Acc@5: 100.0000 (100.0000)
Averaged stats: Lr: 0.000004  Loss: 0.0020  Acc@1: 100.0000 (100.0000)  Acc@5: 100.0000 (100.0000)
Averaged stats: Lr: 0.000004  Loss: 0.0023  Acc@1: 100.0000 (100.0000)  Acc@5: 100.0000 (100.0000)
Averaged stats: Lr: 0.000003  Loss: 0.0028  Acc@1: 100.0000 (100.0000)  Acc@5: 100.0000 (100.0000)
Averaged stats: Lr: 0.000003  Loss: 0.0034  Acc@1: 100.0000 (100.0000)  Acc@5: 100.0000 (100.0000)
Averaged stats: Lr: 0.000003  Loss: 0.0036  Acc@1: 100.0000 (100.0000)  Acc@5: 100.0000 (100.0000)
Averaged stats: Lr: 0.000003  Loss: 0.0038  Acc@1: 100.0000 (99.9740)  Acc@5: 100.0000 (100.0000)
Averaged stats: Lr: 0.000002  Loss: 0.0024  Acc@1: 100.0000 (100.0000)  Acc@5: 100.0000 (100.0000)
Averaged stats: Lr: 0.000002  Loss: 0.0038  Acc@1: 100.0000 (99.9740)  Acc@5: 100.0000 (100.0000)
Averaged stats: Lr: 0.000002  Loss: 0.0052  Acc@1: 100.0000 (99.9740)  Acc@5: 100.0000 (100.0000)
Averaged stats: Lr: 0.000002  Loss: 0.0029  Acc@1: 100.0000 (100.0000)  Acc@5: 100.0000 (100.0000)
Averaged stats: Lr: 0.000002  Loss: 0.0029  Acc@1: 100.0000 (100.0000)  Acc@5: 100.0000 (100.0000)
Averaged stats: Lr: 0.000002  Loss: 0.0021  Acc@1: 100.0000 (100.0000)  Acc@5: 100.0000 (100.0000)
Averaged stats: Lr: 0.000001  Loss: 0.0025  Acc@1: 100.0000 (100.0000)  Acc@5: 100.0000 (100.0000)
Averaged stats: Lr: 0.000001  Loss: 0.0030  Acc@1: 100.0000 (100.0000)  Acc@5: 100.0000 (100.0000)
Averaged stats: Lr: 0.000001  Loss: 0.0030  Acc@1: 100.0000 (100.0000)  Acc@5: 100.0000 (100.0000)
Averaged stats: Lr: 0.000001  Loss: 0.0029  Acc@1: 100.0000 (100.0000)  Acc@5: 100.0000 (100.0000)
Averaged stats: Lr: 0.000001  Loss: 0.0019  Acc@1: 100.0000 (100.0000)  Acc@5: 100.0000 (100.0000)
Averaged stats: Lr: 0.000001  Loss: 0.0020  Acc@1: 100.0000 (100.0000)  Acc@5: 100.0000 (100.0000)
Averaged stats: Lr: 0.000001  Loss: 0.0013  Acc@1: 100.0000 (100.0000)  Acc@5: 100.0000 (100.0000)
Averaged stats: Lr: 0.000001  Loss: 0.0034  Acc@1: 100.0000 (99.9740)  Acc@5: 100.0000 (100.0000)
=> Saving class model to: outputs/cifar-100/10-task/one-prompt/models/repeat-3/task-4/
=> Save Done
validation split name (local False): 1
 * Val Acc 97.700, Total time 3.02
validation split name (local False): 2
 * Val Acc 96.700, Total time 3.04
validation split name (local False): 3
 * Val Acc 95.000, Total time 3.06
validation split name (local False): 4
 * Val Acc 95.700, Total time 3.05
Averaged accuracy for task 4: 96.27499999999999
====================== 5 =======================
Incremental class: Old valid output dimension: 40
Incremental class: New Valid output dimension: 50
Saving old prompts
Optimizer is reset!
Total params: 86105956
Tune params: 307300
Tune ratio: 0.36
Prompt params: 230400
Prompt ratio: 0.27
Epoch:1/20  * Loss 1.349 | Train Acc 67.748
Epoch:2/20  * Loss 1.300 | Train Acc 70.653
Epoch:3/20  * Loss 0.482 | Train Acc 88.662
Epoch:4/20  * Loss 0.318 | Train Acc 91.767
Epoch:5/20  * Loss 0.249 | Train Acc 92.268
Epoch:6/20  * Loss 0.242 | Train Acc 93.109
Epoch:7/20  * Loss 0.254 | Train Acc 92.468
Epoch:8/20  * Loss 0.223 | Train Acc 93.329
Epoch:9/20  * Loss 0.216 | Train Acc 93.269
Epoch:10/20  * Loss 0.204 | Train Acc 93.429
Epoch:11/20  * Loss 0.230 | Train Acc 92.949
Epoch:12/20  * Loss 0.192 | Train Acc 94.071
Epoch:13/20  * Loss 0.195 | Train Acc 94.131
Epoch:14/20  * Loss 0.193 | Train Acc 93.950
Epoch:15/20  * Loss 0.190 | Train Acc 93.890
Epoch:16/20  * Loss 0.198 | Train Acc 93.870
Epoch:17/20  * Loss 0.190 | Train Acc 94.131
Epoch:18/20  * Loss 0.177 | Train Acc 94.511
Epoch:19/20  * Loss 0.180 | Train Acc 94.471
Epoch:20/20  * Loss 0.166 | Train Acc 94.932
----------
Selecting Experts...
----------
Averaged stats: Lr: 0.000010  Loss: 0.0162  Acc@1: 100.0000 (99.9609)  Acc@5: 100.0000 (100.0000)
Averaged stats: Lr: 0.000010  Loss: 0.0068  Acc@1: 100.0000 (99.9805)  Acc@5: 100.0000 (100.0000)
Averaged stats: Lr: 0.000010  Loss: 0.0067  Acc@1: 100.0000 (99.9805)  Acc@5: 100.0000 (100.0000)
Averaged stats: Lr: 0.000010  Loss: 0.0220  Acc@1: 100.0000 (99.9805)  Acc@5: 100.0000 (100.0000)
Averaged stats: Lr: 0.000010  Loss: 0.0063  Acc@1: 100.0000 (100.0000)  Acc@5: 100.0000 (100.0000)
Averaged stats: Lr: 0.000010  Loss: 0.0050  Acc@1: 100.0000 (99.9805)  Acc@5: 100.0000 (100.0000)
Averaged stats: Lr: 0.000010  Loss: 0.0032  Acc@1: 100.0000 (99.9805)  Acc@5: 100.0000 (100.0000)
Averaged stats: Lr: 0.000009  Loss: 0.0040  Acc@1: 100.0000 (99.9805)  Acc@5: 100.0000 (100.0000)
Averaged stats: Lr: 0.000009  Loss: 0.0067  Acc@1: 100.0000 (99.9609)  Acc@5: 100.0000 (100.0000)
Averaged stats: Lr: 0.000009  Loss: 0.0081  Acc@1: 100.0000 (100.0000)  Acc@5: 100.0000 (100.0000)
Averaged stats: Lr: 0.000009  Loss: 0.0071  Acc@1: 100.0000 (99.9805)  Acc@5: 100.0000 (100.0000)
Averaged stats: Lr: 0.000009  Loss: 0.0080  Acc@1: 100.0000 (100.0000)  Acc@5: 100.0000 (100.0000)
Averaged stats: Lr: 0.000009  Loss: 0.0041  Acc@1: 100.0000 (100.0000)  Acc@5: 100.0000 (100.0000)
Averaged stats: Lr: 0.000008  Loss: 0.0081  Acc@1: 100.0000 (100.0000)  Acc@5: 100.0000 (100.0000)
Averaged stats: Lr: 0.000008  Loss: 0.0070  Acc@1: 100.0000 (100.0000)  Acc@5: 100.0000 (100.0000)
Averaged stats: Lr: 0.000008  Loss: 0.0106  Acc@1: 100.0000 (100.0000)  Acc@5: 100.0000 (100.0000)
Averaged stats: Lr: 0.000008  Loss: 0.0039  Acc@1: 100.0000 (100.0000)  Acc@5: 100.0000 (100.0000)
Averaged stats: Lr: 0.000007  Loss: 0.0043  Acc@1: 100.0000 (100.0000)  Acc@5: 100.0000 (100.0000)
Averaged stats: Lr: 0.000007  Loss: 0.0062  Acc@1: 100.0000 (100.0000)  Acc@5: 100.0000 (100.0000)
Averaged stats: Lr: 0.000007  Loss: 0.0041  Acc@1: 100.0000 (100.0000)  Acc@5: 100.0000 (100.0000)
Averaged stats: Lr: 0.000007  Loss: 0.0055  Acc@1: 100.0000 (100.0000)  Acc@5: 100.0000 (100.0000)
Averaged stats: Lr: 0.000006  Loss: 0.0029  Acc@1: 100.0000 (100.0000)  Acc@5: 100.0000 (100.0000)
Averaged stats: Lr: 0.000006  Loss: 0.0034  Acc@1: 100.0000 (100.0000)  Acc@5: 100.0000 (100.0000)
Averaged stats: Lr: 0.000006  Loss: 0.0048  Acc@1: 100.0000 (100.0000)  Acc@5: 100.0000 (100.0000)
Averaged stats: Lr: 0.000006  Loss: 0.0046  Acc@1: 100.0000 (100.0000)  Acc@5: 100.0000 (100.0000)
Averaged stats: Lr: 0.000005  Loss: 0.0036  Acc@1: 100.0000 (100.0000)  Acc@5: 100.0000 (100.0000)
Averaged stats: Lr: 0.000005  Loss: 0.0038  Acc@1: 100.0000 (100.0000)  Acc@5: 100.0000 (100.0000)
Averaged stats: Lr: 0.000005  Loss: 0.0044  Acc@1: 100.0000 (99.9805)  Acc@5: 100.0000 (100.0000)
Averaged stats: Lr: 0.000004  Loss: 0.0032  Acc@1: 100.0000 (100.0000)  Acc@5: 100.0000 (100.0000)
Averaged stats: Lr: 0.000004  Loss: 0.0054  Acc@1: 100.0000 (100.0000)  Acc@5: 100.0000 (100.0000)
Averaged stats: Lr: 0.000004  Loss: 0.0039  Acc@1: 100.0000 (100.0000)  Acc@5: 100.0000 (100.0000)
Averaged stats: Lr: 0.000004  Loss: 0.0047  Acc@1: 100.0000 (100.0000)  Acc@5: 100.0000 (100.0000)
Averaged stats: Lr: 0.000003  Loss: 0.0033  Acc@1: 100.0000 (100.0000)  Acc@5: 100.0000 (100.0000)
Averaged stats: Lr: 0.000003  Loss: 0.0027  Acc@1: 100.0000 (100.0000)  Acc@5: 100.0000 (100.0000)
Averaged stats: Lr: 0.000003  Loss: 0.0096  Acc@1: 100.0000 (100.0000)  Acc@5: 100.0000 (100.0000)
Averaged stats: Lr: 0.000003  Loss: 0.0070  Acc@1: 100.0000 (99.9805)  Acc@5: 100.0000 (100.0000)
Averaged stats: Lr: 0.000002  Loss: 0.0031  Acc@1: 100.0000 (100.0000)  Acc@5: 100.0000 (100.0000)
Averaged stats: Lr: 0.000002  Loss: 0.0028  Acc@1: 100.0000 (100.0000)  Acc@5: 100.0000 (100.0000)
Averaged stats: Lr: 0.000002  Loss: 0.0044  Acc@1: 100.0000 (100.0000)  Acc@5: 100.0000 (100.0000)
Averaged stats: Lr: 0.000002  Loss: 0.0034  Acc@1: 100.0000 (100.0000)  Acc@5: 100.0000 (100.0000)
Averaged stats: Lr: 0.000002  Loss: 0.0063  Acc@1: 100.0000 (100.0000)  Acc@5: 100.0000 (100.0000)
Averaged stats: Lr: 0.000002  Loss: 0.0042  Acc@1: 100.0000 (100.0000)  Acc@5: 100.0000 (100.0000)
Averaged stats: Lr: 0.000001  Loss: 0.0044  Acc@1: 100.0000 (100.0000)  Acc@5: 100.0000 (100.0000)
Averaged stats: Lr: 0.000001  Loss: 0.0042  Acc@1: 100.0000 (99.9805)  Acc@5: 100.0000 (100.0000)
Averaged stats: Lr: 0.000001  Loss: 0.0043  Acc@1: 100.0000 (100.0000)  Acc@5: 100.0000 (100.0000)
Averaged stats: Lr: 0.000001  Loss: 0.0029  Acc@1: 100.0000 (100.0000)  Acc@5: 100.0000 (100.0000)
Averaged stats: Lr: 0.000001  Loss: 0.0037  Acc@1: 100.0000 (100.0000)  Acc@5: 100.0000 (100.0000)
Averaged stats: Lr: 0.000001  Loss: 0.0052  Acc@1: 100.0000 (100.0000)  Acc@5: 100.0000 (100.0000)
Averaged stats: Lr: 0.000001  Loss: 0.0044  Acc@1: 100.0000 (100.0000)  Acc@5: 100.0000 (100.0000)
Averaged stats: Lr: 0.000001  Loss: 0.0031  Acc@1: 100.0000 (99.9805)  Acc@5: 100.0000 (100.0000)
=> Saving class model to: outputs/cifar-100/10-task/one-prompt/models/repeat-3/task-5/
=> Save Done
validation split name (local False): 1
 * Val Acc 97.000, Total time 3.14
validation split name (local False): 2
 * Val Acc 95.500, Total time 3.06
validation split name (local False): 3
 * Val Acc 95.000, Total time 3.04
validation split name (local False): 4
 * Val Acc 95.300, Total time 3.04
validation split name (local False): 5
 * Val Acc 90.800, Total time 3.08
Averaged accuracy for task 5: 94.72
====================== 6 =======================
Incremental class: Old valid output dimension: 50
Incremental class: New Valid output dimension: 60
Saving old prompts
Optimizer is reset!
Total params: 86105956
Tune params: 307300
Tune ratio: 0.36
Prompt params: 230400
Prompt ratio: 0.27
Epoch:1/20  * Loss 1.251 | Train Acc 71.955
Epoch:2/20  * Loss 1.206 | Train Acc 73.918
Epoch:3/20  * Loss 0.342 | Train Acc 91.687
Epoch:4/20  * Loss 0.213 | Train Acc 94.531
Epoch:5/20  * Loss 0.163 | Train Acc 95.272
Epoch:6/20  * Loss 0.157 | Train Acc 95.393
Epoch:7/20  * Loss 0.150 | Train Acc 95.653
Epoch:8/20  * Loss 0.161 | Train Acc 95.453
Epoch:9/20  * Loss 0.147 | Train Acc 95.593
Epoch:10/20  * Loss 0.149 | Train Acc 95.573
Epoch:11/20  * Loss 0.136 | Train Acc 95.733
Epoch:12/20  * Loss 0.126 | Train Acc 96.094
Epoch:13/20  * Loss 0.118 | Train Acc 96.434
Epoch:14/20  * Loss 0.127 | Train Acc 96.514
Epoch:15/20  * Loss 0.123 | Train Acc 96.595
Epoch:16/20  * Loss 0.113 | Train Acc 96.835
Epoch:17/20  * Loss 0.113 | Train Acc 96.534
Epoch:18/20  * Loss 0.115 | Train Acc 96.534
Epoch:19/20  * Loss 0.127 | Train Acc 96.254
Epoch:20/20  * Loss 0.121 | Train Acc 96.534
----------
Selecting Experts...
----------
Averaged stats: Lr: 0.000010  Loss: 0.0232  Acc@1: 99.2188 (99.0938)  Acc@5: 100.0000 (100.0000)
Averaged stats: Lr: 0.000010  Loss: 0.0116  Acc@1: 99.2188 (99.2344)  Acc@5: 100.0000 (100.0000)
Averaged stats: Lr: 0.000010  Loss: 0.0081  Acc@1: 99.2188 (99.2500)  Acc@5: 100.0000 (100.0000)
Averaged stats: Lr: 0.000010  Loss: 0.0214  Acc@1: 99.2188 (99.5156)  Acc@5: 100.0000 (100.0000)
Averaged stats: Lr: 0.000010  Loss: 0.0088  Acc@1: 99.2188 (99.4844)  Acc@5: 100.0000 (100.0000)
Averaged stats: Lr: 0.000010  Loss: 0.0115  Acc@1: 100.0000 (99.6094)  Acc@5: 100.0000 (100.0000)
Averaged stats: Lr: 0.000010  Loss: 0.0119  Acc@1: 100.0000 (99.7344)  Acc@5: 100.0000 (100.0000)
Averaged stats: Lr: 0.000009  Loss: 0.0173  Acc@1: 100.0000 (99.7500)  Acc@5: 100.0000 (100.0000)
Averaged stats: Lr: 0.000009  Loss: 0.0180  Acc@1: 100.0000 (99.8438)  Acc@5: 100.0000 (100.0000)
Averaged stats: Lr: 0.000009  Loss: 0.0150  Acc@1: 100.0000 (99.7500)  Acc@5: 100.0000 (100.0000)
Averaged stats: Lr: 0.000009  Loss: 0.0128  Acc@1: 100.0000 (99.8594)  Acc@5: 100.0000 (100.0000)
Averaged stats: Lr: 0.000009  Loss: 0.0128  Acc@1: 100.0000 (99.8750)  Acc@5: 100.0000 (100.0000)
Averaged stats: Lr: 0.000009  Loss: 0.0050  Acc@1: 100.0000 (99.9375)  Acc@5: 100.0000 (100.0000)
Averaged stats: Lr: 0.000008  Loss: 0.0062  Acc@1: 100.0000 (99.8906)  Acc@5: 100.0000 (100.0000)
Averaged stats: Lr: 0.000008  Loss: 0.0107  Acc@1: 100.0000 (99.8906)  Acc@5: 100.0000 (100.0000)
Averaged stats: Lr: 0.000008  Loss: 0.0077  Acc@1: 100.0000 (99.9219)  Acc@5: 100.0000 (100.0000)
Averaged stats: Lr: 0.000008  Loss: 0.0114  Acc@1: 100.0000 (99.8594)  Acc@5: 100.0000 (100.0000)
Averaged stats: Lr: 0.000007  Loss: 0.0069  Acc@1: 100.0000 (99.8906)  Acc@5: 100.0000 (100.0000)
Averaged stats: Lr: 0.000007  Loss: 0.0045  Acc@1: 100.0000 (99.9375)  Acc@5: 100.0000 (100.0000)
Averaged stats: Lr: 0.000007  Loss: 0.0052  Acc@1: 100.0000 (99.9375)  Acc@5: 100.0000 (100.0000)
Averaged stats: Lr: 0.000007  Loss: 0.0142  Acc@1: 100.0000 (99.9219)  Acc@5: 100.0000 (100.0000)
Averaged stats: Lr: 0.000006  Loss: 0.0088  Acc@1: 100.0000 (99.9688)  Acc@5: 100.0000 (100.0000)
Averaged stats: Lr: 0.000006  Loss: 0.0053  Acc@1: 100.0000 (99.9844)  Acc@5: 100.0000 (100.0000)
Averaged stats: Lr: 0.000006  Loss: 0.0058  Acc@1: 100.0000 (99.9531)  Acc@5: 100.0000 (100.0000)
Averaged stats: Lr: 0.000006  Loss: 0.0060  Acc@1: 100.0000 (99.9688)  Acc@5: 100.0000 (100.0000)
Averaged stats: Lr: 0.000005  Loss: 0.0027  Acc@1: 100.0000 (99.9531)  Acc@5: 100.0000 (100.0000)
Averaged stats: Lr: 0.000005  Loss: 0.0038  Acc@1: 100.0000 (99.9219)  Acc@5: 100.0000 (100.0000)
Averaged stats: Lr: 0.000005  Loss: 0.0036  Acc@1: 100.0000 (99.9688)  Acc@5: 100.0000 (100.0000)
Averaged stats: Lr: 0.000004  Loss: 0.0059  Acc@1: 100.0000 (99.9688)  Acc@5: 100.0000 (100.0000)
Averaged stats: Lr: 0.000004  Loss: 0.0054  Acc@1: 100.0000 (99.9844)  Acc@5: 100.0000 (100.0000)
Averaged stats: Lr: 0.000004  Loss: 0.0031  Acc@1: 100.0000 (99.9688)  Acc@5: 100.0000 (100.0000)
Averaged stats: Lr: 0.000004  Loss: 0.0042  Acc@1: 100.0000 (99.9688)  Acc@5: 100.0000 (100.0000)
Averaged stats: Lr: 0.000003  Loss: 0.0042  Acc@1: 100.0000 (99.9844)  Acc@5: 100.0000 (100.0000)
Averaged stats: Lr: 0.000003  Loss: 0.0035  Acc@1: 100.0000 (100.0000)  Acc@5: 100.0000 (100.0000)
Averaged stats: Lr: 0.000003  Loss: 0.0060  Acc@1: 100.0000 (99.9375)  Acc@5: 100.0000 (100.0000)
Averaged stats: Lr: 0.000003  Loss: 0.0045  Acc@1: 100.0000 (99.9531)  Acc@5: 100.0000 (100.0000)
Averaged stats: Lr: 0.000002  Loss: 0.0062  Acc@1: 100.0000 (99.9375)  Acc@5: 100.0000 (100.0000)
Averaged stats: Lr: 0.000002  Loss: 0.0043  Acc@1: 100.0000 (99.9844)  Acc@5: 100.0000 (100.0000)
Averaged stats: Lr: 0.000002  Loss: 0.0053  Acc@1: 100.0000 (99.9688)  Acc@5: 100.0000 (100.0000)
Averaged stats: Lr: 0.000002  Loss: 0.0047  Acc@1: 100.0000 (99.9844)  Acc@5: 100.0000 (100.0000)
Averaged stats: Lr: 0.000002  Loss: 0.0050  Acc@1: 100.0000 (99.9531)  Acc@5: 100.0000 (100.0000)
Averaged stats: Lr: 0.000002  Loss: 0.0119  Acc@1: 100.0000 (99.9375)  Acc@5: 100.0000 (100.0000)
Averaged stats: Lr: 0.000001  Loss: 0.0059  Acc@1: 100.0000 (99.9688)  Acc@5: 100.0000 (100.0000)
Averaged stats: Lr: 0.000001  Loss: 0.0051  Acc@1: 100.0000 (99.9531)  Acc@5: 100.0000 (100.0000)
Averaged stats: Lr: 0.000001  Loss: 0.0083  Acc@1: 100.0000 (99.9844)  Acc@5: 100.0000 (100.0000)
Averaged stats: Lr: 0.000001  Loss: 0.0064  Acc@1: 100.0000 (99.9844)  Acc@5: 100.0000 (100.0000)
Averaged stats: Lr: 0.000001  Loss: 0.0062  Acc@1: 100.0000 (99.9688)  Acc@5: 100.0000 (100.0000)
Averaged stats: Lr: 0.000001  Loss: 0.0036  Acc@1: 100.0000 (99.9531)  Acc@5: 100.0000 (100.0000)
Averaged stats: Lr: 0.000001  Loss: 0.0045  Acc@1: 100.0000 (99.9844)  Acc@5: 100.0000 (100.0000)
Averaged stats: Lr: 0.000001  Loss: 0.0077  Acc@1: 100.0000 (99.9688)  Acc@5: 100.0000 (100.0000)
=> Saving class model to: outputs/cifar-100/10-task/one-prompt/models/repeat-3/task-6/
=> Save Done
validation split name (local False): 1
 * Val Acc 93.800, Total time 3.07
validation split name (local False): 2
 * Val Acc 95.100, Total time 3.13
validation split name (local False): 3
 * Val Acc 92.900, Total time 3.08
validation split name (local False): 4
 * Val Acc 94.800, Total time 3.05
validation split name (local False): 5
 * Val Acc 90.200, Total time 3.08
validation split name (local False): 6
 * Val Acc 92.700, Total time 3.09
Averaged accuracy for task 6: 93.25
====================== 7 =======================
Incremental class: Old valid output dimension: 60
Incremental class: New Valid output dimension: 70
Saving old prompts
Optimizer is reset!
Total params: 86105956
Tune params: 307300
Tune ratio: 0.36
Prompt params: 230400
Prompt ratio: 0.27
Epoch:1/20  * Loss 1.386 | Train Acc 65.264
Epoch:2/20  * Loss 1.334 | Train Acc 67.869
Epoch:3/20  * Loss 0.434 | Train Acc 87.240
Epoch:4/20  * Loss 0.248 | Train Acc 92.147
Epoch:5/20  * Loss 0.228 | Train Acc 92.728
Epoch:6/20  * Loss 0.220 | Train Acc 92.829
Epoch:7/20  * Loss 0.206 | Train Acc 93.009
Epoch:8/20  * Loss 0.198 | Train Acc 93.730
Epoch:9/20  * Loss 0.193 | Train Acc 93.510
Epoch:10/20  * Loss 0.182 | Train Acc 94.050
Epoch:11/20  * Loss 0.170 | Train Acc 94.491
Epoch:12/20  * Loss 0.172 | Train Acc 94.631
Epoch:13/20  * Loss 0.178 | Train Acc 93.930
Epoch:14/20  * Loss 0.160 | Train Acc 95.052
Epoch:15/20  * Loss 0.169 | Train Acc 94.692
Epoch:16/20  * Loss 0.162 | Train Acc 94.752
Epoch:17/20  * Loss 0.167 | Train Acc 94.812
Epoch:18/20  * Loss 0.159 | Train Acc 94.972
Epoch:19/20  * Loss 0.161 | Train Acc 94.932
Epoch:20/20  * Loss 0.159 | Train Acc 94.752
----------
Selecting Experts...
----------
Averaged stats: Lr: 0.000010  Loss: 0.0120  Acc@1: 99.2188 (99.5182)  Acc@5: 100.0000 (100.0000)
Averaged stats: Lr: 0.000010  Loss: 0.0065  Acc@1: 100.0000 (99.5573)  Acc@5: 100.0000 (100.0000)
Averaged stats: Lr: 0.000010  Loss: 0.0278  Acc@1: 100.0000 (99.5443)  Acc@5: 100.0000 (100.0000)
Averaged stats: Lr: 0.000010  Loss: 0.0189  Acc@1: 100.0000 (99.6745)  Acc@5: 100.0000 (100.0000)
Averaged stats: Lr: 0.000010  Loss: 0.0073  Acc@1: 100.0000 (99.7135)  Acc@5: 100.0000 (100.0000)
Averaged stats: Lr: 0.000010  Loss: 0.0183  Acc@1: 100.0000 (99.7396)  Acc@5: 100.0000 (100.0000)
Averaged stats: Lr: 0.000010  Loss: 0.0109  Acc@1: 100.0000 (99.7005)  Acc@5: 100.0000 (100.0000)
Averaged stats: Lr: 0.000009  Loss: 0.0070  Acc@1: 100.0000 (99.7135)  Acc@5: 100.0000 (100.0000)
Averaged stats: Lr: 0.000009  Loss: 0.0066  Acc@1: 100.0000 (99.8698)  Acc@5: 100.0000 (100.0000)
Averaged stats: Lr: 0.000009  Loss: 0.0179  Acc@1: 100.0000 (99.8698)  Acc@5: 100.0000 (100.0000)
Averaged stats: Lr: 0.000009  Loss: 0.0103  Acc@1: 100.0000 (99.8828)  Acc@5: 100.0000 (100.0000)
Averaged stats: Lr: 0.000009  Loss: 0.0071  Acc@1: 100.0000 (99.8828)  Acc@5: 100.0000 (100.0000)
Averaged stats: Lr: 0.000009  Loss: 0.0056  Acc@1: 100.0000 (99.9479)  Acc@5: 100.0000 (100.0000)
Averaged stats: Lr: 0.000008  Loss: 0.0165  Acc@1: 100.0000 (99.9089)  Acc@5: 100.0000 (100.0000)
Averaged stats: Lr: 0.000008  Loss: 0.0055  Acc@1: 100.0000 (99.9089)  Acc@5: 100.0000 (100.0000)
Averaged stats: Lr: 0.000008  Loss: 0.0087  Acc@1: 100.0000 (99.8568)  Acc@5: 100.0000 (100.0000)
Averaged stats: Lr: 0.000008  Loss: 0.0087  Acc@1: 100.0000 (99.8438)  Acc@5: 100.0000 (100.0000)
Averaged stats: Lr: 0.000007  Loss: 0.0058  Acc@1: 100.0000 (99.8958)  Acc@5: 100.0000 (100.0000)
Averaged stats: Lr: 0.000007  Loss: 0.0062  Acc@1: 100.0000 (99.9089)  Acc@5: 100.0000 (100.0000)
Averaged stats: Lr: 0.000007  Loss: 0.0074  Acc@1: 100.0000 (99.8828)  Acc@5: 100.0000 (100.0000)
Averaged stats: Lr: 0.000007  Loss: 0.0091  Acc@1: 100.0000 (99.8828)  Acc@5: 100.0000 (100.0000)
Averaged stats: Lr: 0.000006  Loss: 0.0087  Acc@1: 100.0000 (99.8958)  Acc@5: 100.0000 (100.0000)
Averaged stats: Lr: 0.000006  Loss: 0.0071  Acc@1: 100.0000 (99.9089)  Acc@5: 100.0000 (100.0000)
Averaged stats: Lr: 0.000006  Loss: 0.0028  Acc@1: 100.0000 (99.9349)  Acc@5: 100.0000 (100.0000)
Averaged stats: Lr: 0.000006  Loss: 0.0155  Acc@1: 100.0000 (99.9219)  Acc@5: 100.0000 (100.0000)
Averaged stats: Lr: 0.000005  Loss: 0.0115  Acc@1: 100.0000 (99.8698)  Acc@5: 100.0000 (100.0000)
Averaged stats: Lr: 0.000005  Loss: 0.0049  Acc@1: 100.0000 (99.9349)  Acc@5: 100.0000 (100.0000)
Averaged stats: Lr: 0.000005  Loss: 0.0071  Acc@1: 100.0000 (99.9349)  Acc@5: 100.0000 (100.0000)
Averaged stats: Lr: 0.000004  Loss: 0.0072  Acc@1: 100.0000 (99.8698)  Acc@5: 100.0000 (100.0000)
Averaged stats: Lr: 0.000004  Loss: 0.0066  Acc@1: 100.0000 (99.8568)  Acc@5: 100.0000 (100.0000)
Averaged stats: Lr: 0.000004  Loss: 0.0111  Acc@1: 100.0000 (99.9349)  Acc@5: 100.0000 (100.0000)
Averaged stats: Lr: 0.000004  Loss: 0.0073  Acc@1: 100.0000 (99.9089)  Acc@5: 100.0000 (100.0000)
Averaged stats: Lr: 0.000003  Loss: 0.0036  Acc@1: 100.0000 (99.9609)  Acc@5: 100.0000 (100.0000)
Averaged stats: Lr: 0.000003  Loss: 0.0132  Acc@1: 100.0000 (99.9349)  Acc@5: 100.0000 (100.0000)
Averaged stats: Lr: 0.000003  Loss: 0.0055  Acc@1: 100.0000 (99.9609)  Acc@5: 100.0000 (100.0000)
Averaged stats: Lr: 0.000003  Loss: 0.0104  Acc@1: 100.0000 (99.9349)  Acc@5: 100.0000 (100.0000)
Averaged stats: Lr: 0.000002  Loss: 0.0071  Acc@1: 100.0000 (99.9609)  Acc@5: 100.0000 (100.0000)
Averaged stats: Lr: 0.000002  Loss: 0.0113  Acc@1: 100.0000 (99.9870)  Acc@5: 100.0000 (100.0000)
Averaged stats: Lr: 0.000002  Loss: 0.0068  Acc@1: 100.0000 (99.9089)  Acc@5: 100.0000 (100.0000)
Averaged stats: Lr: 0.000002  Loss: 0.0041  Acc@1: 100.0000 (99.9349)  Acc@5: 100.0000 (100.0000)
Averaged stats: Lr: 0.000002  Loss: 0.0046  Acc@1: 100.0000 (99.9609)  Acc@5: 100.0000 (100.0000)
Averaged stats: Lr: 0.000002  Loss: 0.0076  Acc@1: 100.0000 (99.9479)  Acc@5: 100.0000 (100.0000)
Averaged stats: Lr: 0.000001  Loss: 0.0035  Acc@1: 100.0000 (99.8958)  Acc@5: 100.0000 (100.0000)
Averaged stats: Lr: 0.000001  Loss: 0.0138  Acc@1: 100.0000 (99.9089)  Acc@5: 100.0000 (100.0000)
Averaged stats: Lr: 0.000001  Loss: 0.0057  Acc@1: 100.0000 (99.8958)  Acc@5: 100.0000 (100.0000)
Averaged stats: Lr: 0.000001  Loss: 0.0048  Acc@1: 100.0000 (99.9479)  Acc@5: 100.0000 (100.0000)
Averaged stats: Lr: 0.000001  Loss: 0.0066  Acc@1: 100.0000 (99.8958)  Acc@5: 100.0000 (100.0000)
Averaged stats: Lr: 0.000001  Loss: 0.0052  Acc@1: 100.0000 (99.9609)  Acc@5: 100.0000 (100.0000)
Averaged stats: Lr: 0.000001  Loss: 0.0127  Acc@1: 100.0000 (99.9609)  Acc@5: 100.0000 (100.0000)
Averaged stats: Lr: 0.000001  Loss: 0.0070  Acc@1: 100.0000 (99.9479)  Acc@5: 100.0000 (100.0000)
=> Saving class model to: outputs/cifar-100/10-task/one-prompt/models/repeat-3/task-7/
=> Save Done
validation split name (local False): 1
 * Val Acc 93.200, Total time 3.02
validation split name (local False): 2
 * Val Acc 94.700, Total time 3.06
validation split name (local False): 3
 * Val Acc 93.300, Total time 3.09
validation split name (local False): 4
 * Val Acc 95.200, Total time 3.05
validation split name (local False): 5
 * Val Acc 90.100, Total time 3.10
validation split name (local False): 6
 * Val Acc 90.300, Total time 3.13
validation split name (local False): 7
 * Val Acc 90.300, Total time 3.07
Averaged accuracy for task 7: 92.44285714285714
====================== 8 =======================
Incremental class: Old valid output dimension: 70
Incremental class: New Valid output dimension: 80
Saving old prompts
Optimizer is reset!
Total params: 86105956
Tune params: 307300
Tune ratio: 0.36
Prompt params: 230400
Prompt ratio: 0.27
Epoch:1/20  * Loss 1.588 | Train Acc 55.048
Epoch:2/20  * Loss 1.547 | Train Acc 55.509
Epoch:3/20  * Loss 0.512 | Train Acc 84.936
Epoch:4/20  * Loss 0.300 | Train Acc 90.605
Epoch:5/20  * Loss 0.273 | Train Acc 90.946
Epoch:6/20  * Loss 0.240 | Train Acc 91.847
Epoch:7/20  * Loss 0.226 | Train Acc 92.849
Epoch:8/20  * Loss 0.226 | Train Acc 92.849
Epoch:9/20  * Loss 0.233 | Train Acc 92.728
Epoch:10/20  * Loss 0.224 | Train Acc 92.989
Epoch:11/20  * Loss 0.212 | Train Acc 93.389
Epoch:12/20  * Loss 0.209 | Train Acc 93.249
Epoch:13/20  * Loss 0.213 | Train Acc 93.229
Epoch:14/20  * Loss 0.196 | Train Acc 93.389
Epoch:15/20  * Loss 0.199 | Train Acc 93.369
Epoch:16/20  * Loss 0.196 | Train Acc 94.030
Epoch:17/20  * Loss 0.204 | Train Acc 93.269
Epoch:18/20  * Loss 0.192 | Train Acc 93.470
Epoch:19/20  * Loss 0.196 | Train Acc 93.650
Epoch:20/20  * Loss 0.186 | Train Acc 94.251
----------
Selecting Experts...
----------
Averaged stats: Lr: 0.000010  Loss: 0.0263  Acc@1: 99.2188 (99.1295)  Acc@5: 100.0000 (100.0000)
Averaged stats: Lr: 0.000010  Loss: 0.0190  Acc@1: 99.2188 (99.2969)  Acc@5: 100.0000 (100.0000)
Averaged stats: Lr: 0.000010  Loss: 0.0032  Acc@1: 100.0000 (99.4978)  Acc@5: 100.0000 (100.0000)
Averaged stats: Lr: 0.000010  Loss: 0.0074  Acc@1: 100.0000 (99.5089)  Acc@5: 100.0000 (100.0000)
Averaged stats: Lr: 0.000010  Loss: 0.0118  Acc@1: 100.0000 (99.6317)  Acc@5: 100.0000 (100.0000)
Averaged stats: Lr: 0.000010  Loss: 0.0086  Acc@1: 100.0000 (99.8214)  Acc@5: 100.0000 (100.0000)
Averaged stats: Lr: 0.000010  Loss: 0.0086  Acc@1: 100.0000 (99.7098)  Acc@5: 100.0000 (100.0000)
Averaged stats: Lr: 0.000009  Loss: 0.0124  Acc@1: 100.0000 (99.7321)  Acc@5: 100.0000 (100.0000)
Averaged stats: Lr: 0.000009  Loss: 0.0137  Acc@1: 100.0000 (99.8438)  Acc@5: 100.0000 (100.0000)
Averaged stats: Lr: 0.000009  Loss: 0.0165  Acc@1: 100.0000 (99.8103)  Acc@5: 100.0000 (100.0000)
Averaged stats: Lr: 0.000009  Loss: 0.0065  Acc@1: 100.0000 (99.8661)  Acc@5: 100.0000 (100.0000)
Averaged stats: Lr: 0.000009  Loss: 0.0088  Acc@1: 100.0000 (99.8996)  Acc@5: 100.0000 (100.0000)
Averaged stats: Lr: 0.000009  Loss: 0.0101  Acc@1: 100.0000 (99.9665)  Acc@5: 100.0000 (100.0000)
Averaged stats: Lr: 0.000008  Loss: 0.0098  Acc@1: 100.0000 (99.8549)  Acc@5: 100.0000 (100.0000)
Averaged stats: Lr: 0.000008  Loss: 0.0099  Acc@1: 100.0000 (99.8772)  Acc@5: 100.0000 (100.0000)
Averaged stats: Lr: 0.000008  Loss: 0.0145  Acc@1: 100.0000 (99.9442)  Acc@5: 100.0000 (100.0000)
Averaged stats: Lr: 0.000008  Loss: 0.0047  Acc@1: 100.0000 (99.9107)  Acc@5: 100.0000 (100.0000)
Averaged stats: Lr: 0.000007  Loss: 0.0085  Acc@1: 100.0000 (99.9554)  Acc@5: 100.0000 (100.0000)
Averaged stats: Lr: 0.000007  Loss: 0.0111  Acc@1: 100.0000 (99.9330)  Acc@5: 100.0000 (100.0000)
Averaged stats: Lr: 0.000007  Loss: 0.0052  Acc@1: 100.0000 (99.9442)  Acc@5: 100.0000 (100.0000)
Averaged stats: Lr: 0.000007  Loss: 0.0069  Acc@1: 100.0000 (99.9777)  Acc@5: 100.0000 (100.0000)
Averaged stats: Lr: 0.000006  Loss: 0.0110  Acc@1: 100.0000 (99.9219)  Acc@5: 100.0000 (100.0000)
Averaged stats: Lr: 0.000006  Loss: 0.0057  Acc@1: 100.0000 (99.9777)  Acc@5: 100.0000 (100.0000)
Averaged stats: Lr: 0.000006  Loss: 0.0084  Acc@1: 100.0000 (99.9777)  Acc@5: 100.0000 (100.0000)
Averaged stats: Lr: 0.000006  Loss: 0.0107  Acc@1: 100.0000 (99.9442)  Acc@5: 100.0000 (100.0000)
Averaged stats: Lr: 0.000005  Loss: 0.0113  Acc@1: 100.0000 (99.9442)  Acc@5: 100.0000 (100.0000)
Averaged stats: Lr: 0.000005  Loss: 0.0060  Acc@1: 100.0000 (99.9330)  Acc@5: 100.0000 (100.0000)
Averaged stats: Lr: 0.000005  Loss: 0.0087  Acc@1: 100.0000 (99.9888)  Acc@5: 100.0000 (100.0000)
Averaged stats: Lr: 0.000004  Loss: 0.0067  Acc@1: 100.0000 (99.9442)  Acc@5: 100.0000 (100.0000)
Averaged stats: Lr: 0.000004  Loss: 0.0076  Acc@1: 100.0000 (99.9330)  Acc@5: 100.0000 (100.0000)
Averaged stats: Lr: 0.000004  Loss: 0.0087  Acc@1: 100.0000 (99.9554)  Acc@5: 100.0000 (100.0000)
Averaged stats: Lr: 0.000004  Loss: 0.0056  Acc@1: 100.0000 (99.9330)  Acc@5: 100.0000 (100.0000)
Averaged stats: Lr: 0.000003  Loss: 0.0061  Acc@1: 100.0000 (99.9554)  Acc@5: 100.0000 (100.0000)
Averaged stats: Lr: 0.000003  Loss: 0.0061  Acc@1: 100.0000 (99.9554)  Acc@5: 100.0000 (100.0000)
Averaged stats: Lr: 0.000003  Loss: 0.0059  Acc@1: 100.0000 (99.9777)  Acc@5: 100.0000 (100.0000)
Averaged stats: Lr: 0.000003  Loss: 0.0120  Acc@1: 100.0000 (99.9219)  Acc@5: 100.0000 (100.0000)
Averaged stats: Lr: 0.000002  Loss: 0.0120  Acc@1: 100.0000 (99.9219)  Acc@5: 100.0000 (100.0000)
Averaged stats: Lr: 0.000002  Loss: 0.0078  Acc@1: 100.0000 (99.9442)  Acc@5: 100.0000 (100.0000)
Averaged stats: Lr: 0.000002  Loss: 0.0104  Acc@1: 100.0000 (99.9665)  Acc@5: 100.0000 (100.0000)
Averaged stats: Lr: 0.000002  Loss: 0.0037  Acc@1: 100.0000 (99.9777)  Acc@5: 100.0000 (100.0000)
Averaged stats: Lr: 0.000002  Loss: 0.0041  Acc@1: 100.0000 (99.9888)  Acc@5: 100.0000 (100.0000)
Averaged stats: Lr: 0.000002  Loss: 0.0091  Acc@1: 100.0000 (99.9219)  Acc@5: 100.0000 (100.0000)
Averaged stats: Lr: 0.000001  Loss: 0.0082  Acc@1: 100.0000 (99.9665)  Acc@5: 100.0000 (100.0000)
Averaged stats: Lr: 0.000001  Loss: 0.0191  Acc@1: 100.0000 (99.9665)  Acc@5: 100.0000 (100.0000)
Averaged stats: Lr: 0.000001  Loss: 0.0080  Acc@1: 100.0000 (99.9554)  Acc@5: 100.0000 (100.0000)
Averaged stats: Lr: 0.000001  Loss: 0.0040  Acc@1: 100.0000 (99.9442)  Acc@5: 100.0000 (100.0000)
Averaged stats: Lr: 0.000001  Loss: 0.0170  Acc@1: 100.0000 (99.9777)  Acc@5: 100.0000 (100.0000)
Averaged stats: Lr: 0.000001  Loss: 0.0057  Acc@1: 100.0000 (99.9554)  Acc@5: 100.0000 (100.0000)
Averaged stats: Lr: 0.000001  Loss: 0.0034  Acc@1: 100.0000 (99.9665)  Acc@5: 100.0000 (100.0000)
Averaged stats: Lr: 0.000001  Loss: 0.0048  Acc@1: 100.0000 (99.9665)  Acc@5: 100.0000 (100.0000)
=> Saving class model to: outputs/cifar-100/10-task/one-prompt/models/repeat-3/task-8/
=> Save Done
validation split name (local False): 1
 * Val Acc 91.700, Total time 3.10
validation split name (local False): 2
 * Val Acc 94.900, Total time 3.05
validation split name (local False): 3
 * Val Acc 92.900, Total time 3.05
validation split name (local False): 4
 * Val Acc 94.900, Total time 3.03
validation split name (local False): 5
 * Val Acc 88.000, Total time 3.03
validation split name (local False): 6
 * Val Acc 90.600, Total time 3.02
validation split name (local False): 7
 * Val Acc 90.800, Total time 3.03
validation split name (local False): 8
 * Val Acc 88.200, Total time 3.08
Averaged accuracy for task 8: 91.5
====================== 9 =======================
Incremental class: Old valid output dimension: 80
Incremental class: New Valid output dimension: 90
Saving old prompts
Optimizer is reset!
Total params: 86105956
Tune params: 307300
Tune ratio: 0.36
Prompt params: 230400
Prompt ratio: 0.27
Epoch:1/20  * Loss 1.656 | Train Acc 47.776
Epoch:2/20  * Loss 1.620 | Train Acc 48.938
Epoch:3/20  * Loss 0.688 | Train Acc 78.806
Epoch:4/20  * Loss 0.493 | Train Acc 83.433
Epoch:5/20  * Loss 0.414 | Train Acc 85.958
Epoch:6/20  * Loss 0.394 | Train Acc 86.799
Epoch:7/20  * Loss 0.385 | Train Acc 87.019
Epoch:8/20  * Loss 0.391 | Train Acc 86.779
Epoch:9/20  * Loss 0.350 | Train Acc 87.921
Epoch:10/20  * Loss 0.336 | Train Acc 88.762
Epoch:11/20  * Loss 0.353 | Train Acc 88.181
Epoch:12/20  * Loss 0.339 | Train Acc 88.381
Epoch:13/20  * Loss 0.332 | Train Acc 89.083
Epoch:14/20  * Loss 0.315 | Train Acc 89.724
Epoch:15/20  * Loss 0.293 | Train Acc 89.844
Epoch:16/20  * Loss 0.316 | Train Acc 88.962
Epoch:17/20  * Loss 0.305 | Train Acc 89.964
Epoch:18/20  * Loss 0.305 | Train Acc 90.004
Epoch:19/20  * Loss 0.283 | Train Acc 90.745
Epoch:20/20  * Loss 0.307 | Train Acc 89.764
----------
Selecting Experts...
----------
Averaged stats: Lr: 0.000010  Loss: 0.0459  Acc@1: 98.4375 (98.2910)  Acc@5: 100.0000 (99.9902)
Averaged stats: Lr: 0.000010  Loss: 0.0367  Acc@1: 98.4375 (98.5449)  Acc@5: 100.0000 (100.0000)
Averaged stats: Lr: 0.000010  Loss: 0.0407  Acc@1: 98.4375 (98.8574)  Acc@5: 100.0000 (100.0000)
Averaged stats: Lr: 0.000010  Loss: 0.0412  Acc@1: 99.2188 (99.0039)  Acc@5: 100.0000 (100.0000)
Averaged stats: Lr: 0.000010  Loss: 0.0120  Acc@1: 99.2188 (99.0723)  Acc@5: 100.0000 (100.0000)
Averaged stats: Lr: 0.000010  Loss: 0.0420  Acc@1: 99.2188 (99.2090)  Acc@5: 100.0000 (100.0000)
Averaged stats: Lr: 0.000010  Loss: 0.0126  Acc@1: 99.2188 (99.3262)  Acc@5: 100.0000 (100.0000)
Averaged stats: Lr: 0.000009  Loss: 0.0500  Acc@1: 99.2188 (99.4922)  Acc@5: 100.0000 (100.0000)
Averaged stats: Lr: 0.000009  Loss: 0.0228  Acc@1: 99.2188 (99.5215)  Acc@5: 100.0000 (100.0000)
Averaged stats: Lr: 0.000009  Loss: 0.0380  Acc@1: 100.0000 (99.4727)  Acc@5: 100.0000 (100.0000)
Averaged stats: Lr: 0.000009  Loss: 0.0250  Acc@1: 100.0000 (99.7363)  Acc@5: 100.0000 (100.0000)
Averaged stats: Lr: 0.000009  Loss: 0.0211  Acc@1: 100.0000 (99.6973)  Acc@5: 100.0000 (99.9902)
Averaged stats: Lr: 0.000009  Loss: 0.0259  Acc@1: 100.0000 (99.7363)  Acc@5: 100.0000 (100.0000)
Averaged stats: Lr: 0.000008  Loss: 0.0126  Acc@1: 100.0000 (99.8145)  Acc@5: 100.0000 (100.0000)
Averaged stats: Lr: 0.000008  Loss: 0.0075  Acc@1: 100.0000 (99.8047)  Acc@5: 100.0000 (100.0000)
Averaged stats: Lr: 0.000008  Loss: 0.0224  Acc@1: 100.0000 (99.8438)  Acc@5: 100.0000 (100.0000)
Averaged stats: Lr: 0.000008  Loss: 0.0335  Acc@1: 100.0000 (99.8242)  Acc@5: 100.0000 (100.0000)
Averaged stats: Lr: 0.000007  Loss: 0.0076  Acc@1: 100.0000 (99.8438)  Acc@5: 100.0000 (100.0000)
Averaged stats: Lr: 0.000007  Loss: 0.0291  Acc@1: 100.0000 (99.8242)  Acc@5: 100.0000 (100.0000)
Averaged stats: Lr: 0.000007  Loss: 0.0086  Acc@1: 100.0000 (99.9023)  Acc@5: 100.0000 (100.0000)
Averaged stats: Lr: 0.000007  Loss: 0.0208  Acc@1: 100.0000 (99.9023)  Acc@5: 100.0000 (100.0000)
Averaged stats: Lr: 0.000006  Loss: 0.0083  Acc@1: 100.0000 (99.9023)  Acc@5: 100.0000 (100.0000)
Averaged stats: Lr: 0.000006  Loss: 0.0085  Acc@1: 100.0000 (99.8730)  Acc@5: 100.0000 (100.0000)
Averaged stats: Lr: 0.000006  Loss: 0.0155  Acc@1: 100.0000 (99.8730)  Acc@5: 100.0000 (100.0000)
Averaged stats: Lr: 0.000006  Loss: 0.0102  Acc@1: 100.0000 (99.8340)  Acc@5: 100.0000 (100.0000)
Averaged stats: Lr: 0.000005  Loss: 0.0302  Acc@1: 100.0000 (99.8926)  Acc@5: 100.0000 (100.0000)
Averaged stats: Lr: 0.000005  Loss: 0.0154  Acc@1: 100.0000 (99.8926)  Acc@5: 100.0000 (100.0000)
Averaged stats: Lr: 0.000005  Loss: 0.0124  Acc@1: 100.0000 (99.9219)  Acc@5: 100.0000 (100.0000)
Averaged stats: Lr: 0.000004  Loss: 0.0096  Acc@1: 100.0000 (99.8633)  Acc@5: 100.0000 (100.0000)
Averaged stats: Lr: 0.000004  Loss: 0.0087  Acc@1: 100.0000 (99.8145)  Acc@5: 100.0000 (100.0000)
Averaged stats: Lr: 0.000004  Loss: 0.0213  Acc@1: 100.0000 (99.8828)  Acc@5: 100.0000 (100.0000)
Averaged stats: Lr: 0.000004  Loss: 0.0171  Acc@1: 100.0000 (99.8828)  Acc@5: 100.0000 (100.0000)
Averaged stats: Lr: 0.000003  Loss: 0.0055  Acc@1: 100.0000 (99.9902)  Acc@5: 100.0000 (100.0000)
Averaged stats: Lr: 0.000003  Loss: 0.0095  Acc@1: 100.0000 (99.8633)  Acc@5: 100.0000 (100.0000)
Averaged stats: Lr: 0.000003  Loss: 0.0114  Acc@1: 100.0000 (99.9121)  Acc@5: 100.0000 (100.0000)
Averaged stats: Lr: 0.000003  Loss: 0.0111  Acc@1: 100.0000 (99.9414)  Acc@5: 100.0000 (100.0000)
Averaged stats: Lr: 0.000002  Loss: 0.0062  Acc@1: 100.0000 (99.8926)  Acc@5: 100.0000 (100.0000)
Averaged stats: Lr: 0.000002  Loss: 0.0098  Acc@1: 100.0000 (99.9316)  Acc@5: 100.0000 (100.0000)
Averaged stats: Lr: 0.000002  Loss: 0.0149  Acc@1: 100.0000 (99.9023)  Acc@5: 100.0000 (100.0000)
Averaged stats: Lr: 0.000002  Loss: 0.0075  Acc@1: 100.0000 (99.8828)  Acc@5: 100.0000 (100.0000)
Averaged stats: Lr: 0.000002  Loss: 0.0111  Acc@1: 100.0000 (99.8828)  Acc@5: 100.0000 (100.0000)
Averaged stats: Lr: 0.000002  Loss: 0.0117  Acc@1: 100.0000 (99.8828)  Acc@5: 100.0000 (100.0000)
Averaged stats: Lr: 0.000001  Loss: 0.0194  Acc@1: 100.0000 (99.9023)  Acc@5: 100.0000 (100.0000)
Averaged stats: Lr: 0.000001  Loss: 0.0147  Acc@1: 100.0000 (99.8828)  Acc@5: 100.0000 (100.0000)
Averaged stats: Lr: 0.000001  Loss: 0.0160  Acc@1: 100.0000 (99.9121)  Acc@5: 100.0000 (100.0000)
Averaged stats: Lr: 0.000001  Loss: 0.0069  Acc@1: 100.0000 (99.8828)  Acc@5: 100.0000 (100.0000)
Averaged stats: Lr: 0.000001  Loss: 0.0112  Acc@1: 100.0000 (99.9316)  Acc@5: 100.0000 (100.0000)
Averaged stats: Lr: 0.000001  Loss: 0.0133  Acc@1: 100.0000 (99.9023)  Acc@5: 100.0000 (100.0000)
Averaged stats: Lr: 0.000001  Loss: 0.0169  Acc@1: 100.0000 (99.8926)  Acc@5: 100.0000 (100.0000)
Averaged stats: Lr: 0.000001  Loss: 0.0064  Acc@1: 100.0000 (99.9316)  Acc@5: 100.0000 (100.0000)
=> Saving class model to: outputs/cifar-100/10-task/one-prompt/models/repeat-3/task-9/
=> Save Done
validation split name (local False): 1
 * Val Acc 92.200, Total time 3.06
validation split name (local False): 2
 * Val Acc 93.800, Total time 3.16
validation split name (local False): 3
 * Val Acc 90.500, Total time 3.06
validation split name (local False): 4
 * Val Acc 94.100, Total time 3.07
validation split name (local False): 5
 * Val Acc 88.300, Total time 3.04
validation split name (local False): 6
 * Val Acc 90.400, Total time 3.12
validation split name (local False): 7
 * Val Acc 89.900, Total time 3.05
validation split name (local False): 8
 * Val Acc 86.700, Total time 3.10
validation split name (local False): 9
 * Val Acc 82.600, Total time 3.07
Averaged accuracy for task 9: 89.83333333333334
====================== 10 =======================
Incremental class: Old valid output dimension: 90
Incremental class: New Valid output dimension: 100
Saving old prompts
Optimizer is reset!
Total params: 86105956
Tune params: 307300
Tune ratio: 0.36
Prompt params: 230400
Prompt ratio: 0.27
Epoch:1/20  * Loss 1.493 | Train Acc 60.457
Epoch:2/20  * Loss 1.452 | Train Acc 62.360
Epoch:3/20  * Loss 0.441 | Train Acc 87.520
Epoch:4/20  * Loss 0.254 | Train Acc 92.508
Epoch:5/20  * Loss 0.248 | Train Acc 92.488
Epoch:6/20  * Loss 0.235 | Train Acc 92.788
Epoch:7/20  * Loss 0.212 | Train Acc 93.490
Epoch:8/20  * Loss 0.207 | Train Acc 92.989
Epoch:9/20  * Loss 0.197 | Train Acc 93.409
Epoch:10/20  * Loss 0.195 | Train Acc 94.010
Epoch:11/20  * Loss 0.177 | Train Acc 94.111
Epoch:12/20  * Loss 0.195 | Train Acc 93.670
Epoch:13/20  * Loss 0.172 | Train Acc 94.631
Epoch:14/20  * Loss 0.176 | Train Acc 94.511
Epoch:15/20  * Loss 0.170 | Train Acc 94.752
Epoch:16/20  * Loss 0.166 | Train Acc 94.852
Epoch:17/20  * Loss 0.170 | Train Acc 94.932
Epoch:18/20  * Loss 0.166 | Train Acc 94.511
Epoch:19/20  * Loss 0.171 | Train Acc 94.551
Epoch:20/20  * Loss 0.172 | Train Acc 94.732
----------
Selecting Experts...
----------
Averaged stats: Lr: 0.000010  Loss: 0.0080  Acc@1: 99.2188 (98.9236)  Acc@5: 100.0000 (100.0000)
Averaged stats: Lr: 0.000010  Loss: 0.0116  Acc@1: 99.2188 (99.0104)  Acc@5: 100.0000 (100.0000)
Averaged stats: Lr: 0.000010  Loss: 0.0617  Acc@1: 99.2188 (99.0017)  Acc@5: 100.0000 (100.0000)
Averaged stats: Lr: 0.000010  Loss: 0.0098  Acc@1: 99.2188 (99.2101)  Acc@5: 100.0000 (100.0000)
Averaged stats: Lr: 0.000010  Loss: 0.0399  Acc@1: 99.2188 (99.1146)  Acc@5: 100.0000 (100.0000)
Averaged stats: Lr: 0.000010  Loss: 0.0226  Acc@1: 99.2188 (99.3142)  Acc@5: 100.0000 (100.0000)
Averaged stats: Lr: 0.000010  Loss: 0.0161  Acc@1: 99.2188 (99.4010)  Acc@5: 100.0000 (100.0000)
Averaged stats: Lr: 0.000009  Loss: 0.0274  Acc@1: 99.2188 (99.3663)  Acc@5: 100.0000 (100.0000)
Averaged stats: Lr: 0.000009  Loss: 0.0320  Acc@1: 100.0000 (99.4965)  Acc@5: 100.0000 (100.0000)
Averaged stats: Lr: 0.000009  Loss: 0.0120  Acc@1: 100.0000 (99.4705)  Acc@5: 100.0000 (100.0000)
Averaged stats: Lr: 0.000009  Loss: 0.0167  Acc@1: 100.0000 (99.5573)  Acc@5: 100.0000 (100.0000)
Averaged stats: Lr: 0.000009  Loss: 0.0121  Acc@1: 100.0000 (99.5920)  Acc@5: 100.0000 (100.0000)
Averaged stats: Lr: 0.000009  Loss: 0.0061  Acc@1: 100.0000 (99.6354)  Acc@5: 100.0000 (100.0000)
Averaged stats: Lr: 0.000008  Loss: 0.0192  Acc@1: 99.2188 (99.6181)  Acc@5: 100.0000 (100.0000)
Averaged stats: Lr: 0.000008  Loss: 0.0177  Acc@1: 100.0000 (99.6181)  Acc@5: 100.0000 (100.0000)
Averaged stats: Lr: 0.000008  Loss: 0.0301  Acc@1: 100.0000 (99.6788)  Acc@5: 100.0000 (100.0000)
Averaged stats: Lr: 0.000008  Loss: 0.0052  Acc@1: 100.0000 (99.7743)  Acc@5: 100.0000 (100.0000)
Averaged stats: Lr: 0.000007  Loss: 0.0150  Acc@1: 100.0000 (99.6267)  Acc@5: 100.0000 (100.0000)
Averaged stats: Lr: 0.000007  Loss: 0.0096  Acc@1: 100.0000 (99.6701)  Acc@5: 100.0000 (100.0000)
Averaged stats: Lr: 0.000007  Loss: 0.0216  Acc@1: 100.0000 (99.7396)  Acc@5: 100.0000 (100.0000)
Averaged stats: Lr: 0.000007  Loss: 0.0096  Acc@1: 100.0000 (99.6788)  Acc@5: 100.0000 (100.0000)
Averaged stats: Lr: 0.000006  Loss: 0.0105  Acc@1: 100.0000 (99.7396)  Acc@5: 100.0000 (100.0000)
Averaged stats: Lr: 0.000006  Loss: 0.0115  Acc@1: 100.0000 (99.6441)  Acc@5: 100.0000 (100.0000)
Averaged stats: Lr: 0.000006  Loss: 0.0096  Acc@1: 100.0000 (99.6615)  Acc@5: 100.0000 (100.0000)
Averaged stats: Lr: 0.000006  Loss: 0.0108  Acc@1: 99.2188 (99.6962)  Acc@5: 100.0000 (100.0000)
Averaged stats: Lr: 0.000005  Loss: 0.0082  Acc@1: 100.0000 (99.7483)  Acc@5: 100.0000 (100.0000)
Averaged stats: Lr: 0.000005  Loss: 0.0095  Acc@1: 100.0000 (99.6962)  Acc@5: 100.0000 (100.0000)
Averaged stats: Lr: 0.000005  Loss: 0.0071  Acc@1: 100.0000 (99.7830)  Acc@5: 100.0000 (100.0000)
Averaged stats: Lr: 0.000004  Loss: 0.0234  Acc@1: 100.0000 (99.7049)  Acc@5: 100.0000 (100.0000)
Averaged stats: Lr: 0.000004  Loss: 0.0150  Acc@1: 100.0000 (99.7049)  Acc@5: 100.0000 (100.0000)
Averaged stats: Lr: 0.000004  Loss: 0.0121  Acc@1: 100.0000 (99.7483)  Acc@5: 100.0000 (100.0000)
Averaged stats: Lr: 0.000004  Loss: 0.0152  Acc@1: 100.0000 (99.7396)  Acc@5: 100.0000 (100.0000)
Averaged stats: Lr: 0.000003  Loss: 0.0160  Acc@1: 100.0000 (99.8090)  Acc@5: 100.0000 (100.0000)
Averaged stats: Lr: 0.000003  Loss: 0.0080  Acc@1: 100.0000 (99.6441)  Acc@5: 100.0000 (100.0000)
Averaged stats: Lr: 0.000003  Loss: 0.0303  Acc@1: 100.0000 (99.7569)  Acc@5: 100.0000 (100.0000)
Averaged stats: Lr: 0.000003  Loss: 0.0126  Acc@1: 100.0000 (99.7743)  Acc@5: 100.0000 (100.0000)
Averaged stats: Lr: 0.000002  Loss: 0.0154  Acc@1: 100.0000 (99.7135)  Acc@5: 100.0000 (100.0000)
Averaged stats: Lr: 0.000002  Loss: 0.0099  Acc@1: 100.0000 (99.7917)  Acc@5: 100.0000 (100.0000)
Averaged stats: Lr: 0.000002  Loss: 0.0091  Acc@1: 100.0000 (99.7309)  Acc@5: 100.0000 (100.0000)
Averaged stats: Lr: 0.000002  Loss: 0.0230  Acc@1: 100.0000 (99.7309)  Acc@5: 100.0000 (100.0000)
Averaged stats: Lr: 0.000002  Loss: 0.0111  Acc@1: 100.0000 (99.7830)  Acc@5: 100.0000 (100.0000)
Averaged stats: Lr: 0.000002  Loss: 0.0261  Acc@1: 100.0000 (99.8177)  Acc@5: 100.0000 (100.0000)
Averaged stats: Lr: 0.000001  Loss: 0.0329  Acc@1: 100.0000 (99.7309)  Acc@5: 100.0000 (100.0000)
Averaged stats: Lr: 0.000001  Loss: 0.0144  Acc@1: 100.0000 (99.7483)  Acc@5: 100.0000 (100.0000)
Averaged stats: Lr: 0.000001  Loss: 0.0070  Acc@1: 100.0000 (99.7135)  Acc@5: 100.0000 (100.0000)
Averaged stats: Lr: 0.000001  Loss: 0.0062  Acc@1: 100.0000 (99.8090)  Acc@5: 100.0000 (100.0000)
Averaged stats: Lr: 0.000001  Loss: 0.0143  Acc@1: 100.0000 (99.6962)  Acc@5: 100.0000 (100.0000)
Averaged stats: Lr: 0.000001  Loss: 0.0124  Acc@1: 100.0000 (99.7049)  Acc@5: 100.0000 (100.0000)
Averaged stats: Lr: 0.000001  Loss: 0.0202  Acc@1: 100.0000 (99.8090)  Acc@5: 100.0000 (100.0000)
Averaged stats: Lr: 0.000001  Loss: 0.0107  Acc@1: 100.0000 (99.8090)  Acc@5: 100.0000 (100.0000)
=> Saving class model to: outputs/cifar-100/10-task/one-prompt/models/repeat-3/task-10/
=> Save Done
validation split name (local False): 1
 * Val Acc 90.100, Total time 3.05
validation split name (local False): 2
 * Val Acc 92.100, Total time 3.09
validation split name (local False): 3
 * Val Acc 89.600, Total time 3.06
validation split name (local False): 4
 * Val Acc 93.500, Total time 3.09
validation split name (local False): 5
 * Val Acc 88.300, Total time 3.15
validation split name (local False): 6
 * Val Acc 88.000, Total time 3.05
validation split name (local False): 7
 * Val Acc 88.900, Total time 3.15
validation split name (local False): 8
 * Val Acc 88.200, Total time 3.06
validation split name (local False): 9
 * Val Acc 82.100, Total time 3.18
validation split name (local False): 10
 * Val Acc 88.100, Total time 3.09
Averaged accuracy for task 10: 88.89000000000001
Loading sup1k from pretrained/vit_base_patch16_224_augreg2_in21k_ft_in1k.bin ...
Total params: 86105956
Tune params: 307300
Tune ratio: 0.36
Prompt params: 230400
Prompt ratio: 0.27
Incremental class: Old valid output dimension: 0
Incremental class: New Valid output dimension: 10
=> Load Done from outputs/cifar-100/10-task/one-prompt/models/repeat-3/task-1/
validation split name (local False): 1
 * Val Acc 98.600, Total time 3.02
Averaged accuracy for task 1: 98.6
Saving old prompts
Incremental class: Old valid output dimension: 10
Incremental class: New Valid output dimension: 20
=> Load Done from outputs/cifar-100/10-task/one-prompt/models/repeat-3/task-2/
validation split name (local False): 1
 * Val Acc 97.500, Total time 3.05
validation split name (local False): 2
 * Val Acc 98.300, Total time 3.08
Averaged accuracy for task 2: 97.9
Saving old prompts
Incremental class: Old valid output dimension: 20
Incremental class: New Valid output dimension: 30
=> Load Done from outputs/cifar-100/10-task/one-prompt/models/repeat-3/task-3/
validation split name (local False): 1
 * Val Acc 97.600, Total time 3.02
validation split name (local False): 2
 * Val Acc 97.700, Total time 3.05
validation split name (local False): 3
 * Val Acc 97.100, Total time 3.04
Averaged accuracy for task 3: 97.46666666666665
Saving old prompts
Incremental class: Old valid output dimension: 30
Incremental class: New Valid output dimension: 40
=> Load Done from outputs/cifar-100/10-task/one-prompt/models/repeat-3/task-4/
validation split name (local False): 1
 * Val Acc 97.700, Total time 3.03
validation split name (local False): 2
 * Val Acc 96.700, Total time 3.11
validation split name (local False): 3
 * Val Acc 95.000, Total time 3.05
validation split name (local False): 4
 * Val Acc 95.700, Total time 3.05
Averaged accuracy for task 4: 96.27499999999999
Saving old prompts
Incremental class: Old valid output dimension: 40
Incremental class: New Valid output dimension: 50
=> Load Done from outputs/cifar-100/10-task/one-prompt/models/repeat-3/task-5/
validation split name (local False): 1
 * Val Acc 97.000, Total time 3.07
validation split name (local False): 2
 * Val Acc 95.500, Total time 3.05
validation split name (local False): 3
 * Val Acc 95.000, Total time 3.03
validation split name (local False): 4
 * Val Acc 95.300, Total time 3.04
validation split name (local False): 5
 * Val Acc 90.800, Total time 3.08
Averaged accuracy for task 5: 94.72
Saving old prompts
Incremental class: Old valid output dimension: 50
Incremental class: New Valid output dimension: 60
=> Load Done from outputs/cifar-100/10-task/one-prompt/models/repeat-3/task-6/
validation split name (local False): 1
 * Val Acc 93.800, Total time 3.04
validation split name (local False): 2
 * Val Acc 95.100, Total time 3.04
validation split name (local False): 3
 * Val Acc 92.900, Total time 3.06
validation split name (local False): 4
 * Val Acc 94.800, Total time 3.13
validation split name (local False): 5
 * Val Acc 90.200, Total time 3.03
validation split name (local False): 6
 * Val Acc 92.700, Total time 3.04
Averaged accuracy for task 6: 93.25
Saving old prompts
Incremental class: Old valid output dimension: 60
Incremental class: New Valid output dimension: 70
=> Load Done from outputs/cifar-100/10-task/one-prompt/models/repeat-3/task-7/
validation split name (local False): 1
 * Val Acc 93.200, Total time 3.07
validation split name (local False): 2
 * Val Acc 94.700, Total time 3.06
validation split name (local False): 3
 * Val Acc 93.300, Total time 3.10
validation split name (local False): 4
 * Val Acc 95.200, Total time 3.05
validation split name (local False): 5
 * Val Acc 90.100, Total time 3.06
validation split name (local False): 6
 * Val Acc 90.300, Total time 3.12
validation split name (local False): 7
 * Val Acc 90.300, Total time 3.11
Averaged accuracy for task 7: 92.44285714285714
Saving old prompts
Incremental class: Old valid output dimension: 70
Incremental class: New Valid output dimension: 80
=> Load Done from outputs/cifar-100/10-task/one-prompt/models/repeat-3/task-8/
validation split name (local False): 1
 * Val Acc 91.700, Total time 3.02
validation split name (local False): 2
 * Val Acc 94.900, Total time 3.07
validation split name (local False): 3
 * Val Acc 92.900, Total time 3.07
validation split name (local False): 4
 * Val Acc 94.900, Total time 3.10
validation split name (local False): 5
 * Val Acc 88.000, Total time 3.09
validation split name (local False): 6
 * Val Acc 90.600, Total time 3.05
validation split name (local False): 7
 * Val Acc 90.800, Total time 3.17
validation split name (local False): 8
 * Val Acc 88.200, Total time 3.11
Averaged accuracy for task 8: 91.5
Saving old prompts
Incremental class: Old valid output dimension: 80
Incremental class: New Valid output dimension: 90
=> Load Done from outputs/cifar-100/10-task/one-prompt/models/repeat-3/task-9/
validation split name (local False): 1
 * Val Acc 92.200, Total time 3.07
validation split name (local False): 2
 * Val Acc 93.800, Total time 3.02
validation split name (local False): 3
 * Val Acc 90.500, Total time 3.06
validation split name (local False): 4
 * Val Acc 94.100, Total time 3.03
validation split name (local False): 5
 * Val Acc 88.300, Total time 3.06
validation split name (local False): 6
 * Val Acc 90.400, Total time 3.07
validation split name (local False): 7
 * Val Acc 89.900, Total time 3.05
validation split name (local False): 8
 * Val Acc 86.700, Total time 3.08
validation split name (local False): 9
 * Val Acc 82.600, Total time 3.13
Averaged accuracy for task 9: 89.83333333333334
Saving old prompts
Incremental class: Old valid output dimension: 90
Incremental class: New Valid output dimension: 100
=> Load Done from outputs/cifar-100/10-task/one-prompt/models/repeat-3/task-10/
validation split name (local False): 1
 * Val Acc 90.100, Total time 3.01
validation split name (local False): 2
 * Val Acc 92.100, Total time 3.13
validation split name (local False): 3
 * Val Acc 89.600, Total time 3.14
validation split name (local False): 4
 * Val Acc 93.500, Total time 3.09
validation split name (local False): 5
 * Val Acc 88.300, Total time 3.07
validation split name (local False): 6
 * Val Acc 88.000, Total time 3.06
validation split name (local False): 7
 * Val Acc 88.900, Total time 3.03
validation split name (local False): 8
 * Val Acc 88.200, Total time 3.10
validation split name (local False): 9
 * Val Acc 82.100, Total time 3.08
validation split name (local False): 10
 * Val Acc 88.100, Total time 3.10
Averaged accuracy for task 10: 88.89000000000001
=== Total time: 2:41:03 ===
===Summary of experiment repeats: 3 / 5 ===
acc  | mean: 88.94333333333333 std: 0.08993825042155291
time  | mean: 1.1386072198549908 std: 0.07056841366199798
fr  | mean: 4.029629629629628 std: 0.17808615229883354
FAA | mean: 88.94333333333333 std: 0.08993825042155291
CAA | mean: 92.74562566137566 std: 0.9591273439586931
FR | mean: 4.029629629629628 std: 0.17808615229883354
************************************
* STARTING TRIAL 4
************************************
=============================================
Shuffling....
pre-shuffle:[0, 1, 2, 3, 4, 5, 6, 7, 8, 9, 10, 11, 12, 13, 14, 15, 16, 17, 18, 19, 20, 21, 22, 23, 24, 25, 26, 27, 28, 29, 30, 31, 32, 33, 34, 35, 36, 37, 38, 39, 40, 41, 42, 43, 44, 45, 46, 47, 48, 49, 50, 51, 52, 53, 54, 55, 56, 57, 58, 59, 60, 61, 62, 63, 64, 65, 66, 67, 68, 69, 70, 71, 72, 73, 74, 75, 76, 77, 78, 79, 80, 81, 82, 83, 84, 85, 86, 87, 88, 89, 90, 91, 92, 93, 94, 95, 96, 97, 98, 99]
post-shuffle:[35, 41, 45, 4, 76, 12, 0, 64, 42, 11, 81, 39, 7, 48, 78, 15, 53, 62, 9, 52, 68, 55, 63, 65, 61, 67, 95, 18, 58, 86, 99, 92, 10, 17, 72, 21, 14, 44, 37, 91, 22, 59, 83, 32, 26, 98, 40, 27, 43, 96, 13, 31, 57, 2, 6, 23, 56, 71, 28, 36, 51, 46, 25, 54, 73, 79, 34, 3, 38, 5, 20, 90, 88, 49, 66, 89, 84, 19, 50, 82, 85, 97, 87, 24, 29, 70, 33, 93, 1, 94, 8, 74, 80, 60, 77, 47, 16, 69, 75, 30]
=============================================
Files already downloaded and verified
Loading sup1k from pretrained/vit_base_patch16_224_augreg2_in21k_ft_in1k.bin ...
Total params: 86105956
Tune params: 307300
Tune ratio: 0.36
Prompt params: 230400
Prompt ratio: 0.27
Total parameters: 86105956
====================== 1 =======================
Incremental class: Old valid output dimension: 0
Incremental class: New Valid output dimension: 10
Optimizer is reset!
Total params: 86105956
Tune params: 307300
Tune ratio: 0.36
Prompt params: 230400
Prompt ratio: 0.27
----------
Initial training...
Optimizer is reset!
Total params: 86105956
Tune params: 307300
Tune ratio: 0.36
Prompt params: 230400
Prompt ratio: 0.27
Epoch:1/10  * Loss 2.072 | Train Acc 28.245
Epoch:2/10  * Loss 2.023 | Train Acc 29.748
Epoch:3/10  * Loss 0.846 | Train Acc 71.615
Epoch:4/10  * Loss 0.395 | Train Acc 86.358
Epoch:5/10  * Loss 0.339 | Train Acc 88.522
Epoch:6/10  * Loss 0.298 | Train Acc 89.643
Epoch:7/10  * Loss 0.289 | Train Acc 89.543
Epoch:8/10  * Loss 0.285 | Train Acc 90.725
Epoch:9/10  * Loss 0.274 | Train Acc 89.984
Epoch:10/10  * Loss 0.267 | Train Acc 90.525
Optimizer is reset!
Total params: 86105956
Tune params: 307300
Tune ratio: 0.36
Prompt params: 230400
Prompt ratio: 0.27
Epoch:1/20  * Loss 0.344 | Train Acc 88.942
Epoch:2/20  * Loss 0.353 | Train Acc 88.301
Epoch:3/20  * Loss 0.369 | Train Acc 88.221
Epoch:4/20  * Loss 0.314 | Train Acc 89.704
Epoch:5/20  * Loss 0.299 | Train Acc 89.583
Epoch:6/20  * Loss 0.266 | Train Acc 90.725
Epoch:7/20  * Loss 0.263 | Train Acc 90.865
Epoch:8/20  * Loss 0.274 | Train Acc 91.006
Epoch:9/20  * Loss 0.248 | Train Acc 91.346
Epoch:10/20  * Loss 0.255 | Train Acc 91.326
Epoch:11/20  * Loss 0.239 | Train Acc 92.067
Epoch:12/20  * Loss 0.218 | Train Acc 92.288
Epoch:13/20  * Loss 0.193 | Train Acc 93.109
Epoch:14/20  * Loss 0.200 | Train Acc 92.849
Epoch:15/20  * Loss 0.200 | Train Acc 93.089
Epoch:16/20  * Loss 0.203 | Train Acc 92.648
Epoch:17/20  * Loss 0.191 | Train Acc 93.329
Epoch:18/20  * Loss 0.195 | Train Acc 93.550
Epoch:19/20  * Loss 0.187 | Train Acc 93.510
Epoch:20/20  * Loss 0.177 | Train Acc 93.850
----------
Selecting Experts...
----------
=> Saving class model to: outputs/cifar-100/10-task/one-prompt/models/repeat-4/task-1/
=> Save Done
validation split name (local False): 1
 * Val Acc 95.000, Total time 3.06
Averaged accuracy for task 1: 95.0
====================== 2 =======================
Incremental class: Old valid output dimension: 10
Incremental class: New Valid output dimension: 20
Saving old prompts
Optimizer is reset!
Total params: 86105956
Tune params: 307300
Tune ratio: 0.36
Prompt params: 230400
Prompt ratio: 0.27
Epoch:1/20  * Loss 1.466 | Train Acc 68.409
Epoch:2/20  * Loss 1.423 | Train Acc 70.913
Epoch:3/20  * Loss 0.334 | Train Acc 93.409
Epoch:4/20  * Loss 0.198 | Train Acc 95.052
Epoch:5/20  * Loss 0.159 | Train Acc 95.833
Epoch:6/20  * Loss 0.144 | Train Acc 96.074
Epoch:7/20  * Loss 0.118 | Train Acc 96.935
Epoch:8/20  * Loss 0.119 | Train Acc 96.875
Epoch:9/20  * Loss 0.113 | Train Acc 97.035
Epoch:10/20  * Loss 0.111 | Train Acc 97.035
Epoch:11/20  * Loss 0.108 | Train Acc 97.196
Epoch:12/20  * Loss 0.098 | Train Acc 97.476
Epoch:13/20  * Loss 0.100 | Train Acc 97.256
Epoch:14/20  * Loss 0.082 | Train Acc 97.736
Epoch:15/20  * Loss 0.095 | Train Acc 97.376
Epoch:16/20  * Loss 0.094 | Train Acc 97.616
Epoch:17/20  * Loss 0.092 | Train Acc 97.456
Epoch:18/20  * Loss 0.082 | Train Acc 97.716
Epoch:19/20  * Loss 0.091 | Train Acc 97.376
Epoch:20/20  * Loss 0.095 | Train Acc 97.496
----------
Selecting Experts...
----------
Averaged stats: Lr: 0.000010  Loss: 0.0477  Acc@1: 98.4375 (98.4375)  Acc@5: 100.0000 (100.0000)
Averaged stats: Lr: 0.000010  Loss: 0.0283  Acc@1: 99.2188 (98.9844)  Acc@5: 100.0000 (100.0000)
Averaged stats: Lr: 0.000010  Loss: 0.0750  Acc@1: 98.4375 (98.6719)  Acc@5: 100.0000 (100.0000)
Averaged stats: Lr: 0.000010  Loss: 0.0381  Acc@1: 98.4375 (98.6719)  Acc@5: 100.0000 (100.0000)
Averaged stats: Lr: 0.000010  Loss: 0.0464  Acc@1: 98.4375 (98.5156)  Acc@5: 100.0000 (100.0000)
Averaged stats: Lr: 0.000010  Loss: 0.0212  Acc@1: 98.4375 (98.9062)  Acc@5: 100.0000 (100.0000)
Averaged stats: Lr: 0.000010  Loss: 0.0254  Acc@1: 98.4375 (98.5156)  Acc@5: 100.0000 (100.0000)
Averaged stats: Lr: 0.000009  Loss: 0.0609  Acc@1: 98.4375 (98.2031)  Acc@5: 100.0000 (100.0000)
Averaged stats: Lr: 0.000009  Loss: 0.0260  Acc@1: 98.4375 (98.5156)  Acc@5: 100.0000 (100.0000)
Averaged stats: Lr: 0.000009  Loss: 0.0345  Acc@1: 99.2188 (99.1406)  Acc@5: 100.0000 (100.0000)
Averaged stats: Lr: 0.000009  Loss: 0.0339  Acc@1: 99.2188 (98.9062)  Acc@5: 100.0000 (100.0000)
Averaged stats: Lr: 0.000009  Loss: 0.0356  Acc@1: 98.4375 (98.5156)  Acc@5: 100.0000 (100.0000)
Averaged stats: Lr: 0.000009  Loss: 0.0155  Acc@1: 99.2188 (98.9062)  Acc@5: 100.0000 (100.0000)
Averaged stats: Lr: 0.000008  Loss: 0.0148  Acc@1: 98.4375 (98.8281)  Acc@5: 100.0000 (100.0000)
Averaged stats: Lr: 0.000008  Loss: 0.0709  Acc@1: 98.4375 (98.5938)  Acc@5: 100.0000 (100.0000)
Averaged stats: Lr: 0.000008  Loss: 0.0406  Acc@1: 99.2188 (98.9062)  Acc@5: 100.0000 (100.0000)
Averaged stats: Lr: 0.000008  Loss: 0.0618  Acc@1: 99.2188 (98.9062)  Acc@5: 100.0000 (100.0000)
Averaged stats: Lr: 0.000007  Loss: 0.0345  Acc@1: 98.4375 (98.9844)  Acc@5: 100.0000 (100.0000)
Averaged stats: Lr: 0.000007  Loss: 0.0096  Acc@1: 98.4375 (98.5938)  Acc@5: 100.0000 (100.0000)
Averaged stats: Lr: 0.000007  Loss: 0.0371  Acc@1: 98.4375 (98.9062)  Acc@5: 100.0000 (100.0000)
Averaged stats: Lr: 0.000007  Loss: 0.0249  Acc@1: 98.4375 (98.9062)  Acc@5: 100.0000 (100.0000)
Averaged stats: Lr: 0.000006  Loss: 0.0515  Acc@1: 99.2188 (98.5938)  Acc@5: 100.0000 (100.0000)
Averaged stats: Lr: 0.000006  Loss: 0.0098  Acc@1: 99.2188 (98.9844)  Acc@5: 100.0000 (100.0000)
Averaged stats: Lr: 0.000006  Loss: 0.0341  Acc@1: 99.2188 (99.0625)  Acc@5: 100.0000 (100.0000)
Averaged stats: Lr: 0.000006  Loss: 0.0557  Acc@1: 99.2188 (99.0625)  Acc@5: 100.0000 (100.0000)
Averaged stats: Lr: 0.000005  Loss: 0.0416  Acc@1: 99.2188 (98.9062)  Acc@5: 100.0000 (100.0000)
Averaged stats: Lr: 0.000005  Loss: 0.0343  Acc@1: 99.2188 (98.9844)  Acc@5: 100.0000 (100.0000)
Averaged stats: Lr: 0.000005  Loss: 0.0398  Acc@1: 99.2188 (98.7500)  Acc@5: 100.0000 (100.0000)
Averaged stats: Lr: 0.000004  Loss: 0.0219  Acc@1: 98.4375 (98.6719)  Acc@5: 100.0000 (100.0000)
Averaged stats: Lr: 0.000004  Loss: 0.0619  Acc@1: 98.4375 (98.3594)  Acc@5: 100.0000 (100.0000)
Averaged stats: Lr: 0.000004  Loss: 0.0123  Acc@1: 99.2188 (99.4531)  Acc@5: 100.0000 (100.0000)
Averaged stats: Lr: 0.000004  Loss: 0.0286  Acc@1: 98.4375 (98.4375)  Acc@5: 100.0000 (100.0000)
Averaged stats: Lr: 0.000003  Loss: 0.0382  Acc@1: 99.2188 (99.1406)  Acc@5: 100.0000 (100.0000)
Averaged stats: Lr: 0.000003  Loss: 0.0161  Acc@1: 99.2188 (98.9844)  Acc@5: 100.0000 (100.0000)
Averaged stats: Lr: 0.000003  Loss: 0.0269  Acc@1: 99.2188 (98.9844)  Acc@5: 100.0000 (100.0000)
Averaged stats: Lr: 0.000003  Loss: 0.0107  Acc@1: 99.2188 (98.9062)  Acc@5: 100.0000 (100.0000)
Averaged stats: Lr: 0.000002  Loss: 0.0262  Acc@1: 98.4375 (98.5156)  Acc@5: 100.0000 (100.0000)
Averaged stats: Lr: 0.000002  Loss: 0.0321  Acc@1: 98.4375 (98.9844)  Acc@5: 100.0000 (100.0000)
Averaged stats: Lr: 0.000002  Loss: 0.0359  Acc@1: 98.4375 (98.3594)  Acc@5: 100.0000 (100.0000)
Averaged stats: Lr: 0.000002  Loss: 0.0271  Acc@1: 98.4375 (98.6719)  Acc@5: 100.0000 (100.0000)
Averaged stats: Lr: 0.000002  Loss: 0.0176  Acc@1: 99.2188 (99.3750)  Acc@5: 100.0000 (100.0000)
Averaged stats: Lr: 0.000002  Loss: 0.0489  Acc@1: 98.4375 (98.5938)  Acc@5: 100.0000 (100.0000)
Averaged stats: Lr: 0.000001  Loss: 0.0534  Acc@1: 98.4375 (98.5156)  Acc@5: 100.0000 (100.0000)
Averaged stats: Lr: 0.000001  Loss: 0.0482  Acc@1: 98.4375 (98.8281)  Acc@5: 100.0000 (100.0000)
Averaged stats: Lr: 0.000001  Loss: 0.0589  Acc@1: 98.4375 (98.7500)  Acc@5: 100.0000 (100.0000)
Averaged stats: Lr: 0.000001  Loss: 0.0168  Acc@1: 99.2188 (98.9062)  Acc@5: 100.0000 (100.0000)
Averaged stats: Lr: 0.000001  Loss: 0.0115  Acc@1: 99.2188 (98.9062)  Acc@5: 100.0000 (100.0000)
Averaged stats: Lr: 0.000001  Loss: 0.0431  Acc@1: 98.4375 (98.4375)  Acc@5: 100.0000 (100.0000)
Averaged stats: Lr: 0.000001  Loss: 0.0249  Acc@1: 98.4375 (98.6719)  Acc@5: 100.0000 (100.0000)
Averaged stats: Lr: 0.000001  Loss: 0.0270  Acc@1: 98.4375 (98.9062)  Acc@5: 100.0000 (100.0000)
=> Saving class model to: outputs/cifar-100/10-task/one-prompt/models/repeat-4/task-2/
=> Save Done
validation split name (local False): 1
 * Val Acc 94.200, Total time 3.06
validation split name (local False): 2
 * Val Acc 98.600, Total time 3.12
Averaged accuracy for task 2: 96.4
====================== 3 =======================
Incremental class: Old valid output dimension: 20
Incremental class: New Valid output dimension: 30
Saving old prompts
Optimizer is reset!
Total params: 86105956
Tune params: 307300
Tune ratio: 0.36
Prompt params: 230400
Prompt ratio: 0.27
Epoch:1/20  * Loss 1.437 | Train Acc 62.640
Epoch:2/20  * Loss 1.407 | Train Acc 64.123
Epoch:3/20  * Loss 0.446 | Train Acc 88.542
Epoch:4/20  * Loss 0.287 | Train Acc 92.748
Epoch:5/20  * Loss 0.240 | Train Acc 93.450
Epoch:6/20  * Loss 0.215 | Train Acc 93.129
Epoch:7/20  * Loss 0.214 | Train Acc 93.910
Epoch:8/20  * Loss 0.199 | Train Acc 94.091
Epoch:9/20  * Loss 0.177 | Train Acc 94.712
Epoch:10/20  * Loss 0.182 | Train Acc 94.531
Epoch:11/20  * Loss 0.154 | Train Acc 95.493
Epoch:12/20  * Loss 0.174 | Train Acc 95.072
Epoch:13/20  * Loss 0.169 | Train Acc 95.373
Epoch:14/20  * Loss 0.162 | Train Acc 95.092
Epoch:15/20  * Loss 0.159 | Train Acc 94.952
Epoch:16/20  * Loss 0.148 | Train Acc 95.773
Epoch:17/20  * Loss 0.142 | Train Acc 95.753
Epoch:18/20  * Loss 0.158 | Train Acc 95.132
Epoch:19/20  * Loss 0.152 | Train Acc 95.653
Epoch:20/20  * Loss 0.142 | Train Acc 95.813
----------
Selecting Experts...
----------
Averaged stats: Lr: 0.000010  Loss: 0.0171  Acc@1: 98.4375 (98.5156)  Acc@5: 100.0000 (100.0000)
Averaged stats: Lr: 0.000010  Loss: 0.0441  Acc@1: 99.2188 (98.9844)  Acc@5: 100.0000 (100.0000)
Averaged stats: Lr: 0.000010  Loss: 0.0173  Acc@1: 99.2188 (99.0234)  Acc@5: 100.0000 (100.0000)
Averaged stats: Lr: 0.000010  Loss: 0.0569  Acc@1: 99.2188 (98.9453)  Acc@5: 100.0000 (100.0000)
Averaged stats: Lr: 0.000010  Loss: 0.0381  Acc@1: 98.4375 (98.6719)  Acc@5: 100.0000 (100.0000)
Averaged stats: Lr: 0.000010  Loss: 0.0173  Acc@1: 99.2188 (98.9844)  Acc@5: 100.0000 (100.0000)
Averaged stats: Lr: 0.000010  Loss: 0.0190  Acc@1: 99.2188 (98.9062)  Acc@5: 100.0000 (100.0000)
Averaged stats: Lr: 0.000009  Loss: 0.0171  Acc@1: 99.2188 (99.2969)  Acc@5: 100.0000 (100.0000)
Averaged stats: Lr: 0.000009  Loss: 0.0400  Acc@1: 98.4375 (98.6328)  Acc@5: 100.0000 (100.0000)
Averaged stats: Lr: 0.000009  Loss: 0.0415  Acc@1: 99.2188 (99.0625)  Acc@5: 100.0000 (100.0000)
Averaged stats: Lr: 0.000009  Loss: 0.0404  Acc@1: 99.2188 (98.7891)  Acc@5: 100.0000 (100.0000)
Averaged stats: Lr: 0.000009  Loss: 0.0249  Acc@1: 99.2188 (99.1797)  Acc@5: 100.0000 (100.0000)
Averaged stats: Lr: 0.000009  Loss: 0.0496  Acc@1: 99.2188 (98.9844)  Acc@5: 100.0000 (100.0000)
Averaged stats: Lr: 0.000008  Loss: 0.0253  Acc@1: 99.2188 (98.8672)  Acc@5: 100.0000 (100.0000)
Averaged stats: Lr: 0.000008  Loss: 0.0201  Acc@1: 99.2188 (98.9062)  Acc@5: 100.0000 (100.0000)
Averaged stats: Lr: 0.000008  Loss: 0.0352  Acc@1: 98.4375 (98.7891)  Acc@5: 100.0000 (100.0000)
Averaged stats: Lr: 0.000008  Loss: 0.0382  Acc@1: 98.4375 (98.5938)  Acc@5: 100.0000 (100.0000)
Averaged stats: Lr: 0.000007  Loss: 0.0376  Acc@1: 99.2188 (99.1016)  Acc@5: 100.0000 (100.0000)
Averaged stats: Lr: 0.000007  Loss: 0.0104  Acc@1: 99.2188 (99.2969)  Acc@5: 100.0000 (100.0000)
Averaged stats: Lr: 0.000007  Loss: 0.0329  Acc@1: 99.2188 (99.1797)  Acc@5: 100.0000 (100.0000)
Averaged stats: Lr: 0.000007  Loss: 0.0243  Acc@1: 99.2188 (98.9062)  Acc@5: 100.0000 (100.0000)
Averaged stats: Lr: 0.000006  Loss: 0.0389  Acc@1: 99.2188 (98.8281)  Acc@5: 100.0000 (100.0000)
Averaged stats: Lr: 0.000006  Loss: 0.0312  Acc@1: 99.2188 (98.9844)  Acc@5: 100.0000 (100.0000)
Averaged stats: Lr: 0.000006  Loss: 0.0421  Acc@1: 99.2188 (98.9453)  Acc@5: 100.0000 (100.0000)
Averaged stats: Lr: 0.000006  Loss: 0.0211  Acc@1: 99.2188 (99.2969)  Acc@5: 100.0000 (100.0000)
Averaged stats: Lr: 0.000005  Loss: 0.0281  Acc@1: 99.2188 (99.0625)  Acc@5: 100.0000 (100.0000)
Averaged stats: Lr: 0.000005  Loss: 0.0263  Acc@1: 99.2188 (99.1016)  Acc@5: 100.0000 (100.0000)
Averaged stats: Lr: 0.000005  Loss: 0.0332  Acc@1: 98.4375 (98.9453)  Acc@5: 100.0000 (100.0000)
Averaged stats: Lr: 0.000004  Loss: 0.0324  Acc@1: 99.2188 (98.9844)  Acc@5: 100.0000 (100.0000)
Averaged stats: Lr: 0.000004  Loss: 0.0311  Acc@1: 99.2188 (99.1406)  Acc@5: 100.0000 (100.0000)
Averaged stats: Lr: 0.000004  Loss: 0.0494  Acc@1: 99.2188 (99.2578)  Acc@5: 100.0000 (100.0000)
Averaged stats: Lr: 0.000004  Loss: 0.0328  Acc@1: 99.2188 (99.1406)  Acc@5: 100.0000 (100.0000)
Averaged stats: Lr: 0.000003  Loss: 0.0385  Acc@1: 99.2188 (99.2188)  Acc@5: 100.0000 (100.0000)
Averaged stats: Lr: 0.000003  Loss: 0.0515  Acc@1: 99.2188 (99.1406)  Acc@5: 100.0000 (100.0000)
Averaged stats: Lr: 0.000003  Loss: 0.0038  Acc@1: 99.2188 (99.3359)  Acc@5: 100.0000 (100.0000)
Averaged stats: Lr: 0.000003  Loss: 0.0887  Acc@1: 99.2188 (98.8672)  Acc@5: 100.0000 (100.0000)
Averaged stats: Lr: 0.000002  Loss: 0.0383  Acc@1: 98.4375 (98.9062)  Acc@5: 100.0000 (100.0000)
Averaged stats: Lr: 0.000002  Loss: 0.0232  Acc@1: 99.2188 (99.0625)  Acc@5: 100.0000 (100.0000)
Averaged stats: Lr: 0.000002  Loss: 0.0139  Acc@1: 99.2188 (99.3750)  Acc@5: 100.0000 (100.0000)
Averaged stats: Lr: 0.000002  Loss: 0.0160  Acc@1: 99.2188 (99.2188)  Acc@5: 100.0000 (100.0000)
Averaged stats: Lr: 0.000002  Loss: 0.0554  Acc@1: 99.2188 (99.2578)  Acc@5: 100.0000 (100.0000)
Averaged stats: Lr: 0.000002  Loss: 0.0368  Acc@1: 99.2188 (98.9062)  Acc@5: 100.0000 (100.0000)
Averaged stats: Lr: 0.000001  Loss: 0.0115  Acc@1: 99.2188 (99.2578)  Acc@5: 100.0000 (100.0000)
Averaged stats: Lr: 0.000001  Loss: 0.0288  Acc@1: 99.2188 (99.2969)  Acc@5: 100.0000 (100.0000)
Averaged stats: Lr: 0.000001  Loss: 0.0089  Acc@1: 99.2188 (99.1797)  Acc@5: 100.0000 (100.0000)
Averaged stats: Lr: 0.000001  Loss: 0.0381  Acc@1: 98.4375 (98.6719)  Acc@5: 100.0000 (100.0000)
Averaged stats: Lr: 0.000001  Loss: 0.0206  Acc@1: 99.2188 (99.0234)  Acc@5: 100.0000 (100.0000)
Averaged stats: Lr: 0.000001  Loss: 0.0235  Acc@1: 99.2188 (99.2578)  Acc@5: 100.0000 (100.0000)
Averaged stats: Lr: 0.000001  Loss: 0.0339  Acc@1: 99.2188 (99.3750)  Acc@5: 100.0000 (100.0000)
Averaged stats: Lr: 0.000001  Loss: 0.0195  Acc@1: 99.2188 (98.9844)  Acc@5: 100.0000 (100.0000)
=> Saving class model to: outputs/cifar-100/10-task/one-prompt/models/repeat-4/task-3/
=> Save Done
validation split name (local False): 1
 * Val Acc 93.200, Total time 3.07
validation split name (local False): 2
 * Val Acc 98.300, Total time 3.04
validation split name (local False): 3
 * Val Acc 94.700, Total time 3.04
Averaged accuracy for task 3: 95.39999999999999
====================== 4 =======================
Incremental class: Old valid output dimension: 30
Incremental class: New Valid output dimension: 40
Saving old prompts
Optimizer is reset!
Total params: 86105956
Tune params: 307300
Tune ratio: 0.36
Prompt params: 230400
Prompt ratio: 0.27
Epoch:1/20  * Loss 1.478 | Train Acc 58.213
Epoch:2/20  * Loss 1.449 | Train Acc 60.337
Epoch:3/20  * Loss 0.461 | Train Acc 87.480
Epoch:4/20  * Loss 0.262 | Train Acc 92.949
Epoch:5/20  * Loss 0.245 | Train Acc 93.049
Epoch:6/20  * Loss 0.215 | Train Acc 93.049
Epoch:7/20  * Loss 0.217 | Train Acc 93.550
Epoch:8/20  * Loss 0.183 | Train Acc 94.331
Epoch:9/20  * Loss 0.190 | Train Acc 94.291
Epoch:10/20  * Loss 0.187 | Train Acc 94.511
Epoch:11/20  * Loss 0.180 | Train Acc 94.291
Epoch:12/20  * Loss 0.185 | Train Acc 93.950
Epoch:13/20  * Loss 0.179 | Train Acc 94.391
Epoch:14/20  * Loss 0.183 | Train Acc 94.351
Epoch:15/20  * Loss 0.173 | Train Acc 94.631
Epoch:16/20  * Loss 0.158 | Train Acc 94.992
Epoch:17/20  * Loss 0.156 | Train Acc 94.972
Epoch:18/20  * Loss 0.168 | Train Acc 94.732
Epoch:19/20  * Loss 0.171 | Train Acc 94.912
Epoch:20/20  * Loss 0.160 | Train Acc 95.112
----------
Selecting Experts...
----------
Averaged stats: Lr: 0.000010  Loss: 0.0156  Acc@1: 99.2188 (99.2188)  Acc@5: 100.0000 (100.0000)
Averaged stats: Lr: 0.000010  Loss: 0.0548  Acc@1: 99.2188 (99.1146)  Acc@5: 100.0000 (100.0000)
Averaged stats: Lr: 0.000010  Loss: 0.0207  Acc@1: 100.0000 (99.2969)  Acc@5: 100.0000 (100.0000)
Averaged stats: Lr: 0.000010  Loss: 0.0195  Acc@1: 99.2188 (99.3750)  Acc@5: 100.0000 (100.0000)
Averaged stats: Lr: 0.000010  Loss: 0.0332  Acc@1: 99.2188 (99.2188)  Acc@5: 100.0000 (100.0000)
Averaged stats: Lr: 0.000010  Loss: 0.0372  Acc@1: 99.2188 (99.3229)  Acc@5: 100.0000 (100.0000)
Averaged stats: Lr: 0.000010  Loss: 0.0382  Acc@1: 100.0000 (99.6094)  Acc@5: 100.0000 (100.0000)
Averaged stats: Lr: 0.000009  Loss: 0.0231  Acc@1: 99.2188 (99.4010)  Acc@5: 100.0000 (100.0000)
Averaged stats: Lr: 0.000009  Loss: 0.0545  Acc@1: 99.2188 (99.4010)  Acc@5: 100.0000 (100.0000)
Averaged stats: Lr: 0.000009  Loss: 0.0218  Acc@1: 99.2188 (99.1927)  Acc@5: 100.0000 (100.0000)
Averaged stats: Lr: 0.000009  Loss: 0.0108  Acc@1: 100.0000 (99.5312)  Acc@5: 100.0000 (100.0000)
Averaged stats: Lr: 0.000009  Loss: 0.0291  Acc@1: 100.0000 (99.4010)  Acc@5: 100.0000 (100.0000)
Averaged stats: Lr: 0.000009  Loss: 0.0458  Acc@1: 99.2188 (99.2969)  Acc@5: 100.0000 (100.0000)
Averaged stats: Lr: 0.000008  Loss: 0.0374  Acc@1: 99.2188 (99.4531)  Acc@5: 100.0000 (100.0000)
Averaged stats: Lr: 0.000008  Loss: 0.0242  Acc@1: 99.2188 (99.2969)  Acc@5: 100.0000 (100.0000)
Averaged stats: Lr: 0.000008  Loss: 0.0105  Acc@1: 100.0000 (99.5052)  Acc@5: 100.0000 (100.0000)
Averaged stats: Lr: 0.000008  Loss: 0.0305  Acc@1: 100.0000 (99.5052)  Acc@5: 100.0000 (100.0000)
Averaged stats: Lr: 0.000007  Loss: 0.0302  Acc@1: 99.2188 (99.4010)  Acc@5: 100.0000 (100.0000)
Averaged stats: Lr: 0.000007  Loss: 0.0167  Acc@1: 99.2188 (99.3750)  Acc@5: 100.0000 (100.0000)
Averaged stats: Lr: 0.000007  Loss: 0.0277  Acc@1: 99.2188 (99.3490)  Acc@5: 100.0000 (100.0000)
Averaged stats: Lr: 0.000007  Loss: 0.0148  Acc@1: 99.2188 (99.4792)  Acc@5: 100.0000 (100.0000)
Averaged stats: Lr: 0.000006  Loss: 0.0105  Acc@1: 100.0000 (99.6094)  Acc@5: 100.0000 (100.0000)
Averaged stats: Lr: 0.000006  Loss: 0.0153  Acc@1: 100.0000 (99.5573)  Acc@5: 100.0000 (100.0000)
Averaged stats: Lr: 0.000006  Loss: 0.0645  Acc@1: 100.0000 (99.5573)  Acc@5: 100.0000 (100.0000)
Averaged stats: Lr: 0.000006  Loss: 0.0256  Acc@1: 100.0000 (99.5312)  Acc@5: 100.0000 (100.0000)
Averaged stats: Lr: 0.000005  Loss: 0.0069  Acc@1: 99.2188 (99.2969)  Acc@5: 100.0000 (100.0000)
Averaged stats: Lr: 0.000005  Loss: 0.0250  Acc@1: 99.2188 (99.2969)  Acc@5: 100.0000 (100.0000)
Averaged stats: Lr: 0.000005  Loss: 0.0312  Acc@1: 99.2188 (99.4010)  Acc@5: 100.0000 (100.0000)
Averaged stats: Lr: 0.000004  Loss: 0.0074  Acc@1: 100.0000 (99.5312)  Acc@5: 100.0000 (100.0000)
Averaged stats: Lr: 0.000004  Loss: 0.0474  Acc@1: 100.0000 (99.5052)  Acc@5: 100.0000 (100.0000)
Averaged stats: Lr: 0.000004  Loss: 0.0119  Acc@1: 99.2188 (99.4792)  Acc@5: 100.0000 (100.0000)
Averaged stats: Lr: 0.000004  Loss: 0.0179  Acc@1: 99.2188 (99.4010)  Acc@5: 100.0000 (100.0000)
Averaged stats: Lr: 0.000003  Loss: 0.0328  Acc@1: 100.0000 (99.5052)  Acc@5: 100.0000 (100.0000)
Averaged stats: Lr: 0.000003  Loss: 0.0138  Acc@1: 100.0000 (99.4792)  Acc@5: 100.0000 (100.0000)
Averaged stats: Lr: 0.000003  Loss: 0.0172  Acc@1: 99.2188 (99.5052)  Acc@5: 100.0000 (100.0000)
Averaged stats: Lr: 0.000003  Loss: 0.0139  Acc@1: 100.0000 (99.4792)  Acc@5: 100.0000 (100.0000)
Averaged stats: Lr: 0.000002  Loss: 0.0164  Acc@1: 100.0000 (99.4271)  Acc@5: 100.0000 (100.0000)
Averaged stats: Lr: 0.000002  Loss: 0.0144  Acc@1: 99.2188 (99.5312)  Acc@5: 100.0000 (100.0000)
Averaged stats: Lr: 0.000002  Loss: 0.0354  Acc@1: 100.0000 (99.5052)  Acc@5: 100.0000 (100.0000)
Averaged stats: Lr: 0.000002  Loss: 0.0313  Acc@1: 99.2188 (99.5052)  Acc@5: 100.0000 (100.0000)
Averaged stats: Lr: 0.000002  Loss: 0.0082  Acc@1: 99.2188 (99.4010)  Acc@5: 100.0000 (100.0000)
Averaged stats: Lr: 0.000002  Loss: 0.0271  Acc@1: 99.2188 (99.5312)  Acc@5: 100.0000 (100.0000)
Averaged stats: Lr: 0.000001  Loss: 0.0133  Acc@1: 99.2188 (99.2708)  Acc@5: 100.0000 (100.0000)
Averaged stats: Lr: 0.000001  Loss: 0.0130  Acc@1: 100.0000 (99.6094)  Acc@5: 100.0000 (100.0000)
Averaged stats: Lr: 0.000001  Loss: 0.0112  Acc@1: 100.0000 (99.4531)  Acc@5: 100.0000 (100.0000)
Averaged stats: Lr: 0.000001  Loss: 0.0329  Acc@1: 99.2188 (99.2448)  Acc@5: 100.0000 (100.0000)
Averaged stats: Lr: 0.000001  Loss: 0.0234  Acc@1: 99.2188 (99.4792)  Acc@5: 100.0000 (100.0000)
Averaged stats: Lr: 0.000001  Loss: 0.0207  Acc@1: 100.0000 (99.3490)  Acc@5: 100.0000 (100.0000)
Averaged stats: Lr: 0.000001  Loss: 0.0391  Acc@1: 99.2188 (99.4271)  Acc@5: 100.0000 (100.0000)
Averaged stats: Lr: 0.000001  Loss: 0.0183  Acc@1: 99.2188 (99.4531)  Acc@5: 100.0000 (100.0000)
=> Saving class model to: outputs/cifar-100/10-task/one-prompt/models/repeat-4/task-4/
=> Save Done
validation split name (local False): 1
 * Val Acc 93.700, Total time 3.05
validation split name (local False): 2
 * Val Acc 97.300, Total time 3.09
validation split name (local False): 3
 * Val Acc 93.000, Total time 3.05
validation split name (local False): 4
 * Val Acc 92.100, Total time 3.07
Averaged accuracy for task 4: 94.025
====================== 5 =======================
Incremental class: Old valid output dimension: 40
Incremental class: New Valid output dimension: 50
Saving old prompts
Optimizer is reset!
Total params: 86105956
Tune params: 307300
Tune ratio: 0.36
Prompt params: 230400
Prompt ratio: 0.27
Epoch:1/20  * Loss 1.451 | Train Acc 60.677
Epoch:2/20  * Loss 1.408 | Train Acc 61.879
Epoch:3/20  * Loss 0.496 | Train Acc 86.118
Epoch:4/20  * Loss 0.264 | Train Acc 92.147
Epoch:5/20  * Loss 0.249 | Train Acc 92.308
Epoch:6/20  * Loss 0.230 | Train Acc 92.768
Epoch:7/20  * Loss 0.231 | Train Acc 92.328
Epoch:8/20  * Loss 0.190 | Train Acc 94.151
Epoch:9/20  * Loss 0.203 | Train Acc 93.670
Epoch:10/20  * Loss 0.195 | Train Acc 94.191
Epoch:11/20  * Loss 0.208 | Train Acc 93.710
Epoch:12/20  * Loss 0.177 | Train Acc 94.111
Epoch:13/20  * Loss 0.190 | Train Acc 94.050
Epoch:14/20  * Loss 0.186 | Train Acc 94.030
Epoch:15/20  * Loss 0.183 | Train Acc 94.331
Epoch:16/20  * Loss 0.164 | Train Acc 94.872
Epoch:17/20  * Loss 0.170 | Train Acc 94.772
Epoch:18/20  * Loss 0.165 | Train Acc 94.692
Epoch:19/20  * Loss 0.164 | Train Acc 94.732
Epoch:20/20  * Loss 0.177 | Train Acc 94.431
----------
Selecting Experts...
----------
Averaged stats: Lr: 0.000010  Loss: 0.0347  Acc@1: 98.4375 (98.1250)  Acc@5: 100.0000 (100.0000)
Averaged stats: Lr: 0.000010  Loss: 0.0605  Acc@1: 98.4375 (98.1445)  Acc@5: 100.0000 (100.0000)
Averaged stats: Lr: 0.000010  Loss: 0.0407  Acc@1: 98.4375 (98.2617)  Acc@5: 100.0000 (100.0000)
Averaged stats: Lr: 0.000010  Loss: 0.0459  Acc@1: 98.4375 (98.6914)  Acc@5: 100.0000 (100.0000)
Averaged stats: Lr: 0.000010  Loss: 0.0539  Acc@1: 99.2188 (98.6719)  Acc@5: 100.0000 (100.0000)
Averaged stats: Lr: 0.000010  Loss: 0.0347  Acc@1: 99.2188 (98.9062)  Acc@5: 100.0000 (100.0000)
Averaged stats: Lr: 0.000010  Loss: 0.0263  Acc@1: 99.2188 (98.8086)  Acc@5: 100.0000 (100.0000)
Averaged stats: Lr: 0.000009  Loss: 0.0615  Acc@1: 99.2188 (99.0625)  Acc@5: 100.0000 (100.0000)
Averaged stats: Lr: 0.000009  Loss: 0.0296  Acc@1: 99.2188 (99.0039)  Acc@5: 100.0000 (100.0000)
Averaged stats: Lr: 0.000009  Loss: 0.0446  Acc@1: 99.2188 (99.1797)  Acc@5: 100.0000 (100.0000)
Averaged stats: Lr: 0.000009  Loss: 0.0379  Acc@1: 99.2188 (99.2383)  Acc@5: 100.0000 (100.0000)
Averaged stats: Lr: 0.000009  Loss: 0.0142  Acc@1: 99.2188 (99.2188)  Acc@5: 100.0000 (100.0000)
Averaged stats: Lr: 0.000009  Loss: 0.0342  Acc@1: 99.2188 (99.0430)  Acc@5: 100.0000 (100.0000)
Averaged stats: Lr: 0.000008  Loss: 0.0133  Acc@1: 99.2188 (99.1797)  Acc@5: 100.0000 (100.0000)
Averaged stats: Lr: 0.000008  Loss: 0.0861  Acc@1: 99.2188 (99.0234)  Acc@5: 100.0000 (100.0000)
Averaged stats: Lr: 0.000008  Loss: 0.0348  Acc@1: 99.2188 (99.1797)  Acc@5: 100.0000 (100.0000)
Averaged stats: Lr: 0.000008  Loss: 0.0368  Acc@1: 99.2188 (99.4141)  Acc@5: 100.0000 (100.0000)
Averaged stats: Lr: 0.000007  Loss: 0.0215  Acc@1: 99.2188 (99.2969)  Acc@5: 100.0000 (100.0000)
Averaged stats: Lr: 0.000007  Loss: 0.0310  Acc@1: 99.2188 (99.3750)  Acc@5: 100.0000 (100.0000)
Averaged stats: Lr: 0.000007  Loss: 0.0439  Acc@1: 99.2188 (99.1602)  Acc@5: 100.0000 (100.0000)
Averaged stats: Lr: 0.000007  Loss: 0.0189  Acc@1: 99.2188 (99.3750)  Acc@5: 100.0000 (100.0000)
Averaged stats: Lr: 0.000006  Loss: 0.0352  Acc@1: 99.2188 (99.4336)  Acc@5: 100.0000 (100.0000)
Averaged stats: Lr: 0.000006  Loss: 0.0276  Acc@1: 99.2188 (99.1211)  Acc@5: 100.0000 (100.0000)
Averaged stats: Lr: 0.000006  Loss: 0.0411  Acc@1: 99.2188 (99.4727)  Acc@5: 100.0000 (100.0000)
Averaged stats: Lr: 0.000006  Loss: 0.0334  Acc@1: 99.2188 (99.1406)  Acc@5: 100.0000 (100.0000)
Averaged stats: Lr: 0.000005  Loss: 0.0300  Acc@1: 99.2188 (99.3555)  Acc@5: 100.0000 (100.0000)
Averaged stats: Lr: 0.000005  Loss: 0.0339  Acc@1: 99.2188 (99.5703)  Acc@5: 100.0000 (100.0000)
Averaged stats: Lr: 0.000005  Loss: 0.0140  Acc@1: 99.2188 (99.3555)  Acc@5: 100.0000 (100.0000)
Averaged stats: Lr: 0.000004  Loss: 0.0251  Acc@1: 100.0000 (99.5898)  Acc@5: 100.0000 (100.0000)
Averaged stats: Lr: 0.000004  Loss: 0.0177  Acc@1: 100.0000 (99.5508)  Acc@5: 100.0000 (100.0000)
Averaged stats: Lr: 0.000004  Loss: 0.0290  Acc@1: 99.2188 (99.5703)  Acc@5: 100.0000 (100.0000)
Averaged stats: Lr: 0.000004  Loss: 0.0294  Acc@1: 99.2188 (99.5312)  Acc@5: 100.0000 (100.0000)
Averaged stats: Lr: 0.000003  Loss: 0.0302  Acc@1: 99.2188 (99.5117)  Acc@5: 100.0000 (100.0000)
Averaged stats: Lr: 0.000003  Loss: 0.0234  Acc@1: 99.2188 (99.2773)  Acc@5: 100.0000 (100.0000)
Averaged stats: Lr: 0.000003  Loss: 0.0270  Acc@1: 100.0000 (99.4922)  Acc@5: 100.0000 (100.0000)
Averaged stats: Lr: 0.000003  Loss: 0.0259  Acc@1: 99.2188 (99.2578)  Acc@5: 100.0000 (100.0000)
Averaged stats: Lr: 0.000002  Loss: 0.0306  Acc@1: 99.2188 (99.6094)  Acc@5: 100.0000 (100.0000)
Averaged stats: Lr: 0.000002  Loss: 0.0457  Acc@1: 100.0000 (99.5508)  Acc@5: 100.0000 (100.0000)
Averaged stats: Lr: 0.000002  Loss: 0.0475  Acc@1: 99.2188 (99.5508)  Acc@5: 100.0000 (100.0000)
Averaged stats: Lr: 0.000002  Loss: 0.0296  Acc@1: 100.0000 (99.6094)  Acc@5: 100.0000 (100.0000)
Averaged stats: Lr: 0.000002  Loss: 0.0366  Acc@1: 99.2188 (99.4531)  Acc@5: 100.0000 (100.0000)
Averaged stats: Lr: 0.000002  Loss: 0.0179  Acc@1: 99.2188 (99.4141)  Acc@5: 100.0000 (100.0000)
Averaged stats: Lr: 0.000001  Loss: 0.0189  Acc@1: 99.2188 (99.6289)  Acc@5: 100.0000 (100.0000)
Averaged stats: Lr: 0.000001  Loss: 0.0163  Acc@1: 100.0000 (99.5117)  Acc@5: 100.0000 (100.0000)
Averaged stats: Lr: 0.000001  Loss: 0.0300  Acc@1: 99.2188 (99.3945)  Acc@5: 100.0000 (100.0000)
Averaged stats: Lr: 0.000001  Loss: 0.0382  Acc@1: 100.0000 (99.4531)  Acc@5: 100.0000 (100.0000)
Averaged stats: Lr: 0.000001  Loss: 0.0324  Acc@1: 100.0000 (99.4922)  Acc@5: 100.0000 (100.0000)
Averaged stats: Lr: 0.000001  Loss: 0.0304  Acc@1: 100.0000 (99.5117)  Acc@5: 100.0000 (100.0000)
Averaged stats: Lr: 0.000001  Loss: 0.0207  Acc@1: 99.2188 (99.5312)  Acc@5: 100.0000 (100.0000)
Averaged stats: Lr: 0.000001  Loss: 0.0184  Acc@1: 99.2188 (99.5312)  Acc@5: 100.0000 (100.0000)
=> Saving class model to: outputs/cifar-100/10-task/one-prompt/models/repeat-4/task-5/
=> Save Done
validation split name (local False): 1
 * Val Acc 90.800, Total time 3.15
validation split name (local False): 2
 * Val Acc 95.200, Total time 3.14
validation split name (local False): 3
 * Val Acc 91.400, Total time 3.15
validation split name (local False): 4
 * Val Acc 91.900, Total time 3.13
validation split name (local False): 5
 * Val Acc 90.600, Total time 3.18
Averaged accuracy for task 5: 91.97999999999999
====================== 6 =======================
Incremental class: Old valid output dimension: 50
Incremental class: New Valid output dimension: 60
Saving old prompts
Optimizer is reset!
Total params: 86105956
Tune params: 307300
Tune ratio: 0.36
Prompt params: 230400
Prompt ratio: 0.27
Epoch:1/20  * Loss 1.406 | Train Acc 68.950
Epoch:2/20  * Loss 1.369 | Train Acc 71.194
Epoch:3/20  * Loss 0.380 | Train Acc 90.405
Epoch:4/20  * Loss 0.218 | Train Acc 93.990
Epoch:5/20  * Loss 0.187 | Train Acc 94.471
Epoch:6/20  * Loss 0.168 | Train Acc 94.892
Epoch:7/20  * Loss 0.179 | Train Acc 94.391
Epoch:8/20  * Loss 0.167 | Train Acc 95.232
Epoch:9/20  * Loss 0.149 | Train Acc 95.373
Epoch:10/20  * Loss 0.138 | Train Acc 95.974
Epoch:11/20  * Loss 0.149 | Train Acc 95.413
Epoch:12/20  * Loss 0.142 | Train Acc 95.573
Epoch:13/20  * Loss 0.146 | Train Acc 95.853
Epoch:14/20  * Loss 0.140 | Train Acc 95.753
Epoch:15/20  * Loss 0.135 | Train Acc 95.613
Epoch:16/20  * Loss 0.143 | Train Acc 95.673
Epoch:17/20  * Loss 0.125 | Train Acc 96.174
Epoch:18/20  * Loss 0.123 | Train Acc 96.334
Epoch:19/20  * Loss 0.128 | Train Acc 96.214
Epoch:20/20  * Loss 0.132 | Train Acc 96.194
----------
Selecting Experts...
----------
Averaged stats: Lr: 0.000010  Loss: 0.0342  Acc@1: 99.2188 (99.0469)  Acc@5: 100.0000 (100.0000)
Averaged stats: Lr: 0.000010  Loss: 0.0345  Acc@1: 99.2188 (98.9844)  Acc@5: 100.0000 (100.0000)
Averaged stats: Lr: 0.000010  Loss: 0.0279  Acc@1: 99.2188 (99.0156)  Acc@5: 100.0000 (100.0000)
Averaged stats: Lr: 0.000010  Loss: 0.0256  Acc@1: 99.2188 (99.2031)  Acc@5: 100.0000 (100.0000)
Averaged stats: Lr: 0.000010  Loss: 0.0220  Acc@1: 99.2188 (99.3906)  Acc@5: 100.0000 (100.0000)
Averaged stats: Lr: 0.000010  Loss: 0.0353  Acc@1: 99.2188 (99.4219)  Acc@5: 100.0000 (100.0000)
Averaged stats: Lr: 0.000010  Loss: 0.0169  Acc@1: 99.2188 (99.3125)  Acc@5: 100.0000 (100.0000)
Averaged stats: Lr: 0.000009  Loss: 0.0225  Acc@1: 99.2188 (99.3594)  Acc@5: 100.0000 (100.0000)
Averaged stats: Lr: 0.000009  Loss: 0.0438  Acc@1: 99.2188 (99.4062)  Acc@5: 100.0000 (100.0000)
Averaged stats: Lr: 0.000009  Loss: 0.0537  Acc@1: 100.0000 (99.5625)  Acc@5: 100.0000 (100.0000)
Averaged stats: Lr: 0.000009  Loss: 0.0262  Acc@1: 99.2188 (99.3281)  Acc@5: 100.0000 (100.0000)
Averaged stats: Lr: 0.000009  Loss: 0.0457  Acc@1: 99.2188 (99.4531)  Acc@5: 100.0000 (100.0000)
Averaged stats: Lr: 0.000009  Loss: 0.0486  Acc@1: 99.2188 (99.4062)  Acc@5: 100.0000 (100.0000)
Averaged stats: Lr: 0.000008  Loss: 0.0097  Acc@1: 100.0000 (99.7188)  Acc@5: 100.0000 (100.0000)
Averaged stats: Lr: 0.000008  Loss: 0.0208  Acc@1: 100.0000 (99.4688)  Acc@5: 100.0000 (100.0000)
Averaged stats: Lr: 0.000008  Loss: 0.0169  Acc@1: 100.0000 (99.4688)  Acc@5: 100.0000 (100.0000)
Averaged stats: Lr: 0.000008  Loss: 0.0105  Acc@1: 100.0000 (99.6250)  Acc@5: 100.0000 (100.0000)
Averaged stats: Lr: 0.000007  Loss: 0.0229  Acc@1: 100.0000 (99.4531)  Acc@5: 100.0000 (100.0000)
Averaged stats: Lr: 0.000007  Loss: 0.0351  Acc@1: 99.2188 (99.6094)  Acc@5: 100.0000 (100.0000)
Averaged stats: Lr: 0.000007  Loss: 0.0101  Acc@1: 100.0000 (99.5781)  Acc@5: 100.0000 (100.0000)
Averaged stats: Lr: 0.000007  Loss: 0.0309  Acc@1: 100.0000 (99.6250)  Acc@5: 100.0000 (100.0000)
Averaged stats: Lr: 0.000006  Loss: 0.0437  Acc@1: 100.0000 (99.6250)  Acc@5: 100.0000 (100.0000)
Averaged stats: Lr: 0.000006  Loss: 0.0209  Acc@1: 99.2188 (99.5000)  Acc@5: 100.0000 (100.0000)
Averaged stats: Lr: 0.000006  Loss: 0.0180  Acc@1: 99.2188 (99.5625)  Acc@5: 100.0000 (100.0000)
Averaged stats: Lr: 0.000006  Loss: 0.0411  Acc@1: 100.0000 (99.6875)  Acc@5: 100.0000 (100.0000)
Averaged stats: Lr: 0.000005  Loss: 0.0243  Acc@1: 99.2188 (99.4375)  Acc@5: 100.0000 (100.0000)
Averaged stats: Lr: 0.000005  Loss: 0.0116  Acc@1: 100.0000 (99.6719)  Acc@5: 100.0000 (100.0000)
Averaged stats: Lr: 0.000005  Loss: 0.0346  Acc@1: 100.0000 (99.5469)  Acc@5: 100.0000 (100.0000)
Averaged stats: Lr: 0.000004  Loss: 0.0090  Acc@1: 99.2188 (99.5781)  Acc@5: 100.0000 (100.0000)
Averaged stats: Lr: 0.000004  Loss: 0.0325  Acc@1: 100.0000 (99.5938)  Acc@5: 100.0000 (100.0000)
Averaged stats: Lr: 0.000004  Loss: 0.0125  Acc@1: 99.2188 (99.6094)  Acc@5: 100.0000 (100.0000)
Averaged stats: Lr: 0.000004  Loss: 0.0303  Acc@1: 100.0000 (99.5312)  Acc@5: 100.0000 (100.0000)
Averaged stats: Lr: 0.000003  Loss: 0.0338  Acc@1: 100.0000 (99.5938)  Acc@5: 100.0000 (100.0000)
Averaged stats: Lr: 0.000003  Loss: 0.0213  Acc@1: 100.0000 (99.6094)  Acc@5: 100.0000 (100.0000)
Averaged stats: Lr: 0.000003  Loss: 0.0222  Acc@1: 100.0000 (99.6094)  Acc@5: 100.0000 (100.0000)
Averaged stats: Lr: 0.000003  Loss: 0.0223  Acc@1: 100.0000 (99.5625)  Acc@5: 100.0000 (100.0000)
Averaged stats: Lr: 0.000002  Loss: 0.0107  Acc@1: 100.0000 (99.6719)  Acc@5: 100.0000 (100.0000)
Averaged stats: Lr: 0.000002  Loss: 0.0101  Acc@1: 100.0000 (99.6094)  Acc@5: 100.0000 (100.0000)
Averaged stats: Lr: 0.000002  Loss: 0.0140  Acc@1: 100.0000 (99.5000)  Acc@5: 100.0000 (100.0000)
Averaged stats: Lr: 0.000002  Loss: 0.0217  Acc@1: 100.0000 (99.5625)  Acc@5: 100.0000 (100.0000)
Averaged stats: Lr: 0.000002  Loss: 0.0258  Acc@1: 100.0000 (99.4688)  Acc@5: 100.0000 (100.0000)
Averaged stats: Lr: 0.000002  Loss: 0.0322  Acc@1: 100.0000 (99.6250)  Acc@5: 100.0000 (100.0000)
Averaged stats: Lr: 0.000001  Loss: 0.0129  Acc@1: 99.2188 (99.5000)  Acc@5: 100.0000 (100.0000)
Averaged stats: Lr: 0.000001  Loss: 0.0177  Acc@1: 100.0000 (99.5625)  Acc@5: 100.0000 (100.0000)
Averaged stats: Lr: 0.000001  Loss: 0.0359  Acc@1: 100.0000 (99.5312)  Acc@5: 100.0000 (100.0000)
Averaged stats: Lr: 0.000001  Loss: 0.0151  Acc@1: 99.2188 (99.5000)  Acc@5: 100.0000 (100.0000)
Averaged stats: Lr: 0.000001  Loss: 0.0056  Acc@1: 100.0000 (99.6875)  Acc@5: 100.0000 (100.0000)
Averaged stats: Lr: 0.000001  Loss: 0.0165  Acc@1: 100.0000 (99.5156)  Acc@5: 100.0000 (100.0000)
Averaged stats: Lr: 0.000001  Loss: 0.0158  Acc@1: 100.0000 (99.6406)  Acc@5: 100.0000 (100.0000)
Averaged stats: Lr: 0.000001  Loss: 0.0269  Acc@1: 100.0000 (99.7656)  Acc@5: 100.0000 (100.0000)
=> Saving class model to: outputs/cifar-100/10-task/one-prompt/models/repeat-4/task-6/
=> Save Done
validation split name (local False): 1
 * Val Acc 87.200, Total time 3.15
validation split name (local False): 2
 * Val Acc 93.800, Total time 3.18
validation split name (local False): 3
 * Val Acc 92.100, Total time 3.17
validation split name (local False): 4
 * Val Acc 90.900, Total time 3.17
validation split name (local False): 5
 * Val Acc 90.300, Total time 3.14
validation split name (local False): 6
 * Val Acc 91.100, Total time 3.12
Averaged accuracy for task 6: 90.89999999999999
====================== 7 =======================
Incremental class: Old valid output dimension: 60
Incremental class: New Valid output dimension: 70
Saving old prompts
Optimizer is reset!
Total params: 86105956
Tune params: 307300
Tune ratio: 0.36
Prompt params: 230400
Prompt ratio: 0.27
Epoch:1/20  * Loss 1.526 | Train Acc 59.095
Epoch:2/20  * Loss 1.488 | Train Acc 60.337
Epoch:3/20  * Loss 0.440 | Train Acc 88.301
Epoch:4/20  * Loss 0.264 | Train Acc 92.768
Epoch:5/20  * Loss 0.236 | Train Acc 92.849
Epoch:6/20  * Loss 0.229 | Train Acc 92.688
Epoch:7/20  * Loss 0.203 | Train Acc 93.490
Epoch:8/20  * Loss 0.192 | Train Acc 94.030
Epoch:9/20  * Loss 0.208 | Train Acc 93.650
Epoch:10/20  * Loss 0.178 | Train Acc 94.211
Epoch:11/20  * Loss 0.198 | Train Acc 93.510
Epoch:12/20  * Loss 0.194 | Train Acc 93.810
Epoch:13/20  * Loss 0.162 | Train Acc 95.312
Epoch:14/20  * Loss 0.174 | Train Acc 94.391
Epoch:15/20  * Loss 0.165 | Train Acc 95.012
Epoch:16/20  * Loss 0.168 | Train Acc 94.812
Epoch:17/20  * Loss 0.170 | Train Acc 94.611
Epoch:18/20  * Loss 0.162 | Train Acc 95.292
Epoch:19/20  * Loss 0.163 | Train Acc 94.772
Epoch:20/20  * Loss 0.153 | Train Acc 95.092
----------
Selecting Experts...
----------
Averaged stats: Lr: 0.000010  Loss: 0.0274  Acc@1: 100.0000 (99.5964)  Acc@5: 100.0000 (100.0000)
Averaged stats: Lr: 0.000010  Loss: 0.0387  Acc@1: 99.2188 (99.4792)  Acc@5: 100.0000 (100.0000)
Averaged stats: Lr: 0.000010  Loss: 0.0125  Acc@1: 100.0000 (99.5703)  Acc@5: 100.0000 (100.0000)
Averaged stats: Lr: 0.000010  Loss: 0.0148  Acc@1: 100.0000 (99.5964)  Acc@5: 100.0000 (100.0000)
Averaged stats: Lr: 0.000010  Loss: 0.0171  Acc@1: 100.0000 (99.7005)  Acc@5: 100.0000 (100.0000)
Averaged stats: Lr: 0.000010  Loss: 0.0172  Acc@1: 100.0000 (99.6094)  Acc@5: 100.0000 (100.0000)
Averaged stats: Lr: 0.000010  Loss: 0.0228  Acc@1: 99.2188 (99.6094)  Acc@5: 100.0000 (100.0000)
Averaged stats: Lr: 0.000009  Loss: 0.0242  Acc@1: 100.0000 (99.4531)  Acc@5: 100.0000 (100.0000)
Averaged stats: Lr: 0.000009  Loss: 0.0072  Acc@1: 99.2188 (99.6875)  Acc@5: 100.0000 (100.0000)
Averaged stats: Lr: 0.000009  Loss: 0.0188  Acc@1: 100.0000 (99.6224)  Acc@5: 100.0000 (100.0000)
Averaged stats: Lr: 0.000009  Loss: 0.0190  Acc@1: 100.0000 (99.7266)  Acc@5: 100.0000 (100.0000)
Averaged stats: Lr: 0.000009  Loss: 0.0232  Acc@1: 99.2188 (99.5573)  Acc@5: 100.0000 (100.0000)
Averaged stats: Lr: 0.000009  Loss: 0.0372  Acc@1: 100.0000 (99.6094)  Acc@5: 100.0000 (100.0000)
Averaged stats: Lr: 0.000008  Loss: 0.0184  Acc@1: 99.2188 (99.5312)  Acc@5: 100.0000 (100.0000)
Averaged stats: Lr: 0.000008  Loss: 0.0093  Acc@1: 100.0000 (99.7135)  Acc@5: 100.0000 (100.0000)
Averaged stats: Lr: 0.000008  Loss: 0.0107  Acc@1: 100.0000 (99.6615)  Acc@5: 100.0000 (100.0000)
Averaged stats: Lr: 0.000008  Loss: 0.0130  Acc@1: 100.0000 (99.6484)  Acc@5: 100.0000 (100.0000)
Averaged stats: Lr: 0.000007  Loss: 0.0108  Acc@1: 99.2188 (99.6484)  Acc@5: 100.0000 (100.0000)
Averaged stats: Lr: 0.000007  Loss: 0.0137  Acc@1: 99.2188 (99.5443)  Acc@5: 100.0000 (100.0000)
Averaged stats: Lr: 0.000007  Loss: 0.0207  Acc@1: 100.0000 (99.7266)  Acc@5: 100.0000 (100.0000)
Averaged stats: Lr: 0.000007  Loss: 0.0186  Acc@1: 100.0000 (99.7656)  Acc@5: 100.0000 (100.0000)
Averaged stats: Lr: 0.000006  Loss: 0.0216  Acc@1: 100.0000 (99.7396)  Acc@5: 100.0000 (100.0000)
Averaged stats: Lr: 0.000006  Loss: 0.0047  Acc@1: 100.0000 (99.7005)  Acc@5: 100.0000 (100.0000)
Averaged stats: Lr: 0.000006  Loss: 0.0139  Acc@1: 100.0000 (99.6484)  Acc@5: 100.0000 (100.0000)
Averaged stats: Lr: 0.000006  Loss: 0.0146  Acc@1: 99.2188 (99.6615)  Acc@5: 100.0000 (100.0000)
Averaged stats: Lr: 0.000005  Loss: 0.0251  Acc@1: 100.0000 (99.6875)  Acc@5: 100.0000 (100.0000)
Averaged stats: Lr: 0.000005  Loss: 0.0252  Acc@1: 100.0000 (99.5964)  Acc@5: 100.0000 (100.0000)
Averaged stats: Lr: 0.000005  Loss: 0.0216  Acc@1: 100.0000 (99.6224)  Acc@5: 100.0000 (100.0000)
Averaged stats: Lr: 0.000004  Loss: 0.0130  Acc@1: 100.0000 (99.7396)  Acc@5: 100.0000 (100.0000)
Averaged stats: Lr: 0.000004  Loss: 0.0221  Acc@1: 100.0000 (99.6745)  Acc@5: 100.0000 (100.0000)
Averaged stats: Lr: 0.000004  Loss: 0.0355  Acc@1: 100.0000 (99.7266)  Acc@5: 100.0000 (100.0000)
Averaged stats: Lr: 0.000004  Loss: 0.0153  Acc@1: 100.0000 (99.6875)  Acc@5: 100.0000 (100.0000)
Averaged stats: Lr: 0.000003  Loss: 0.0116  Acc@1: 100.0000 (99.6615)  Acc@5: 100.0000 (100.0000)
Averaged stats: Lr: 0.000003  Loss: 0.0124  Acc@1: 100.0000 (99.8177)  Acc@5: 100.0000 (100.0000)
Averaged stats: Lr: 0.000003  Loss: 0.0079  Acc@1: 100.0000 (99.7917)  Acc@5: 100.0000 (100.0000)
Averaged stats: Lr: 0.000003  Loss: 0.0174  Acc@1: 100.0000 (99.7656)  Acc@5: 100.0000 (100.0000)
Averaged stats: Lr: 0.000002  Loss: 0.0252  Acc@1: 99.2188 (99.6224)  Acc@5: 100.0000 (100.0000)
Averaged stats: Lr: 0.000002  Loss: 0.0299  Acc@1: 100.0000 (99.6615)  Acc@5: 100.0000 (100.0000)
Averaged stats: Lr: 0.000002  Loss: 0.0287  Acc@1: 100.0000 (99.7526)  Acc@5: 100.0000 (100.0000)
Averaged stats: Lr: 0.000002  Loss: 0.0168  Acc@1: 99.2188 (99.6875)  Acc@5: 100.0000 (100.0000)
Averaged stats: Lr: 0.000002  Loss: 0.0072  Acc@1: 100.0000 (99.7786)  Acc@5: 100.0000 (100.0000)
Averaged stats: Lr: 0.000002  Loss: 0.0246  Acc@1: 100.0000 (99.7656)  Acc@5: 100.0000 (100.0000)
Averaged stats: Lr: 0.000001  Loss: 0.0138  Acc@1: 100.0000 (99.6875)  Acc@5: 100.0000 (100.0000)
Averaged stats: Lr: 0.000001  Loss: 0.0070  Acc@1: 100.0000 (99.7526)  Acc@5: 100.0000 (100.0000)
Averaged stats: Lr: 0.000001  Loss: 0.0275  Acc@1: 100.0000 (99.7135)  Acc@5: 100.0000 (100.0000)
Averaged stats: Lr: 0.000001  Loss: 0.0132  Acc@1: 100.0000 (99.7396)  Acc@5: 100.0000 (100.0000)
Averaged stats: Lr: 0.000001  Loss: 0.0393  Acc@1: 100.0000 (99.7135)  Acc@5: 100.0000 (100.0000)
Averaged stats: Lr: 0.000001  Loss: 0.0127  Acc@1: 100.0000 (99.6615)  Acc@5: 100.0000 (100.0000)
Averaged stats: Lr: 0.000001  Loss: 0.0134  Acc@1: 100.0000 (99.7396)  Acc@5: 100.0000 (100.0000)
Averaged stats: Lr: 0.000001  Loss: 0.0150  Acc@1: 100.0000 (99.5964)  Acc@5: 100.0000 (100.0000)
=> Saving class model to: outputs/cifar-100/10-task/one-prompt/models/repeat-4/task-7/
=> Save Done
validation split name (local False): 1
 * Val Acc 85.100, Total time 3.14
validation split name (local False): 2
 * Val Acc 93.700, Total time 3.17
validation split name (local False): 3
 * Val Acc 89.800, Total time 3.20
validation split name (local False): 4
 * Val Acc 91.100, Total time 3.16
validation split name (local False): 5
 * Val Acc 89.400, Total time 3.18
validation split name (local False): 6
 * Val Acc 90.400, Total time 3.15
validation split name (local False): 7
 * Val Acc 93.000, Total time 3.18
Averaged accuracy for task 7: 90.35714285714286
====================== 8 =======================
Incremental class: Old valid output dimension: 70
Incremental class: New Valid output dimension: 80
Saving old prompts
Optimizer is reset!
Total params: 86105956
Tune params: 307300
Tune ratio: 0.36
Prompt params: 230400
Prompt ratio: 0.27
Epoch:1/20  * Loss 1.270 | Train Acc 69.551
Epoch:2/20  * Loss 1.222 | Train Acc 70.413
Epoch:3/20  * Loss 0.373 | Train Acc 90.625
Epoch:4/20  * Loss 0.247 | Train Acc 93.189
Epoch:5/20  * Loss 0.190 | Train Acc 94.451
Epoch:6/20  * Loss 0.184 | Train Acc 94.551
Epoch:7/20  * Loss 0.170 | Train Acc 94.311
Epoch:8/20  * Loss 0.179 | Train Acc 94.371
Epoch:9/20  * Loss 0.167 | Train Acc 94.992
Epoch:10/20  * Loss 0.169 | Train Acc 94.792
Epoch:11/20  * Loss 0.158 | Train Acc 94.952
Epoch:12/20  * Loss 0.146 | Train Acc 95.353
Epoch:13/20  * Loss 0.161 | Train Acc 95.072
Epoch:14/20  * Loss 0.168 | Train Acc 95.272
Epoch:15/20  * Loss 0.146 | Train Acc 95.633
Epoch:16/20  * Loss 0.148 | Train Acc 95.533
Epoch:17/20  * Loss 0.135 | Train Acc 95.913
Epoch:18/20  * Loss 0.135 | Train Acc 95.813
Epoch:19/20  * Loss 0.148 | Train Acc 95.513
Epoch:20/20  * Loss 0.137 | Train Acc 95.833
----------
Selecting Experts...
----------
Averaged stats: Lr: 0.000010  Loss: 0.0180  Acc@1: 100.0000 (99.6987)  Acc@5: 100.0000 (100.0000)
Averaged stats: Lr: 0.000010  Loss: 0.0049  Acc@1: 100.0000 (99.7321)  Acc@5: 100.0000 (100.0000)
Averaged stats: Lr: 0.000010  Loss: 0.0182  Acc@1: 100.0000 (99.8214)  Acc@5: 100.0000 (100.0000)
Averaged stats: Lr: 0.000010  Loss: 0.0308  Acc@1: 99.2188 (99.7879)  Acc@5: 100.0000 (100.0000)
Averaged stats: Lr: 0.000010  Loss: 0.0125  Acc@1: 100.0000 (99.7656)  Acc@5: 100.0000 (100.0000)
Averaged stats: Lr: 0.000010  Loss: 0.0148  Acc@1: 100.0000 (99.8214)  Acc@5: 100.0000 (100.0000)
Averaged stats: Lr: 0.000010  Loss: 0.0080  Acc@1: 100.0000 (99.8214)  Acc@5: 100.0000 (100.0000)
Averaged stats: Lr: 0.000009  Loss: 0.0139  Acc@1: 100.0000 (99.6875)  Acc@5: 100.0000 (100.0000)
Averaged stats: Lr: 0.000009  Loss: 0.0292  Acc@1: 100.0000 (99.6875)  Acc@5: 100.0000 (100.0000)
Averaged stats: Lr: 0.000009  Loss: 0.0236  Acc@1: 100.0000 (99.7768)  Acc@5: 100.0000 (100.0000)
Averaged stats: Lr: 0.000009  Loss: 0.0079  Acc@1: 100.0000 (99.8438)  Acc@5: 100.0000 (100.0000)
Averaged stats: Lr: 0.000009  Loss: 0.0124  Acc@1: 100.0000 (99.8438)  Acc@5: 100.0000 (100.0000)
Averaged stats: Lr: 0.000009  Loss: 0.0366  Acc@1: 100.0000 (99.6987)  Acc@5: 100.0000 (100.0000)
Averaged stats: Lr: 0.000008  Loss: 0.0196  Acc@1: 100.0000 (99.7210)  Acc@5: 100.0000 (100.0000)
Averaged stats: Lr: 0.000008  Loss: 0.0084  Acc@1: 100.0000 (99.7433)  Acc@5: 100.0000 (100.0000)
Averaged stats: Lr: 0.000008  Loss: 0.0068  Acc@1: 100.0000 (99.8326)  Acc@5: 100.0000 (100.0000)
Averaged stats: Lr: 0.000008  Loss: 0.0299  Acc@1: 100.0000 (99.7321)  Acc@5: 100.0000 (100.0000)
Averaged stats: Lr: 0.000007  Loss: 0.0047  Acc@1: 100.0000 (99.7656)  Acc@5: 100.0000 (100.0000)
Averaged stats: Lr: 0.000007  Loss: 0.0080  Acc@1: 100.0000 (99.7098)  Acc@5: 100.0000 (100.0000)
Averaged stats: Lr: 0.000007  Loss: 0.0223  Acc@1: 100.0000 (99.8103)  Acc@5: 100.0000 (100.0000)
Averaged stats: Lr: 0.000007  Loss: 0.0110  Acc@1: 100.0000 (99.8214)  Acc@5: 100.0000 (100.0000)
Averaged stats: Lr: 0.000006  Loss: 0.0075  Acc@1: 100.0000 (99.8214)  Acc@5: 100.0000 (100.0000)
Averaged stats: Lr: 0.000006  Loss: 0.0180  Acc@1: 100.0000 (99.8214)  Acc@5: 100.0000 (100.0000)
Averaged stats: Lr: 0.000006  Loss: 0.0301  Acc@1: 100.0000 (99.7768)  Acc@5: 100.0000 (100.0000)
Averaged stats: Lr: 0.000006  Loss: 0.0180  Acc@1: 100.0000 (99.7433)  Acc@5: 100.0000 (100.0000)
Averaged stats: Lr: 0.000005  Loss: 0.0052  Acc@1: 100.0000 (99.8103)  Acc@5: 100.0000 (100.0000)
Averaged stats: Lr: 0.000005  Loss: 0.0084  Acc@1: 100.0000 (99.7879)  Acc@5: 100.0000 (100.0000)
Averaged stats: Lr: 0.000005  Loss: 0.0156  Acc@1: 100.0000 (99.7545)  Acc@5: 100.0000 (100.0000)
Averaged stats: Lr: 0.000004  Loss: 0.0118  Acc@1: 100.0000 (99.8214)  Acc@5: 100.0000 (100.0000)
Averaged stats: Lr: 0.000004  Loss: 0.0247  Acc@1: 100.0000 (99.7768)  Acc@5: 100.0000 (100.0000)
Averaged stats: Lr: 0.000004  Loss: 0.0069  Acc@1: 100.0000 (99.8884)  Acc@5: 100.0000 (100.0000)
Averaged stats: Lr: 0.000004  Loss: 0.0155  Acc@1: 100.0000 (99.8326)  Acc@5: 100.0000 (100.0000)
Averaged stats: Lr: 0.000003  Loss: 0.0054  Acc@1: 100.0000 (99.8326)  Acc@5: 100.0000 (100.0000)
Averaged stats: Lr: 0.000003  Loss: 0.0107  Acc@1: 100.0000 (99.7879)  Acc@5: 100.0000 (100.0000)
Averaged stats: Lr: 0.000003  Loss: 0.0050  Acc@1: 100.0000 (99.8103)  Acc@5: 100.0000 (100.0000)
Averaged stats: Lr: 0.000003  Loss: 0.0207  Acc@1: 100.0000 (99.8103)  Acc@5: 100.0000 (100.0000)
Averaged stats: Lr: 0.000002  Loss: 0.0224  Acc@1: 100.0000 (99.8438)  Acc@5: 100.0000 (100.0000)
Averaged stats: Lr: 0.000002  Loss: 0.0058  Acc@1: 100.0000 (99.8661)  Acc@5: 100.0000 (100.0000)
Averaged stats: Lr: 0.000002  Loss: 0.0177  Acc@1: 99.2188 (99.7433)  Acc@5: 100.0000 (100.0000)
Averaged stats: Lr: 0.000002  Loss: 0.0112  Acc@1: 100.0000 (99.7656)  Acc@5: 100.0000 (100.0000)
Averaged stats: Lr: 0.000002  Loss: 0.0085  Acc@1: 100.0000 (99.7098)  Acc@5: 100.0000 (100.0000)
Averaged stats: Lr: 0.000002  Loss: 0.0042  Acc@1: 100.0000 (99.7768)  Acc@5: 100.0000 (100.0000)
Averaged stats: Lr: 0.000001  Loss: 0.0056  Acc@1: 100.0000 (99.7768)  Acc@5: 100.0000 (100.0000)
Averaged stats: Lr: 0.000001  Loss: 0.0080  Acc@1: 100.0000 (99.7991)  Acc@5: 100.0000 (100.0000)
Averaged stats: Lr: 0.000001  Loss: 0.0073  Acc@1: 100.0000 (99.8326)  Acc@5: 100.0000 (100.0000)
Averaged stats: Lr: 0.000001  Loss: 0.0390  Acc@1: 100.0000 (99.8326)  Acc@5: 100.0000 (100.0000)
Averaged stats: Lr: 0.000001  Loss: 0.0093  Acc@1: 100.0000 (99.7768)  Acc@5: 100.0000 (100.0000)
Averaged stats: Lr: 0.000001  Loss: 0.0068  Acc@1: 100.0000 (99.7656)  Acc@5: 100.0000 (100.0000)
Averaged stats: Lr: 0.000001  Loss: 0.0078  Acc@1: 100.0000 (99.8326)  Acc@5: 100.0000 (100.0000)
Averaged stats: Lr: 0.000001  Loss: 0.0071  Acc@1: 100.0000 (99.8772)  Acc@5: 100.0000 (100.0000)
=> Saving class model to: outputs/cifar-100/10-task/one-prompt/models/repeat-4/task-8/
=> Save Done
validation split name (local False): 1
 * Val Acc 83.700, Total time 3.12
validation split name (local False): 2
 * Val Acc 91.400, Total time 3.11
validation split name (local False): 3
 * Val Acc 90.300, Total time 3.18
validation split name (local False): 4
 * Val Acc 91.300, Total time 3.15
validation split name (local False): 5
 * Val Acc 89.700, Total time 3.12
validation split name (local False): 6
 * Val Acc 89.300, Total time 3.19
validation split name (local False): 7
 * Val Acc 91.900, Total time 3.19
validation split name (local False): 8
 * Val Acc 94.200, Total time 3.14
Averaged accuracy for task 8: 90.22500000000001
====================== 9 =======================
Incremental class: Old valid output dimension: 80
Incremental class: New Valid output dimension: 90
Saving old prompts
Optimizer is reset!
Total params: 86105956
Tune params: 307300
Tune ratio: 0.36
Prompt params: 230400
Prompt ratio: 0.27
Epoch:1/20  * Loss 1.316 | Train Acc 70.673
Epoch:2/20  * Loss 1.294 | Train Acc 71.254
Epoch:3/20  * Loss 0.374 | Train Acc 91.046
Epoch:4/20  * Loss 0.211 | Train Acc 94.391
Epoch:5/20  * Loss 0.207 | Train Acc 94.111
Epoch:6/20  * Loss 0.172 | Train Acc 95.032
Epoch:7/20  * Loss 0.175 | Train Acc 94.932
Epoch:8/20  * Loss 0.142 | Train Acc 95.913
Epoch:9/20  * Loss 0.161 | Train Acc 94.932
Epoch:10/20  * Loss 0.141 | Train Acc 95.893
Epoch:11/20  * Loss 0.153 | Train Acc 95.353
Epoch:12/20  * Loss 0.141 | Train Acc 95.974
Epoch:13/20  * Loss 0.137 | Train Acc 95.933
Epoch:14/20  * Loss 0.147 | Train Acc 95.413
Epoch:15/20  * Loss 0.149 | Train Acc 95.613
Epoch:16/20  * Loss 0.135 | Train Acc 95.933
Epoch:17/20  * Loss 0.121 | Train Acc 96.294
Epoch:18/20  * Loss 0.127 | Train Acc 96.114
Epoch:19/20  * Loss 0.128 | Train Acc 96.214
Epoch:20/20  * Loss 0.138 | Train Acc 95.633
----------
Selecting Experts...
----------
Averaged stats: Lr: 0.000010  Loss: 0.0121  Acc@1: 100.0000 (99.7266)  Acc@5: 100.0000 (100.0000)
Averaged stats: Lr: 0.000010  Loss: 0.0088  Acc@1: 100.0000 (99.7754)  Acc@5: 100.0000 (100.0000)
Averaged stats: Lr: 0.000010  Loss: 0.0175  Acc@1: 100.0000 (99.7852)  Acc@5: 100.0000 (100.0000)
Averaged stats: Lr: 0.000010  Loss: 0.0143  Acc@1: 100.0000 (99.8438)  Acc@5: 100.0000 (100.0000)
Averaged stats: Lr: 0.000010  Loss: 0.0062  Acc@1: 100.0000 (99.7754)  Acc@5: 100.0000 (100.0000)
Averaged stats: Lr: 0.000010  Loss: 0.0112  Acc@1: 100.0000 (99.8438)  Acc@5: 100.0000 (100.0000)
Averaged stats: Lr: 0.000010  Loss: 0.0107  Acc@1: 100.0000 (99.8535)  Acc@5: 100.0000 (100.0000)
Averaged stats: Lr: 0.000009  Loss: 0.0064  Acc@1: 100.0000 (99.8145)  Acc@5: 100.0000 (100.0000)
Averaged stats: Lr: 0.000009  Loss: 0.0162  Acc@1: 100.0000 (99.8145)  Acc@5: 100.0000 (100.0000)
Averaged stats: Lr: 0.000009  Loss: 0.0073  Acc@1: 100.0000 (99.8633)  Acc@5: 100.0000 (100.0000)
Averaged stats: Lr: 0.000009  Loss: 0.0075  Acc@1: 100.0000 (99.8535)  Acc@5: 100.0000 (100.0000)
Averaged stats: Lr: 0.000009  Loss: 0.0083  Acc@1: 100.0000 (99.8047)  Acc@5: 100.0000 (100.0000)
Averaged stats: Lr: 0.000009  Loss: 0.0055  Acc@1: 100.0000 (99.7754)  Acc@5: 100.0000 (100.0000)
Averaged stats: Lr: 0.000008  Loss: 0.0193  Acc@1: 100.0000 (99.8438)  Acc@5: 100.0000 (100.0000)
Averaged stats: Lr: 0.000008  Loss: 0.0049  Acc@1: 100.0000 (99.8730)  Acc@5: 100.0000 (100.0000)
Averaged stats: Lr: 0.000008  Loss: 0.0055  Acc@1: 100.0000 (99.8242)  Acc@5: 100.0000 (100.0000)
Averaged stats: Lr: 0.000008  Loss: 0.0118  Acc@1: 100.0000 (99.8633)  Acc@5: 100.0000 (100.0000)
Averaged stats: Lr: 0.000007  Loss: 0.0081  Acc@1: 100.0000 (99.8438)  Acc@5: 100.0000 (100.0000)
Averaged stats: Lr: 0.000007  Loss: 0.0057  Acc@1: 100.0000 (99.8242)  Acc@5: 100.0000 (100.0000)
Averaged stats: Lr: 0.000007  Loss: 0.0150  Acc@1: 100.0000 (99.8438)  Acc@5: 100.0000 (100.0000)
Averaged stats: Lr: 0.000007  Loss: 0.0039  Acc@1: 100.0000 (99.8535)  Acc@5: 100.0000 (100.0000)
Averaged stats: Lr: 0.000006  Loss: 0.0069  Acc@1: 100.0000 (99.8730)  Acc@5: 100.0000 (100.0000)
Averaged stats: Lr: 0.000006  Loss: 0.0140  Acc@1: 100.0000 (99.8438)  Acc@5: 100.0000 (100.0000)
Averaged stats: Lr: 0.000006  Loss: 0.0060  Acc@1: 100.0000 (99.8047)  Acc@5: 100.0000 (100.0000)
Averaged stats: Lr: 0.000006  Loss: 0.0060  Acc@1: 100.0000 (99.8730)  Acc@5: 100.0000 (100.0000)
Averaged stats: Lr: 0.000005  Loss: 0.0055  Acc@1: 100.0000 (99.8828)  Acc@5: 100.0000 (100.0000)
Averaged stats: Lr: 0.000005  Loss: 0.0136  Acc@1: 100.0000 (99.8242)  Acc@5: 100.0000 (100.0000)
Averaged stats: Lr: 0.000005  Loss: 0.0051  Acc@1: 100.0000 (99.8828)  Acc@5: 100.0000 (100.0000)
Averaged stats: Lr: 0.000004  Loss: 0.0100  Acc@1: 100.0000 (99.8242)  Acc@5: 100.0000 (100.0000)
Averaged stats: Lr: 0.000004  Loss: 0.0067  Acc@1: 100.0000 (99.8242)  Acc@5: 100.0000 (100.0000)
Averaged stats: Lr: 0.000004  Loss: 0.0087  Acc@1: 100.0000 (99.9316)  Acc@5: 100.0000 (100.0000)
Averaged stats: Lr: 0.000004  Loss: 0.0051  Acc@1: 100.0000 (99.8633)  Acc@5: 100.0000 (100.0000)
Averaged stats: Lr: 0.000003  Loss: 0.0079  Acc@1: 100.0000 (99.8145)  Acc@5: 100.0000 (100.0000)
Averaged stats: Lr: 0.000003  Loss: 0.0077  Acc@1: 100.0000 (99.8242)  Acc@5: 100.0000 (100.0000)
Averaged stats: Lr: 0.000003  Loss: 0.0089  Acc@1: 100.0000 (99.8926)  Acc@5: 100.0000 (100.0000)
Averaged stats: Lr: 0.000003  Loss: 0.0186  Acc@1: 100.0000 (99.8145)  Acc@5: 100.0000 (100.0000)
Averaged stats: Lr: 0.000002  Loss: 0.0051  Acc@1: 100.0000 (99.8145)  Acc@5: 100.0000 (100.0000)
Averaged stats: Lr: 0.000002  Loss: 0.0114  Acc@1: 100.0000 (99.9512)  Acc@5: 100.0000 (100.0000)
Averaged stats: Lr: 0.000002  Loss: 0.0094  Acc@1: 100.0000 (99.8926)  Acc@5: 100.0000 (100.0000)
Averaged stats: Lr: 0.000002  Loss: 0.0075  Acc@1: 100.0000 (99.8926)  Acc@5: 100.0000 (100.0000)
Averaged stats: Lr: 0.000002  Loss: 0.0074  Acc@1: 100.0000 (99.9121)  Acc@5: 100.0000 (100.0000)
Averaged stats: Lr: 0.000002  Loss: 0.0098  Acc@1: 100.0000 (99.8340)  Acc@5: 100.0000 (100.0000)
Averaged stats: Lr: 0.000001  Loss: 0.0028  Acc@1: 100.0000 (99.7949)  Acc@5: 100.0000 (100.0000)
Averaged stats: Lr: 0.000001  Loss: 0.0184  Acc@1: 100.0000 (99.8145)  Acc@5: 100.0000 (100.0000)
Averaged stats: Lr: 0.000001  Loss: 0.0089  Acc@1: 100.0000 (99.8926)  Acc@5: 100.0000 (100.0000)
Averaged stats: Lr: 0.000001  Loss: 0.0015  Acc@1: 100.0000 (99.8340)  Acc@5: 100.0000 (100.0000)
Averaged stats: Lr: 0.000001  Loss: 0.0114  Acc@1: 100.0000 (99.8047)  Acc@5: 100.0000 (100.0000)
Averaged stats: Lr: 0.000001  Loss: 0.0144  Acc@1: 100.0000 (99.7754)  Acc@5: 100.0000 (100.0000)
Averaged stats: Lr: 0.000001  Loss: 0.0045  Acc@1: 100.0000 (99.8340)  Acc@5: 100.0000 (100.0000)
Averaged stats: Lr: 0.000001  Loss: 0.0121  Acc@1: 100.0000 (99.8633)  Acc@5: 100.0000 (100.0000)
=> Saving class model to: outputs/cifar-100/10-task/one-prompt/models/repeat-4/task-9/
=> Save Done
validation split name (local False): 1
 * Val Acc 83.500, Total time 3.18
validation split name (local False): 2
 * Val Acc 91.300, Total time 3.11
validation split name (local False): 3
 * Val Acc 89.000, Total time 3.12
validation split name (local False): 4
 * Val Acc 89.300, Total time 3.14
validation split name (local False): 5
 * Val Acc 88.000, Total time 3.21
validation split name (local False): 6
 * Val Acc 89.300, Total time 3.16
validation split name (local False): 7
 * Val Acc 91.800, Total time 3.18
validation split name (local False): 8
 * Val Acc 93.900, Total time 3.14
validation split name (local False): 9
 * Val Acc 92.300, Total time 3.17
Averaged accuracy for task 9: 89.82222222222222
====================== 10 =======================
Incremental class: Old valid output dimension: 90
Incremental class: New Valid output dimension: 100
Saving old prompts
Optimizer is reset!
Total params: 86105956
Tune params: 307300
Tune ratio: 0.36
Prompt params: 230400
Prompt ratio: 0.27
Epoch:1/20  * Loss 1.420 | Train Acc 64.704
Epoch:2/20  * Loss 1.389 | Train Acc 66.106
Epoch:3/20  * Loss 0.391 | Train Acc 89.744
Epoch:4/20  * Loss 0.223 | Train Acc 93.630
Epoch:5/20  * Loss 0.180 | Train Acc 94.712
Epoch:6/20  * Loss 0.163 | Train Acc 95.012
Epoch:7/20  * Loss 0.178 | Train Acc 94.992
Epoch:8/20  * Loss 0.153 | Train Acc 95.272
Epoch:9/20  * Loss 0.155 | Train Acc 95.573
Epoch:10/20  * Loss 0.168 | Train Acc 95.012
Epoch:11/20  * Loss 0.150 | Train Acc 95.172
Epoch:12/20  * Loss 0.144 | Train Acc 95.593
Epoch:13/20  * Loss 0.133 | Train Acc 96.174
Epoch:14/20  * Loss 0.137 | Train Acc 95.713
Epoch:15/20  * Loss 0.140 | Train Acc 95.433
Epoch:16/20  * Loss 0.130 | Train Acc 96.154
Epoch:17/20  * Loss 0.136 | Train Acc 95.793
Epoch:18/20  * Loss 0.145 | Train Acc 95.312
Epoch:19/20  * Loss 0.138 | Train Acc 95.753
Epoch:20/20  * Loss 0.137 | Train Acc 95.833
----------
Selecting Experts...
----------
Averaged stats: Lr: 0.000010  Loss: 0.0111  Acc@1: 99.2188 (99.1406)  Acc@5: 100.0000 (100.0000)
Averaged stats: Lr: 0.000010  Loss: 0.0267  Acc@1: 100.0000 (99.4184)  Acc@5: 100.0000 (100.0000)
Averaged stats: Lr: 0.000010  Loss: 0.0181  Acc@1: 99.2188 (99.4792)  Acc@5: 100.0000 (100.0000)
Averaged stats: Lr: 0.000010  Loss: 0.0228  Acc@1: 99.2188 (99.6094)  Acc@5: 100.0000 (100.0000)
Averaged stats: Lr: 0.000010  Loss: 0.0162  Acc@1: 100.0000 (99.6962)  Acc@5: 100.0000 (100.0000)
Averaged stats: Lr: 0.000010  Loss: 0.0072  Acc@1: 100.0000 (99.7049)  Acc@5: 100.0000 (100.0000)
Averaged stats: Lr: 0.000010  Loss: 0.0194  Acc@1: 100.0000 (99.7396)  Acc@5: 100.0000 (100.0000)
Averaged stats: Lr: 0.000009  Loss: 0.0114  Acc@1: 100.0000 (99.8264)  Acc@5: 100.0000 (100.0000)
Averaged stats: Lr: 0.000009  Loss: 0.0075  Acc@1: 100.0000 (99.7396)  Acc@5: 100.0000 (100.0000)
Averaged stats: Lr: 0.000009  Loss: 0.0195  Acc@1: 100.0000 (99.8438)  Acc@5: 100.0000 (100.0000)
Averaged stats: Lr: 0.000009  Loss: 0.0036  Acc@1: 100.0000 (99.8351)  Acc@5: 100.0000 (100.0000)
Averaged stats: Lr: 0.000009  Loss: 0.0113  Acc@1: 100.0000 (99.8264)  Acc@5: 100.0000 (100.0000)
Averaged stats: Lr: 0.000009  Loss: 0.0162  Acc@1: 100.0000 (99.8264)  Acc@5: 100.0000 (100.0000)
Averaged stats: Lr: 0.000008  Loss: 0.0060  Acc@1: 100.0000 (99.8177)  Acc@5: 100.0000 (100.0000)
Averaged stats: Lr: 0.000008  Loss: 0.0050  Acc@1: 100.0000 (99.8698)  Acc@5: 100.0000 (100.0000)
Averaged stats: Lr: 0.000008  Loss: 0.0075  Acc@1: 100.0000 (99.8177)  Acc@5: 100.0000 (100.0000)
Averaged stats: Lr: 0.000008  Loss: 0.0050  Acc@1: 100.0000 (99.8524)  Acc@5: 100.0000 (100.0000)
Averaged stats: Lr: 0.000007  Loss: 0.0117  Acc@1: 100.0000 (99.9219)  Acc@5: 100.0000 (100.0000)
Averaged stats: Lr: 0.000007  Loss: 0.0070  Acc@1: 100.0000 (99.9132)  Acc@5: 100.0000 (100.0000)
Averaged stats: Lr: 0.000007  Loss: 0.0042  Acc@1: 100.0000 (99.8698)  Acc@5: 100.0000 (100.0000)
Averaged stats: Lr: 0.000007  Loss: 0.0143  Acc@1: 100.0000 (99.8785)  Acc@5: 100.0000 (100.0000)
Averaged stats: Lr: 0.000006  Loss: 0.0084  Acc@1: 100.0000 (99.8611)  Acc@5: 100.0000 (100.0000)
Averaged stats: Lr: 0.000006  Loss: 0.0040  Acc@1: 100.0000 (99.8785)  Acc@5: 100.0000 (100.0000)
Averaged stats: Lr: 0.000006  Loss: 0.0076  Acc@1: 100.0000 (99.8698)  Acc@5: 100.0000 (100.0000)
Averaged stats: Lr: 0.000006  Loss: 0.0107  Acc@1: 100.0000 (99.8611)  Acc@5: 100.0000 (100.0000)
Averaged stats: Lr: 0.000005  Loss: 0.0192  Acc@1: 100.0000 (99.8351)  Acc@5: 100.0000 (100.0000)
Averaged stats: Lr: 0.000005  Loss: 0.0081  Acc@1: 100.0000 (99.8611)  Acc@5: 100.0000 (100.0000)
Averaged stats: Lr: 0.000005  Loss: 0.0172  Acc@1: 100.0000 (99.8524)  Acc@5: 100.0000 (100.0000)
Averaged stats: Lr: 0.000004  Loss: 0.0047  Acc@1: 100.0000 (99.9132)  Acc@5: 100.0000 (100.0000)
Averaged stats: Lr: 0.000004  Loss: 0.0064  Acc@1: 100.0000 (99.8524)  Acc@5: 100.0000 (100.0000)
Averaged stats: Lr: 0.000004  Loss: 0.0030  Acc@1: 100.0000 (99.8958)  Acc@5: 100.0000 (100.0000)
Averaged stats: Lr: 0.000004  Loss: 0.0071  Acc@1: 100.0000 (99.9045)  Acc@5: 100.0000 (100.0000)
Averaged stats: Lr: 0.000003  Loss: 0.0101  Acc@1: 100.0000 (99.9132)  Acc@5: 100.0000 (100.0000)
Averaged stats: Lr: 0.000003  Loss: 0.0330  Acc@1: 100.0000 (99.8785)  Acc@5: 100.0000 (100.0000)
Averaged stats: Lr: 0.000003  Loss: 0.0121  Acc@1: 100.0000 (99.8958)  Acc@5: 100.0000 (100.0000)
Averaged stats: Lr: 0.000003  Loss: 0.0036  Acc@1: 100.0000 (99.8958)  Acc@5: 100.0000 (100.0000)
Averaged stats: Lr: 0.000002  Loss: 0.0052  Acc@1: 100.0000 (99.8524)  Acc@5: 100.0000 (100.0000)
Averaged stats: Lr: 0.000002  Loss: 0.0091  Acc@1: 100.0000 (99.8351)  Acc@5: 100.0000 (100.0000)
Averaged stats: Lr: 0.000002  Loss: 0.0054  Acc@1: 100.0000 (99.8611)  Acc@5: 100.0000 (100.0000)
Averaged stats: Lr: 0.000002  Loss: 0.0060  Acc@1: 100.0000 (99.8785)  Acc@5: 100.0000 (100.0000)
Averaged stats: Lr: 0.000002  Loss: 0.0048  Acc@1: 100.0000 (99.8698)  Acc@5: 100.0000 (100.0000)
Averaged stats: Lr: 0.000002  Loss: 0.0050  Acc@1: 100.0000 (99.9479)  Acc@5: 100.0000 (100.0000)
Averaged stats: Lr: 0.000001  Loss: 0.0059  Acc@1: 100.0000 (99.8351)  Acc@5: 100.0000 (100.0000)
Averaged stats: Lr: 0.000001  Loss: 0.0146  Acc@1: 100.0000 (99.9045)  Acc@5: 100.0000 (100.0000)
Averaged stats: Lr: 0.000001  Loss: 0.0088  Acc@1: 100.0000 (99.9045)  Acc@5: 100.0000 (100.0000)
Averaged stats: Lr: 0.000001  Loss: 0.0052  Acc@1: 100.0000 (99.8611)  Acc@5: 100.0000 (100.0000)
Averaged stats: Lr: 0.000001  Loss: 0.0118  Acc@1: 100.0000 (99.8872)  Acc@5: 100.0000 (100.0000)
Averaged stats: Lr: 0.000001  Loss: 0.0112  Acc@1: 100.0000 (99.8872)  Acc@5: 100.0000 (100.0000)
Averaged stats: Lr: 0.000001  Loss: 0.0078  Acc@1: 100.0000 (99.8872)  Acc@5: 100.0000 (100.0000)
Averaged stats: Lr: 0.000001  Loss: 0.0036  Acc@1: 100.0000 (99.8785)  Acc@5: 100.0000 (100.0000)
=> Saving class model to: outputs/cifar-100/10-task/one-prompt/models/repeat-4/task-10/
=> Save Done
validation split name (local False): 1
 * Val Acc 83.400, Total time 3.10
validation split name (local False): 2
 * Val Acc 87.000, Total time 3.11
validation split name (local False): 3
 * Val Acc 87.800, Total time 3.12
validation split name (local False): 4
 * Val Acc 89.100, Total time 3.10
validation split name (local False): 5
 * Val Acc 87.300, Total time 3.11
validation split name (local False): 6
 * Val Acc 88.600, Total time 3.14
validation split name (local False): 7
 * Val Acc 91.900, Total time 3.11
validation split name (local False): 8
 * Val Acc 92.500, Total time 3.19
validation split name (local False): 9
 * Val Acc 91.100, Total time 3.14
validation split name (local False): 10
 * Val Acc 88.200, Total time 3.17
Averaged accuracy for task 10: 88.69
Loading sup1k from pretrained/vit_base_patch16_224_augreg2_in21k_ft_in1k.bin ...
Total params: 86105956
Tune params: 307300
Tune ratio: 0.36
Prompt params: 230400
Prompt ratio: 0.27
Incremental class: Old valid output dimension: 0
Incremental class: New Valid output dimension: 10
=> Load Done from outputs/cifar-100/10-task/one-prompt/models/repeat-4/task-1/
validation split name (local False): 1
 * Val Acc 95.000, Total time 3.07
Averaged accuracy for task 1: 95.0
Saving old prompts
Incremental class: Old valid output dimension: 10
Incremental class: New Valid output dimension: 20
=> Load Done from outputs/cifar-100/10-task/one-prompt/models/repeat-4/task-2/
validation split name (local False): 1
 * Val Acc 94.200, Total time 3.12
validation split name (local False): 2
 * Val Acc 98.600, Total time 3.17
Averaged accuracy for task 2: 96.4
Saving old prompts
Incremental class: Old valid output dimension: 20
Incremental class: New Valid output dimension: 30
=> Load Done from outputs/cifar-100/10-task/one-prompt/models/repeat-4/task-3/
validation split name (local False): 1
 * Val Acc 93.200, Total time 3.15
validation split name (local False): 2
 * Val Acc 98.300, Total time 3.16
validation split name (local False): 3
 * Val Acc 94.700, Total time 3.17
Averaged accuracy for task 3: 95.39999999999999
Saving old prompts
Incremental class: Old valid output dimension: 30
Incremental class: New Valid output dimension: 40
=> Load Done from outputs/cifar-100/10-task/one-prompt/models/repeat-4/task-4/
validation split name (local False): 1
 * Val Acc 93.700, Total time 3.12
validation split name (local False): 2
 * Val Acc 97.300, Total time 3.14
validation split name (local False): 3
 * Val Acc 93.000, Total time 3.18
validation split name (local False): 4
 * Val Acc 92.100, Total time 3.10
Averaged accuracy for task 4: 94.025
Saving old prompts
Incremental class: Old valid output dimension: 40
Incremental class: New Valid output dimension: 50
=> Load Done from outputs/cifar-100/10-task/one-prompt/models/repeat-4/task-5/
validation split name (local False): 1
 * Val Acc 90.800, Total time 3.15
validation split name (local False): 2
 * Val Acc 95.200, Total time 3.16
validation split name (local False): 3
 * Val Acc 91.400, Total time 3.15
validation split name (local False): 4
 * Val Acc 91.900, Total time 3.12
validation split name (local False): 5
 * Val Acc 90.600, Total time 3.15
Averaged accuracy for task 5: 91.97999999999999
Saving old prompts
Incremental class: Old valid output dimension: 50
Incremental class: New Valid output dimension: 60
=> Load Done from outputs/cifar-100/10-task/one-prompt/models/repeat-4/task-6/
validation split name (local False): 1
 * Val Acc 87.200, Total time 3.16
validation split name (local False): 2
 * Val Acc 93.800, Total time 3.17
validation split name (local False): 3
 * Val Acc 92.100, Total time 3.14
validation split name (local False): 4
 * Val Acc 90.900, Total time 3.13
validation split name (local False): 5
 * Val Acc 90.300, Total time 3.13
validation split name (local False): 6
 * Val Acc 91.100, Total time 3.18
Averaged accuracy for task 6: 90.89999999999999
Saving old prompts
Incremental class: Old valid output dimension: 60
Incremental class: New Valid output dimension: 70
=> Load Done from outputs/cifar-100/10-task/one-prompt/models/repeat-4/task-7/
validation split name (local False): 1
 * Val Acc 85.100, Total time 3.15
validation split name (local False): 2
 * Val Acc 93.700, Total time 3.14
validation split name (local False): 3
 * Val Acc 89.800, Total time 3.18
validation split name (local False): 4
 * Val Acc 91.100, Total time 3.18
validation split name (local False): 5
 * Val Acc 89.400, Total time 3.11
validation split name (local False): 6
 * Val Acc 90.400, Total time 3.17
validation split name (local False): 7
 * Val Acc 93.000, Total time 3.16
Averaged accuracy for task 7: 90.35714285714286
Saving old prompts
Incremental class: Old valid output dimension: 70
Incremental class: New Valid output dimension: 80
=> Load Done from outputs/cifar-100/10-task/one-prompt/models/repeat-4/task-8/
validation split name (local False): 1
 * Val Acc 83.700, Total time 3.14
validation split name (local False): 2
 * Val Acc 91.400, Total time 3.13
validation split name (local False): 3
 * Val Acc 90.300, Total time 3.12
validation split name (local False): 4
 * Val Acc 91.300, Total time 3.11
validation split name (local False): 5
 * Val Acc 89.700, Total time 3.18
validation split name (local False): 6
 * Val Acc 89.300, Total time 3.18
validation split name (local False): 7
 * Val Acc 91.900, Total time 3.14
validation split name (local False): 8
 * Val Acc 94.200, Total time 3.13
Averaged accuracy for task 8: 90.22500000000001
Saving old prompts
Incremental class: Old valid output dimension: 80
Incremental class: New Valid output dimension: 90
=> Load Done from outputs/cifar-100/10-task/one-prompt/models/repeat-4/task-9/
validation split name (local False): 1
 * Val Acc 83.500, Total time 3.16
validation split name (local False): 2
 * Val Acc 91.300, Total time 3.12
validation split name (local False): 3
 * Val Acc 89.000, Total time 3.14
validation split name (local False): 4
 * Val Acc 89.300, Total time 3.19
validation split name (local False): 5
 * Val Acc 88.000, Total time 3.15
validation split name (local False): 6
 * Val Acc 89.300, Total time 3.18
validation split name (local False): 7
 * Val Acc 91.800, Total time 3.18
validation split name (local False): 8
 * Val Acc 93.900, Total time 3.14
validation split name (local False): 9
 * Val Acc 92.300, Total time 3.18
Averaged accuracy for task 9: 89.82222222222222
Saving old prompts
Incremental class: Old valid output dimension: 90
Incremental class: New Valid output dimension: 100
=> Load Done from outputs/cifar-100/10-task/one-prompt/models/repeat-4/task-10/
validation split name (local False): 1
 * Val Acc 83.400, Total time 3.19
validation split name (local False): 2
 * Val Acc 87.000, Total time 3.16
validation split name (local False): 3
 * Val Acc 87.800, Total time 3.17
validation split name (local False): 4
 * Val Acc 89.100, Total time 3.13
validation split name (local False): 5
 * Val Acc 87.300, Total time 3.18
validation split name (local False): 6
 * Val Acc 88.600, Total time 3.15
validation split name (local False): 7
 * Val Acc 91.900, Total time 3.14
validation split name (local False): 8
 * Val Acc 92.500, Total time 3.12
validation split name (local False): 9
 * Val Acc 91.100, Total time 3.22
validation split name (local False): 10
 * Val Acc 88.200, Total time 3.12
Averaged accuracy for task 10: 88.69
=== Total time: 2:41:38 ===
===Summary of experiment repeats: 4 / 5 ===
acc  | mean: 88.88 std: 0.1345362404707407
time  | mean: 1.1266534670805322 std: 0.06452598214097002
fr  | mean: 4.213888888888888 std: 0.35445794122683344
FAA | mean: 88.88 std: 0.1345362404707407
CAA | mean: 92.62920337301587 std: 0.8547551661895539
FR | mean: 4.213888888888888 std: 0.35445794122683344
************************************
* STARTING TRIAL 5
************************************
=============================================
Shuffling....
pre-shuffle:[0, 1, 2, 3, 4, 5, 6, 7, 8, 9, 10, 11, 12, 13, 14, 15, 16, 17, 18, 19, 20, 21, 22, 23, 24, 25, 26, 27, 28, 29, 30, 31, 32, 33, 34, 35, 36, 37, 38, 39, 40, 41, 42, 43, 44, 45, 46, 47, 48, 49, 50, 51, 52, 53, 54, 55, 56, 57, 58, 59, 60, 61, 62, 63, 64, 65, 66, 67, 68, 69, 70, 71, 72, 73, 74, 75, 76, 77, 78, 79, 80, 81, 82, 83, 84, 85, 86, 87, 88, 89, 90, 91, 92, 93, 94, 95, 96, 97, 98, 99]
post-shuffle:[73, 86, 82, 23, 1, 42, 57, 40, 76, 69, 25, 94, 9, 41, 88, 83, 74, 91, 67, 95, 79, 75, 6, 72, 4, 71, 63, 62, 20, 65, 89, 60, 29, 56, 59, 90, 16, 84, 14, 10, 85, 44, 58, 98, 77, 26, 12, 32, 48, 54, 45, 36, 18, 0, 93, 53, 81, 55, 52, 5, 17, 99, 15, 80, 31, 64, 49, 43, 96, 47, 87, 39, 21, 24, 34, 78, 3, 27, 33, 97, 22, 35, 46, 68, 66, 28, 7, 37, 70, 51, 2, 8, 11, 19, 61, 50, 92, 13, 38, 30]
=============================================
Files already downloaded and verified
Loading sup1k from pretrained/vit_base_patch16_224_augreg2_in21k_ft_in1k.bin ...
Total params: 86105956
Tune params: 307300
Tune ratio: 0.36
Prompt params: 230400
Prompt ratio: 0.27
Total parameters: 86105956
====================== 1 =======================
Incremental class: Old valid output dimension: 0
Incremental class: New Valid output dimension: 10
Optimizer is reset!
Total params: 86105956
Tune params: 307300
Tune ratio: 0.36
Prompt params: 230400
Prompt ratio: 0.27
----------
Initial training...
Optimizer is reset!
Total params: 86105956
Tune params: 307300
Tune ratio: 0.36
Prompt params: 230400
Prompt ratio: 0.27
Epoch:1/10  * Loss 1.824 | Train Acc 43.510
Epoch:2/10  * Loss 1.775 | Train Acc 46.815
Epoch:3/10  * Loss 0.666 | Train Acc 81.050
Epoch:4/10  * Loss 0.291 | Train Acc 91.887
Epoch:5/10  * Loss 0.232 | Train Acc 92.969
Epoch:6/10  * Loss 0.208 | Train Acc 93.850
Epoch:7/10  * Loss 0.181 | Train Acc 94.351
Epoch:8/10  * Loss 0.143 | Train Acc 95.092
Epoch:9/10  * Loss 0.153 | Train Acc 95.252
Epoch:10/10  * Loss 0.165 | Train Acc 94.692
Optimizer is reset!
Total params: 86105956
Tune params: 307300
Tune ratio: 0.36
Prompt params: 230400
Prompt ratio: 0.27
Epoch:1/20  * Loss 0.279 | Train Acc 92.428
Epoch:2/20  * Loss 0.311 | Train Acc 91.867
Epoch:3/20  * Loss 0.310 | Train Acc 91.827
Epoch:4/20  * Loss 0.233 | Train Acc 93.429
Epoch:5/20  * Loss 0.215 | Train Acc 93.930
Epoch:6/20  * Loss 0.176 | Train Acc 94.792
Epoch:7/20  * Loss 0.177 | Train Acc 94.792
Epoch:8/20  * Loss 0.165 | Train Acc 94.852
Epoch:9/20  * Loss 0.185 | Train Acc 94.531
Epoch:10/20  * Loss 0.162 | Train Acc 94.892
Epoch:11/20  * Loss 0.146 | Train Acc 95.733
Epoch:12/20  * Loss 0.140 | Train Acc 95.573
Epoch:13/20  * Loss 0.153 | Train Acc 95.393
Epoch:14/20  * Loss 0.128 | Train Acc 95.974
Epoch:15/20  * Loss 0.130 | Train Acc 96.174
Epoch:16/20  * Loss 0.128 | Train Acc 96.034
Epoch:17/20  * Loss 0.132 | Train Acc 95.893
Epoch:18/20  * Loss 0.119 | Train Acc 96.575
Epoch:19/20  * Loss 0.137 | Train Acc 95.693
Epoch:20/20  * Loss 0.126 | Train Acc 96.194
----------
Selecting Experts...
----------
=> Saving class model to: outputs/cifar-100/10-task/one-prompt/models/repeat-5/task-1/
=> Save Done
validation split name (local False): 1
 * Val Acc 98.500, Total time 3.15
Averaged accuracy for task 1: 98.5
====================== 2 =======================
Incremental class: Old valid output dimension: 10
Incremental class: New Valid output dimension: 20
Saving old prompts
Optimizer is reset!
Total params: 86105956
Tune params: 307300
Tune ratio: 0.36
Prompt params: 230400
Prompt ratio: 0.27
Epoch:1/20  * Loss 1.349 | Train Acc 72.496
Epoch:2/20  * Loss 1.317 | Train Acc 74.399
Epoch:3/20  * Loss 0.389 | Train Acc 90.845
Epoch:4/20  * Loss 0.237 | Train Acc 94.010
Epoch:5/20  * Loss 0.188 | Train Acc 94.912
Epoch:6/20  * Loss 0.159 | Train Acc 95.333
Epoch:7/20  * Loss 0.167 | Train Acc 95.192
Epoch:8/20  * Loss 0.158 | Train Acc 95.152
Epoch:9/20  * Loss 0.152 | Train Acc 95.533
Epoch:10/20  * Loss 0.153 | Train Acc 95.493
Epoch:11/20  * Loss 0.140 | Train Acc 95.913
Epoch:12/20  * Loss 0.128 | Train Acc 96.074
Epoch:13/20  * Loss 0.152 | Train Acc 95.413
Epoch:14/20  * Loss 0.145 | Train Acc 95.413
Epoch:15/20  * Loss 0.130 | Train Acc 96.254
Epoch:16/20  * Loss 0.131 | Train Acc 96.134
Epoch:17/20  * Loss 0.126 | Train Acc 96.154
Epoch:18/20  * Loss 0.127 | Train Acc 96.134
Epoch:19/20  * Loss 0.119 | Train Acc 96.595
Epoch:20/20  * Loss 0.117 | Train Acc 96.695
----------
Selecting Experts...
----------
Averaged stats: Lr: 0.000010  Loss: 0.0074  Acc@1: 100.0000 (100.0000)  Acc@5: 100.0000 (100.0000)
Averaged stats: Lr: 0.000010  Loss: 0.0043  Acc@1: 100.0000 (100.0000)  Acc@5: 100.0000 (100.0000)
Averaged stats: Lr: 0.000010  Loss: 0.0052  Acc@1: 100.0000 (100.0000)  Acc@5: 100.0000 (100.0000)
Averaged stats: Lr: 0.000010  Loss: 0.0046  Acc@1: 100.0000 (100.0000)  Acc@5: 100.0000 (100.0000)
Averaged stats: Lr: 0.000010  Loss: 0.0071  Acc@1: 100.0000 (100.0000)  Acc@5: 100.0000 (100.0000)
Averaged stats: Lr: 0.000010  Loss: 0.0064  Acc@1: 100.0000 (99.9219)  Acc@5: 100.0000 (100.0000)
Averaged stats: Lr: 0.000010  Loss: 0.0060  Acc@1: 100.0000 (100.0000)  Acc@5: 100.0000 (100.0000)
Averaged stats: Lr: 0.000009  Loss: 0.0032  Acc@1: 100.0000 (100.0000)  Acc@5: 100.0000 (100.0000)
Averaged stats: Lr: 0.000009  Loss: 0.0114  Acc@1: 100.0000 (100.0000)  Acc@5: 100.0000 (100.0000)
Averaged stats: Lr: 0.000009  Loss: 0.0033  Acc@1: 100.0000 (100.0000)  Acc@5: 100.0000 (100.0000)
Averaged stats: Lr: 0.000009  Loss: 0.0048  Acc@1: 100.0000 (100.0000)  Acc@5: 100.0000 (100.0000)
Averaged stats: Lr: 0.000009  Loss: 0.0074  Acc@1: 100.0000 (100.0000)  Acc@5: 100.0000 (100.0000)
Averaged stats: Lr: 0.000009  Loss: 0.0081  Acc@1: 100.0000 (100.0000)  Acc@5: 100.0000 (100.0000)
Averaged stats: Lr: 0.000008  Loss: 0.0043  Acc@1: 100.0000 (100.0000)  Acc@5: 100.0000 (100.0000)
Averaged stats: Lr: 0.000008  Loss: 0.0061  Acc@1: 100.0000 (100.0000)  Acc@5: 100.0000 (100.0000)
Averaged stats: Lr: 0.000008  Loss: 0.0038  Acc@1: 100.0000 (100.0000)  Acc@5: 100.0000 (100.0000)
Averaged stats: Lr: 0.000008  Loss: 0.0044  Acc@1: 100.0000 (100.0000)  Acc@5: 100.0000 (100.0000)
Averaged stats: Lr: 0.000007  Loss: 0.0053  Acc@1: 100.0000 (100.0000)  Acc@5: 100.0000 (100.0000)
Averaged stats: Lr: 0.000007  Loss: 0.0044  Acc@1: 100.0000 (100.0000)  Acc@5: 100.0000 (100.0000)
Averaged stats: Lr: 0.000007  Loss: 0.0037  Acc@1: 100.0000 (100.0000)  Acc@5: 100.0000 (100.0000)
Averaged stats: Lr: 0.000007  Loss: 0.0032  Acc@1: 100.0000 (100.0000)  Acc@5: 100.0000 (100.0000)
Averaged stats: Lr: 0.000006  Loss: 0.0050  Acc@1: 100.0000 (100.0000)  Acc@5: 100.0000 (100.0000)
Averaged stats: Lr: 0.000006  Loss: 0.0062  Acc@1: 100.0000 (100.0000)  Acc@5: 100.0000 (100.0000)
Averaged stats: Lr: 0.000006  Loss: 0.0030  Acc@1: 100.0000 (100.0000)  Acc@5: 100.0000 (100.0000)
Averaged stats: Lr: 0.000006  Loss: 0.0064  Acc@1: 100.0000 (100.0000)  Acc@5: 100.0000 (100.0000)
Averaged stats: Lr: 0.000005  Loss: 0.0058  Acc@1: 100.0000 (100.0000)  Acc@5: 100.0000 (100.0000)
Averaged stats: Lr: 0.000005  Loss: 0.0044  Acc@1: 100.0000 (100.0000)  Acc@5: 100.0000 (100.0000)
Averaged stats: Lr: 0.000005  Loss: 0.0044  Acc@1: 100.0000 (100.0000)  Acc@5: 100.0000 (100.0000)
Averaged stats: Lr: 0.000004  Loss: 0.0052  Acc@1: 100.0000 (100.0000)  Acc@5: 100.0000 (100.0000)
Averaged stats: Lr: 0.000004  Loss: 0.0044  Acc@1: 100.0000 (100.0000)  Acc@5: 100.0000 (100.0000)
Averaged stats: Lr: 0.000004  Loss: 0.0032  Acc@1: 100.0000 (100.0000)  Acc@5: 100.0000 (100.0000)
Averaged stats: Lr: 0.000004  Loss: 0.0025  Acc@1: 100.0000 (100.0000)  Acc@5: 100.0000 (100.0000)
Averaged stats: Lr: 0.000003  Loss: 0.0026  Acc@1: 100.0000 (100.0000)  Acc@5: 100.0000 (100.0000)
Averaged stats: Lr: 0.000003  Loss: 0.0034  Acc@1: 100.0000 (100.0000)  Acc@5: 100.0000 (100.0000)
Averaged stats: Lr: 0.000003  Loss: 0.0032  Acc@1: 100.0000 (100.0000)  Acc@5: 100.0000 (100.0000)
Averaged stats: Lr: 0.000003  Loss: 0.0047  Acc@1: 100.0000 (100.0000)  Acc@5: 100.0000 (100.0000)
Averaged stats: Lr: 0.000002  Loss: 0.0039  Acc@1: 100.0000 (100.0000)  Acc@5: 100.0000 (100.0000)
Averaged stats: Lr: 0.000002  Loss: 0.0054  Acc@1: 100.0000 (100.0000)  Acc@5: 100.0000 (100.0000)
Averaged stats: Lr: 0.000002  Loss: 0.0042  Acc@1: 100.0000 (100.0000)  Acc@5: 100.0000 (100.0000)
Averaged stats: Lr: 0.000002  Loss: 0.0036  Acc@1: 100.0000 (100.0000)  Acc@5: 100.0000 (100.0000)
Averaged stats: Lr: 0.000002  Loss: 0.0024  Acc@1: 100.0000 (100.0000)  Acc@5: 100.0000 (100.0000)
Averaged stats: Lr: 0.000002  Loss: 0.0026  Acc@1: 100.0000 (100.0000)  Acc@5: 100.0000 (100.0000)
Averaged stats: Lr: 0.000001  Loss: 0.0029  Acc@1: 100.0000 (100.0000)  Acc@5: 100.0000 (100.0000)
Averaged stats: Lr: 0.000001  Loss: 0.0058  Acc@1: 100.0000 (100.0000)  Acc@5: 100.0000 (100.0000)
Averaged stats: Lr: 0.000001  Loss: 0.0061  Acc@1: 100.0000 (100.0000)  Acc@5: 100.0000 (100.0000)
Averaged stats: Lr: 0.000001  Loss: 0.0030  Acc@1: 100.0000 (100.0000)  Acc@5: 100.0000 (100.0000)
Averaged stats: Lr: 0.000001  Loss: 0.0056  Acc@1: 100.0000 (99.9219)  Acc@5: 100.0000 (100.0000)
Averaged stats: Lr: 0.000001  Loss: 0.0038  Acc@1: 100.0000 (100.0000)  Acc@5: 100.0000 (100.0000)
Averaged stats: Lr: 0.000001  Loss: 0.0024  Acc@1: 100.0000 (100.0000)  Acc@5: 100.0000 (100.0000)
Averaged stats: Lr: 0.000001  Loss: 0.0026  Acc@1: 100.0000 (100.0000)  Acc@5: 100.0000 (100.0000)
=> Saving class model to: outputs/cifar-100/10-task/one-prompt/models/repeat-5/task-2/
=> Save Done
validation split name (local False): 1
 * Val Acc 97.600, Total time 3.16
validation split name (local False): 2
 * Val Acc 95.100, Total time 3.16
Averaged accuracy for task 2: 96.35
====================== 3 =======================
Incremental class: Old valid output dimension: 20
Incremental class: New Valid output dimension: 30
Saving old prompts
Optimizer is reset!
Total params: 86105956
Tune params: 307300
Tune ratio: 0.36
Prompt params: 230400
Prompt ratio: 0.27
Epoch:1/20  * Loss 1.449 | Train Acc 63.462
Epoch:2/20  * Loss 1.418 | Train Acc 64.844
Epoch:3/20  * Loss 0.499 | Train Acc 86.338
Epoch:4/20  * Loss 0.304 | Train Acc 91.306
Epoch:5/20  * Loss 0.253 | Train Acc 92.208
Epoch:6/20  * Loss 0.229 | Train Acc 93.129
Epoch:7/20  * Loss 0.232 | Train Acc 92.688
Epoch:8/20  * Loss 0.228 | Train Acc 92.788
Epoch:9/20  * Loss 0.224 | Train Acc 92.688
Epoch:10/20  * Loss 0.220 | Train Acc 92.768
Epoch:11/20  * Loss 0.200 | Train Acc 93.770
Epoch:12/20  * Loss 0.192 | Train Acc 94.030
Epoch:13/20  * Loss 0.200 | Train Acc 93.490
Epoch:14/20  * Loss 0.190 | Train Acc 93.810
Epoch:15/20  * Loss 0.182 | Train Acc 94.291
Epoch:16/20  * Loss 0.184 | Train Acc 94.231
Epoch:17/20  * Loss 0.212 | Train Acc 93.610
Epoch:18/20  * Loss 0.170 | Train Acc 94.752
Epoch:19/20  * Loss 0.166 | Train Acc 94.451
Epoch:20/20  * Loss 0.170 | Train Acc 94.892
----------
Selecting Experts...
----------
Averaged stats: Lr: 0.000010  Loss: 0.0201  Acc@1: 100.0000 (99.9219)  Acc@5: 100.0000 (100.0000)
Averaged stats: Lr: 0.000010  Loss: 0.0124  Acc@1: 100.0000 (99.9219)  Acc@5: 100.0000 (100.0000)
Averaged stats: Lr: 0.000010  Loss: 0.0201  Acc@1: 100.0000 (99.9219)  Acc@5: 100.0000 (100.0000)
Averaged stats: Lr: 0.000010  Loss: 0.0221  Acc@1: 100.0000 (99.9219)  Acc@5: 100.0000 (100.0000)
Averaged stats: Lr: 0.000010  Loss: 0.0174  Acc@1: 100.0000 (99.9219)  Acc@5: 100.0000 (100.0000)
Averaged stats: Lr: 0.000010  Loss: 0.0054  Acc@1: 100.0000 (100.0000)  Acc@5: 100.0000 (100.0000)
Averaged stats: Lr: 0.000010  Loss: 0.0126  Acc@1: 100.0000 (99.9609)  Acc@5: 100.0000 (100.0000)
Averaged stats: Lr: 0.000009  Loss: 0.0124  Acc@1: 100.0000 (99.9219)  Acc@5: 100.0000 (100.0000)
Averaged stats: Lr: 0.000009  Loss: 0.0134  Acc@1: 100.0000 (99.9609)  Acc@5: 100.0000 (100.0000)
Averaged stats: Lr: 0.000009  Loss: 0.0128  Acc@1: 100.0000 (99.9609)  Acc@5: 100.0000 (100.0000)
Averaged stats: Lr: 0.000009  Loss: 0.0129  Acc@1: 100.0000 (99.8438)  Acc@5: 100.0000 (100.0000)
Averaged stats: Lr: 0.000009  Loss: 0.0102  Acc@1: 100.0000 (99.9609)  Acc@5: 100.0000 (100.0000)
Averaged stats: Lr: 0.000009  Loss: 0.0087  Acc@1: 100.0000 (99.9219)  Acc@5: 100.0000 (100.0000)
Averaged stats: Lr: 0.000008  Loss: 0.0129  Acc@1: 100.0000 (100.0000)  Acc@5: 100.0000 (100.0000)
Averaged stats: Lr: 0.000008  Loss: 0.0210  Acc@1: 100.0000 (99.9219)  Acc@5: 100.0000 (100.0000)
Averaged stats: Lr: 0.000008  Loss: 0.0085  Acc@1: 100.0000 (99.9609)  Acc@5: 100.0000 (100.0000)
Averaged stats: Lr: 0.000008  Loss: 0.0099  Acc@1: 100.0000 (100.0000)  Acc@5: 100.0000 (100.0000)
Averaged stats: Lr: 0.000007  Loss: 0.0078  Acc@1: 100.0000 (100.0000)  Acc@5: 100.0000 (100.0000)
Averaged stats: Lr: 0.000007  Loss: 0.0068  Acc@1: 100.0000 (100.0000)  Acc@5: 100.0000 (100.0000)
Averaged stats: Lr: 0.000007  Loss: 0.0092  Acc@1: 100.0000 (100.0000)  Acc@5: 100.0000 (100.0000)
Averaged stats: Lr: 0.000007  Loss: 0.0077  Acc@1: 100.0000 (99.9609)  Acc@5: 100.0000 (100.0000)
Averaged stats: Lr: 0.000006  Loss: 0.0071  Acc@1: 100.0000 (99.9609)  Acc@5: 100.0000 (100.0000)
Averaged stats: Lr: 0.000006  Loss: 0.0086  Acc@1: 100.0000 (99.9219)  Acc@5: 100.0000 (100.0000)
Averaged stats: Lr: 0.000006  Loss: 0.0081  Acc@1: 100.0000 (99.9609)  Acc@5: 100.0000 (100.0000)
Averaged stats: Lr: 0.000006  Loss: 0.0128  Acc@1: 100.0000 (100.0000)  Acc@5: 100.0000 (100.0000)
Averaged stats: Lr: 0.000005  Loss: 0.0076  Acc@1: 100.0000 (99.9609)  Acc@5: 100.0000 (100.0000)
Averaged stats: Lr: 0.000005  Loss: 0.0078  Acc@1: 100.0000 (99.9609)  Acc@5: 100.0000 (100.0000)
Averaged stats: Lr: 0.000005  Loss: 0.0072  Acc@1: 100.0000 (100.0000)  Acc@5: 100.0000 (100.0000)
Averaged stats: Lr: 0.000004  Loss: 0.0094  Acc@1: 100.0000 (100.0000)  Acc@5: 100.0000 (100.0000)
Averaged stats: Lr: 0.000004  Loss: 0.0053  Acc@1: 100.0000 (99.9609)  Acc@5: 100.0000 (100.0000)
Averaged stats: Lr: 0.000004  Loss: 0.0079  Acc@1: 100.0000 (100.0000)  Acc@5: 100.0000 (100.0000)
Averaged stats: Lr: 0.000004  Loss: 0.0114  Acc@1: 100.0000 (100.0000)  Acc@5: 100.0000 (100.0000)
Averaged stats: Lr: 0.000003  Loss: 0.0069  Acc@1: 100.0000 (100.0000)  Acc@5: 100.0000 (100.0000)
Averaged stats: Lr: 0.000003  Loss: 0.0105  Acc@1: 100.0000 (100.0000)  Acc@5: 100.0000 (100.0000)
Averaged stats: Lr: 0.000003  Loss: 0.0140  Acc@1: 100.0000 (100.0000)  Acc@5: 100.0000 (100.0000)
Averaged stats: Lr: 0.000003  Loss: 0.0062  Acc@1: 100.0000 (99.9609)  Acc@5: 100.0000 (100.0000)
Averaged stats: Lr: 0.000002  Loss: 0.0118  Acc@1: 100.0000 (100.0000)  Acc@5: 100.0000 (100.0000)
Averaged stats: Lr: 0.000002  Loss: 0.0136  Acc@1: 100.0000 (100.0000)  Acc@5: 100.0000 (100.0000)
Averaged stats: Lr: 0.000002  Loss: 0.0059  Acc@1: 100.0000 (100.0000)  Acc@5: 100.0000 (100.0000)
Averaged stats: Lr: 0.000002  Loss: 0.0110  Acc@1: 100.0000 (99.9609)  Acc@5: 100.0000 (100.0000)
Averaged stats: Lr: 0.000002  Loss: 0.0070  Acc@1: 100.0000 (99.9609)  Acc@5: 100.0000 (100.0000)
Averaged stats: Lr: 0.000002  Loss: 0.0091  Acc@1: 100.0000 (100.0000)  Acc@5: 100.0000 (100.0000)
Averaged stats: Lr: 0.000001  Loss: 0.0071  Acc@1: 100.0000 (100.0000)  Acc@5: 100.0000 (100.0000)
Averaged stats: Lr: 0.000001  Loss: 0.0074  Acc@1: 100.0000 (99.9609)  Acc@5: 100.0000 (100.0000)
Averaged stats: Lr: 0.000001  Loss: 0.0106  Acc@1: 100.0000 (100.0000)  Acc@5: 100.0000 (100.0000)
Averaged stats: Lr: 0.000001  Loss: 0.0064  Acc@1: 100.0000 (100.0000)  Acc@5: 100.0000 (100.0000)
Averaged stats: Lr: 0.000001  Loss: 0.0119  Acc@1: 100.0000 (99.9219)  Acc@5: 100.0000 (100.0000)
Averaged stats: Lr: 0.000001  Loss: 0.0082  Acc@1: 100.0000 (100.0000)  Acc@5: 100.0000 (100.0000)
Averaged stats: Lr: 0.000001  Loss: 0.0061  Acc@1: 100.0000 (100.0000)  Acc@5: 100.0000 (100.0000)
Averaged stats: Lr: 0.000001  Loss: 0.0081  Acc@1: 100.0000 (100.0000)  Acc@5: 100.0000 (100.0000)
=> Saving class model to: outputs/cifar-100/10-task/one-prompt/models/repeat-5/task-3/
=> Save Done
validation split name (local False): 1
 * Val Acc 95.100, Total time 3.10
validation split name (local False): 2
 * Val Acc 94.400, Total time 3.16
validation split name (local False): 3
 * Val Acc 94.900, Total time 3.21
Averaged accuracy for task 3: 94.8
====================== 4 =======================
Incremental class: Old valid output dimension: 30
Incremental class: New Valid output dimension: 40
Saving old prompts
Optimizer is reset!
Total params: 86105956
Tune params: 307300
Tune ratio: 0.36
Prompt params: 230400
Prompt ratio: 0.27
Epoch:1/20  * Loss 1.681 | Train Acc 48.317
Epoch:2/20  * Loss 1.648 | Train Acc 50.321
Epoch:3/20  * Loss 0.528 | Train Acc 85.717
Epoch:4/20  * Loss 0.266 | Train Acc 92.889
Epoch:5/20  * Loss 0.236 | Train Acc 92.909
Epoch:6/20  * Loss 0.226 | Train Acc 93.409
Epoch:7/20  * Loss 0.224 | Train Acc 92.869
Epoch:8/20  * Loss 0.204 | Train Acc 94.010
Epoch:9/20  * Loss 0.197 | Train Acc 93.990
Epoch:10/20  * Loss 0.212 | Train Acc 93.349
Epoch:11/20  * Loss 0.185 | Train Acc 94.311
Epoch:12/20  * Loss 0.177 | Train Acc 94.772
Epoch:13/20  * Loss 0.180 | Train Acc 94.471
Epoch:14/20  * Loss 0.157 | Train Acc 95.473
Epoch:15/20  * Loss 0.178 | Train Acc 94.591
Epoch:16/20  * Loss 0.185 | Train Acc 94.671
Epoch:17/20  * Loss 0.161 | Train Acc 95.172
Epoch:18/20  * Loss 0.169 | Train Acc 94.752
Epoch:19/20  * Loss 0.168 | Train Acc 94.952
Epoch:20/20  * Loss 0.160 | Train Acc 95.473
----------
Selecting Experts...
----------
Averaged stats: Lr: 0.000010  Loss: 0.0140  Acc@1: 100.0000 (99.8958)  Acc@5: 100.0000 (100.0000)
Averaged stats: Lr: 0.000010  Loss: 0.0139  Acc@1: 100.0000 (99.9740)  Acc@5: 100.0000 (100.0000)
Averaged stats: Lr: 0.000010  Loss: 0.0138  Acc@1: 100.0000 (99.9219)  Acc@5: 100.0000 (100.0000)
Averaged stats: Lr: 0.000010  Loss: 0.0105  Acc@1: 100.0000 (99.9740)  Acc@5: 100.0000 (100.0000)
Averaged stats: Lr: 0.000010  Loss: 0.0229  Acc@1: 100.0000 (99.8698)  Acc@5: 100.0000 (100.0000)
Averaged stats: Lr: 0.000010  Loss: 0.0123  Acc@1: 100.0000 (99.9479)  Acc@5: 100.0000 (100.0000)
Averaged stats: Lr: 0.000010  Loss: 0.0173  Acc@1: 100.0000 (99.9479)  Acc@5: 100.0000 (100.0000)
Averaged stats: Lr: 0.000009  Loss: 0.0103  Acc@1: 100.0000 (99.8438)  Acc@5: 100.0000 (100.0000)
Averaged stats: Lr: 0.000009  Loss: 0.0130  Acc@1: 100.0000 (99.8958)  Acc@5: 100.0000 (100.0000)
Averaged stats: Lr: 0.000009  Loss: 0.0063  Acc@1: 100.0000 (99.9479)  Acc@5: 100.0000 (100.0000)
Averaged stats: Lr: 0.000009  Loss: 0.0076  Acc@1: 100.0000 (99.9740)  Acc@5: 100.0000 (100.0000)
Averaged stats: Lr: 0.000009  Loss: 0.0112  Acc@1: 100.0000 (100.0000)  Acc@5: 100.0000 (100.0000)
Averaged stats: Lr: 0.000009  Loss: 0.0128  Acc@1: 100.0000 (99.9479)  Acc@5: 100.0000 (100.0000)
Averaged stats: Lr: 0.000008  Loss: 0.0085  Acc@1: 100.0000 (99.9479)  Acc@5: 100.0000 (100.0000)
Averaged stats: Lr: 0.000008  Loss: 0.0066  Acc@1: 100.0000 (99.9479)  Acc@5: 100.0000 (100.0000)
Averaged stats: Lr: 0.000008  Loss: 0.0073  Acc@1: 100.0000 (99.9479)  Acc@5: 100.0000 (100.0000)
Averaged stats: Lr: 0.000008  Loss: 0.0110  Acc@1: 100.0000 (99.9740)  Acc@5: 100.0000 (100.0000)
Averaged stats: Lr: 0.000007  Loss: 0.0077  Acc@1: 100.0000 (99.9740)  Acc@5: 100.0000 (100.0000)
Averaged stats: Lr: 0.000007  Loss: 0.0088  Acc@1: 100.0000 (99.9740)  Acc@5: 100.0000 (100.0000)
Averaged stats: Lr: 0.000007  Loss: 0.0094  Acc@1: 100.0000 (99.9740)  Acc@5: 100.0000 (100.0000)
Averaged stats: Lr: 0.000007  Loss: 0.0102  Acc@1: 100.0000 (100.0000)  Acc@5: 100.0000 (100.0000)
Averaged stats: Lr: 0.000006  Loss: 0.0052  Acc@1: 100.0000 (99.9740)  Acc@5: 100.0000 (100.0000)
Averaged stats: Lr: 0.000006  Loss: 0.0087  Acc@1: 100.0000 (100.0000)  Acc@5: 100.0000 (100.0000)
Averaged stats: Lr: 0.000006  Loss: 0.0132  Acc@1: 100.0000 (100.0000)  Acc@5: 100.0000 (100.0000)
Averaged stats: Lr: 0.000006  Loss: 0.0081  Acc@1: 100.0000 (100.0000)  Acc@5: 100.0000 (100.0000)
Averaged stats: Lr: 0.000005  Loss: 0.0064  Acc@1: 100.0000 (100.0000)  Acc@5: 100.0000 (100.0000)
Averaged stats: Lr: 0.000005  Loss: 0.0097  Acc@1: 100.0000 (99.9740)  Acc@5: 100.0000 (100.0000)
Averaged stats: Lr: 0.000005  Loss: 0.0084  Acc@1: 100.0000 (100.0000)  Acc@5: 100.0000 (100.0000)
Averaged stats: Lr: 0.000004  Loss: 0.0084  Acc@1: 100.0000 (99.9219)  Acc@5: 100.0000 (100.0000)
Averaged stats: Lr: 0.000004  Loss: 0.0078  Acc@1: 100.0000 (100.0000)  Acc@5: 100.0000 (100.0000)
Averaged stats: Lr: 0.000004  Loss: 0.0068  Acc@1: 100.0000 (100.0000)  Acc@5: 100.0000 (100.0000)
Averaged stats: Lr: 0.000004  Loss: 0.0074  Acc@1: 100.0000 (100.0000)  Acc@5: 100.0000 (100.0000)
Averaged stats: Lr: 0.000003  Loss: 0.0049  Acc@1: 100.0000 (100.0000)  Acc@5: 100.0000 (100.0000)
Averaged stats: Lr: 0.000003  Loss: 0.0104  Acc@1: 100.0000 (99.9740)  Acc@5: 100.0000 (100.0000)
Averaged stats: Lr: 0.000003  Loss: 0.0044  Acc@1: 100.0000 (100.0000)  Acc@5: 100.0000 (100.0000)
Averaged stats: Lr: 0.000003  Loss: 0.0058  Acc@1: 100.0000 (100.0000)  Acc@5: 100.0000 (100.0000)
Averaged stats: Lr: 0.000002  Loss: 0.0090  Acc@1: 100.0000 (100.0000)  Acc@5: 100.0000 (100.0000)
Averaged stats: Lr: 0.000002  Loss: 0.0060  Acc@1: 100.0000 (100.0000)  Acc@5: 100.0000 (100.0000)
Averaged stats: Lr: 0.000002  Loss: 0.0085  Acc@1: 100.0000 (100.0000)  Acc@5: 100.0000 (100.0000)
Averaged stats: Lr: 0.000002  Loss: 0.0060  Acc@1: 100.0000 (99.9740)  Acc@5: 100.0000 (100.0000)
Averaged stats: Lr: 0.000002  Loss: 0.0042  Acc@1: 100.0000 (100.0000)  Acc@5: 100.0000 (100.0000)
Averaged stats: Lr: 0.000002  Loss: 0.0066  Acc@1: 100.0000 (99.9479)  Acc@5: 100.0000 (100.0000)
Averaged stats: Lr: 0.000001  Loss: 0.0092  Acc@1: 100.0000 (99.9740)  Acc@5: 100.0000 (100.0000)
Averaged stats: Lr: 0.000001  Loss: 0.0085  Acc@1: 100.0000 (100.0000)  Acc@5: 100.0000 (100.0000)
Averaged stats: Lr: 0.000001  Loss: 0.0098  Acc@1: 100.0000 (99.9740)  Acc@5: 100.0000 (100.0000)
Averaged stats: Lr: 0.000001  Loss: 0.0182  Acc@1: 100.0000 (99.9219)  Acc@5: 100.0000 (100.0000)
Averaged stats: Lr: 0.000001  Loss: 0.0064  Acc@1: 100.0000 (100.0000)  Acc@5: 100.0000 (100.0000)
Averaged stats: Lr: 0.000001  Loss: 0.0045  Acc@1: 100.0000 (100.0000)  Acc@5: 100.0000 (100.0000)
Averaged stats: Lr: 0.000001  Loss: 0.0082  Acc@1: 100.0000 (100.0000)  Acc@5: 100.0000 (100.0000)
Averaged stats: Lr: 0.000001  Loss: 0.0067  Acc@1: 100.0000 (100.0000)  Acc@5: 100.0000 (100.0000)
=> Saving class model to: outputs/cifar-100/10-task/one-prompt/models/repeat-5/task-4/
=> Save Done
validation split name (local False): 1
 * Val Acc 95.200, Total time 3.13
validation split name (local False): 2
 * Val Acc 93.100, Total time 3.09
validation split name (local False): 3
 * Val Acc 94.300, Total time 3.09
validation split name (local False): 4
 * Val Acc 95.200, Total time 3.14
Averaged accuracy for task 4: 94.45
====================== 5 =======================
Incremental class: Old valid output dimension: 40
Incremental class: New Valid output dimension: 50
Saving old prompts
Optimizer is reset!
Total params: 86105956
Tune params: 307300
Tune ratio: 0.36
Prompt params: 230400
Prompt ratio: 0.27
Epoch:1/20  * Loss 1.407 | Train Acc 64.503
Epoch:2/20  * Loss 1.364 | Train Acc 66.867
Epoch:3/20  * Loss 0.429 | Train Acc 88.562
Epoch:4/20  * Loss 0.254 | Train Acc 92.849
Epoch:5/20  * Loss 0.233 | Train Acc 93.049
Epoch:6/20  * Loss 0.224 | Train Acc 93.389
Epoch:7/20  * Loss 0.208 | Train Acc 93.590
Epoch:8/20  * Loss 0.189 | Train Acc 94.131
Epoch:9/20  * Loss 0.211 | Train Acc 93.129
Epoch:10/20  * Loss 0.167 | Train Acc 94.872
Epoch:11/20  * Loss 0.179 | Train Acc 94.551
Epoch:12/20  * Loss 0.171 | Train Acc 94.692
Epoch:13/20  * Loss 0.184 | Train Acc 94.451
Epoch:14/20  * Loss 0.174 | Train Acc 94.411
Epoch:15/20  * Loss 0.173 | Train Acc 94.812
Epoch:16/20  * Loss 0.158 | Train Acc 94.932
Epoch:17/20  * Loss 0.166 | Train Acc 94.852
Epoch:18/20  * Loss 0.160 | Train Acc 95.052
Epoch:19/20  * Loss 0.169 | Train Acc 94.852
Epoch:20/20  * Loss 0.159 | Train Acc 94.972
----------
Selecting Experts...
----------
Averaged stats: Lr: 0.000010  Loss: 0.0089  Acc@1: 100.0000 (100.0000)  Acc@5: 100.0000 (100.0000)
Averaged stats: Lr: 0.000010  Loss: 0.0066  Acc@1: 100.0000 (99.9805)  Acc@5: 100.0000 (100.0000)
Averaged stats: Lr: 0.000010  Loss: 0.0158  Acc@1: 100.0000 (99.9805)  Acc@5: 100.0000 (100.0000)
Averaged stats: Lr: 0.000010  Loss: 0.0043  Acc@1: 100.0000 (99.9805)  Acc@5: 100.0000 (100.0000)
Averaged stats: Lr: 0.000010  Loss: 0.0065  Acc@1: 100.0000 (100.0000)  Acc@5: 100.0000 (100.0000)
Averaged stats: Lr: 0.000010  Loss: 0.0056  Acc@1: 100.0000 (100.0000)  Acc@5: 100.0000 (100.0000)
Averaged stats: Lr: 0.000010  Loss: 0.0045  Acc@1: 100.0000 (99.9805)  Acc@5: 100.0000 (100.0000)
Averaged stats: Lr: 0.000009  Loss: 0.0041  Acc@1: 100.0000 (99.9609)  Acc@5: 100.0000 (100.0000)
Averaged stats: Lr: 0.000009  Loss: 0.0083  Acc@1: 100.0000 (99.9805)  Acc@5: 100.0000 (100.0000)
Averaged stats: Lr: 0.000009  Loss: 0.0045  Acc@1: 100.0000 (99.9805)  Acc@5: 100.0000 (100.0000)
Averaged stats: Lr: 0.000009  Loss: 0.0094  Acc@1: 100.0000 (100.0000)  Acc@5: 100.0000 (100.0000)
Averaged stats: Lr: 0.000009  Loss: 0.0109  Acc@1: 100.0000 (100.0000)  Acc@5: 100.0000 (100.0000)
Averaged stats: Lr: 0.000009  Loss: 0.0062  Acc@1: 100.0000 (100.0000)  Acc@5: 100.0000 (100.0000)
Averaged stats: Lr: 0.000008  Loss: 0.0068  Acc@1: 100.0000 (99.9805)  Acc@5: 100.0000 (100.0000)
Averaged stats: Lr: 0.000008  Loss: 0.0068  Acc@1: 100.0000 (99.9805)  Acc@5: 100.0000 (100.0000)
Averaged stats: Lr: 0.000008  Loss: 0.0039  Acc@1: 100.0000 (100.0000)  Acc@5: 100.0000 (100.0000)
Averaged stats: Lr: 0.000008  Loss: 0.0060  Acc@1: 100.0000 (100.0000)  Acc@5: 100.0000 (100.0000)
Averaged stats: Lr: 0.000007  Loss: 0.0073  Acc@1: 100.0000 (100.0000)  Acc@5: 100.0000 (100.0000)
Averaged stats: Lr: 0.000007  Loss: 0.0036  Acc@1: 100.0000 (100.0000)  Acc@5: 100.0000 (100.0000)
Averaged stats: Lr: 0.000007  Loss: 0.0067  Acc@1: 100.0000 (100.0000)  Acc@5: 100.0000 (100.0000)
Averaged stats: Lr: 0.000007  Loss: 0.0043  Acc@1: 100.0000 (99.9805)  Acc@5: 100.0000 (100.0000)
Averaged stats: Lr: 0.000006  Loss: 0.0036  Acc@1: 100.0000 (100.0000)  Acc@5: 100.0000 (100.0000)
Averaged stats: Lr: 0.000006  Loss: 0.0046  Acc@1: 100.0000 (100.0000)  Acc@5: 100.0000 (100.0000)
Averaged stats: Lr: 0.000006  Loss: 0.0053  Acc@1: 100.0000 (100.0000)  Acc@5: 100.0000 (100.0000)
Averaged stats: Lr: 0.000006  Loss: 0.0060  Acc@1: 100.0000 (100.0000)  Acc@5: 100.0000 (100.0000)
Averaged stats: Lr: 0.000005  Loss: 0.0034  Acc@1: 100.0000 (100.0000)  Acc@5: 100.0000 (100.0000)
Averaged stats: Lr: 0.000005  Loss: 0.0038  Acc@1: 100.0000 (99.9805)  Acc@5: 100.0000 (100.0000)
Averaged stats: Lr: 0.000005  Loss: 0.0039  Acc@1: 100.0000 (100.0000)  Acc@5: 100.0000 (100.0000)
Averaged stats: Lr: 0.000004  Loss: 0.0024  Acc@1: 100.0000 (100.0000)  Acc@5: 100.0000 (100.0000)
Averaged stats: Lr: 0.000004  Loss: 0.0070  Acc@1: 100.0000 (99.9805)  Acc@5: 100.0000 (100.0000)
Averaged stats: Lr: 0.000004  Loss: 0.0055  Acc@1: 100.0000 (100.0000)  Acc@5: 100.0000 (100.0000)
Averaged stats: Lr: 0.000004  Loss: 0.0082  Acc@1: 100.0000 (100.0000)  Acc@5: 100.0000 (100.0000)
Averaged stats: Lr: 0.000003  Loss: 0.0030  Acc@1: 100.0000 (100.0000)  Acc@5: 100.0000 (100.0000)
Averaged stats: Lr: 0.000003  Loss: 0.0034  Acc@1: 100.0000 (100.0000)  Acc@5: 100.0000 (100.0000)
Averaged stats: Lr: 0.000003  Loss: 0.0040  Acc@1: 100.0000 (100.0000)  Acc@5: 100.0000 (100.0000)
Averaged stats: Lr: 0.000003  Loss: 0.0074  Acc@1: 100.0000 (99.9805)  Acc@5: 100.0000 (100.0000)
Averaged stats: Lr: 0.000002  Loss: 0.0024  Acc@1: 100.0000 (100.0000)  Acc@5: 100.0000 (100.0000)
Averaged stats: Lr: 0.000002  Loss: 0.0026  Acc@1: 100.0000 (100.0000)  Acc@5: 100.0000 (100.0000)
Averaged stats: Lr: 0.000002  Loss: 0.0040  Acc@1: 100.0000 (100.0000)  Acc@5: 100.0000 (100.0000)
Averaged stats: Lr: 0.000002  Loss: 0.0029  Acc@1: 100.0000 (100.0000)  Acc@5: 100.0000 (100.0000)
Averaged stats: Lr: 0.000002  Loss: 0.0071  Acc@1: 100.0000 (99.9805)  Acc@5: 100.0000 (100.0000)
Averaged stats: Lr: 0.000002  Loss: 0.0039  Acc@1: 100.0000 (100.0000)  Acc@5: 100.0000 (100.0000)
Averaged stats: Lr: 0.000001  Loss: 0.0043  Acc@1: 100.0000 (100.0000)  Acc@5: 100.0000 (100.0000)
Averaged stats: Lr: 0.000001  Loss: 0.0050  Acc@1: 100.0000 (100.0000)  Acc@5: 100.0000 (100.0000)
Averaged stats: Lr: 0.000001  Loss: 0.0038  Acc@1: 100.0000 (100.0000)  Acc@5: 100.0000 (100.0000)
Averaged stats: Lr: 0.000001  Loss: 0.0042  Acc@1: 100.0000 (100.0000)  Acc@5: 100.0000 (100.0000)
Averaged stats: Lr: 0.000001  Loss: 0.0043  Acc@1: 100.0000 (100.0000)  Acc@5: 100.0000 (100.0000)
Averaged stats: Lr: 0.000001  Loss: 0.0072  Acc@1: 100.0000 (100.0000)  Acc@5: 100.0000 (100.0000)
Averaged stats: Lr: 0.000001  Loss: 0.0036  Acc@1: 100.0000 (100.0000)  Acc@5: 100.0000 (100.0000)
Averaged stats: Lr: 0.000001  Loss: 0.0051  Acc@1: 100.0000 (100.0000)  Acc@5: 100.0000 (100.0000)
=> Saving class model to: outputs/cifar-100/10-task/one-prompt/models/repeat-5/task-5/
=> Save Done
validation split name (local False): 1
 * Val Acc 94.300, Total time 3.15
validation split name (local False): 2
 * Val Acc 92.200, Total time 3.10
validation split name (local False): 3
 * Val Acc 94.600, Total time 3.08
validation split name (local False): 4
 * Val Acc 94.500, Total time 3.19
validation split name (local False): 5
 * Val Acc 96.200, Total time 3.12
Averaged accuracy for task 5: 94.36
====================== 6 =======================
Incremental class: Old valid output dimension: 50
Incremental class: New Valid output dimension: 60
Saving old prompts
Optimizer is reset!
Total params: 86105956
Tune params: 307300
Tune ratio: 0.36
Prompt params: 230400
Prompt ratio: 0.27
Epoch:1/20  * Loss 1.314 | Train Acc 70.573
Epoch:2/20  * Loss 1.272 | Train Acc 72.676
Epoch:3/20  * Loss 0.325 | Train Acc 92.448
Epoch:4/20  * Loss 0.169 | Train Acc 95.633
Epoch:5/20  * Loss 0.168 | Train Acc 95.473
Epoch:6/20  * Loss 0.157 | Train Acc 95.813
Epoch:7/20  * Loss 0.147 | Train Acc 95.553
Epoch:8/20  * Loss 0.140 | Train Acc 95.833
Epoch:9/20  * Loss 0.133 | Train Acc 96.114
Epoch:10/20  * Loss 0.131 | Train Acc 96.074
Epoch:11/20  * Loss 0.122 | Train Acc 96.454
Epoch:12/20  * Loss 0.114 | Train Acc 96.795
Epoch:13/20  * Loss 0.115 | Train Acc 96.715
Epoch:14/20  * Loss 0.120 | Train Acc 96.595
Epoch:15/20  * Loss 0.118 | Train Acc 96.514
Epoch:16/20  * Loss 0.106 | Train Acc 97.075
Epoch:17/20  * Loss 0.103 | Train Acc 96.955
Epoch:18/20  * Loss 0.100 | Train Acc 97.075
Epoch:19/20  * Loss 0.104 | Train Acc 96.795
Epoch:20/20  * Loss 0.104 | Train Acc 96.815
----------
Selecting Experts...
----------
Averaged stats: Lr: 0.000010  Loss: 0.0173  Acc@1: 100.0000 (99.9062)  Acc@5: 100.0000 (100.0000)
Averaged stats: Lr: 0.000010  Loss: 0.0111  Acc@1: 100.0000 (99.8750)  Acc@5: 100.0000 (100.0000)
Averaged stats: Lr: 0.000010  Loss: 0.0125  Acc@1: 100.0000 (99.9844)  Acc@5: 100.0000 (100.0000)
Averaged stats: Lr: 0.000010  Loss: 0.0078  Acc@1: 100.0000 (99.8906)  Acc@5: 100.0000 (100.0000)
Averaged stats: Lr: 0.000010  Loss: 0.0166  Acc@1: 100.0000 (99.9375)  Acc@5: 100.0000 (100.0000)
Averaged stats: Lr: 0.000010  Loss: 0.0078  Acc@1: 100.0000 (99.9531)  Acc@5: 100.0000 (100.0000)
Averaged stats: Lr: 0.000010  Loss: 0.0145  Acc@1: 100.0000 (99.9531)  Acc@5: 100.0000 (100.0000)
Averaged stats: Lr: 0.000009  Loss: 0.0096  Acc@1: 100.0000 (99.9375)  Acc@5: 100.0000 (100.0000)
Averaged stats: Lr: 0.000009  Loss: 0.0127  Acc@1: 100.0000 (99.9531)  Acc@5: 100.0000 (100.0000)
Averaged stats: Lr: 0.000009  Loss: 0.0078  Acc@1: 100.0000 (99.9375)  Acc@5: 100.0000 (100.0000)
Averaged stats: Lr: 0.000009  Loss: 0.0137  Acc@1: 100.0000 (99.9688)  Acc@5: 100.0000 (100.0000)
Averaged stats: Lr: 0.000009  Loss: 0.0071  Acc@1: 100.0000 (99.8906)  Acc@5: 100.0000 (100.0000)
Averaged stats: Lr: 0.000009  Loss: 0.0079  Acc@1: 100.0000 (99.9375)  Acc@5: 100.0000 (100.0000)
Averaged stats: Lr: 0.000008  Loss: 0.0202  Acc@1: 100.0000 (99.9531)  Acc@5: 100.0000 (100.0000)
Averaged stats: Lr: 0.000008  Loss: 0.0062  Acc@1: 100.0000 (99.9844)  Acc@5: 100.0000 (100.0000)
Averaged stats: Lr: 0.000008  Loss: 0.0117  Acc@1: 100.0000 (99.9688)  Acc@5: 100.0000 (100.0000)
Averaged stats: Lr: 0.000008  Loss: 0.0082  Acc@1: 100.0000 (99.9219)  Acc@5: 100.0000 (100.0000)
Averaged stats: Lr: 0.000007  Loss: 0.0109  Acc@1: 100.0000 (100.0000)  Acc@5: 100.0000 (100.0000)
Averaged stats: Lr: 0.000007  Loss: 0.0123  Acc@1: 100.0000 (99.9531)  Acc@5: 100.0000 (100.0000)
Averaged stats: Lr: 0.000007  Loss: 0.0082  Acc@1: 100.0000 (99.9688)  Acc@5: 100.0000 (100.0000)
Averaged stats: Lr: 0.000007  Loss: 0.0045  Acc@1: 100.0000 (99.9062)  Acc@5: 100.0000 (100.0000)
Averaged stats: Lr: 0.000006  Loss: 0.0150  Acc@1: 100.0000 (99.9531)  Acc@5: 100.0000 (100.0000)
Averaged stats: Lr: 0.000006  Loss: 0.0078  Acc@1: 100.0000 (99.9375)  Acc@5: 100.0000 (100.0000)
Averaged stats: Lr: 0.000006  Loss: 0.0076  Acc@1: 100.0000 (99.9844)  Acc@5: 100.0000 (100.0000)
Averaged stats: Lr: 0.000006  Loss: 0.0113  Acc@1: 100.0000 (99.9844)  Acc@5: 100.0000 (100.0000)
Averaged stats: Lr: 0.000005  Loss: 0.0052  Acc@1: 100.0000 (99.9688)  Acc@5: 100.0000 (100.0000)
Averaged stats: Lr: 0.000005  Loss: 0.0097  Acc@1: 100.0000 (99.9688)  Acc@5: 100.0000 (100.0000)
Averaged stats: Lr: 0.000005  Loss: 0.0139  Acc@1: 100.0000 (99.9375)  Acc@5: 100.0000 (100.0000)
Averaged stats: Lr: 0.000004  Loss: 0.0088  Acc@1: 100.0000 (99.9844)  Acc@5: 100.0000 (100.0000)
Averaged stats: Lr: 0.000004  Loss: 0.0075  Acc@1: 100.0000 (99.9844)  Acc@5: 100.0000 (100.0000)
Averaged stats: Lr: 0.000004  Loss: 0.0099  Acc@1: 100.0000 (99.9844)  Acc@5: 100.0000 (100.0000)
Averaged stats: Lr: 0.000004  Loss: 0.0113  Acc@1: 100.0000 (99.9844)  Acc@5: 100.0000 (100.0000)
Averaged stats: Lr: 0.000003  Loss: 0.0112  Acc@1: 100.0000 (99.9531)  Acc@5: 100.0000 (100.0000)
Averaged stats: Lr: 0.000003  Loss: 0.0044  Acc@1: 100.0000 (99.9844)  Acc@5: 100.0000 (100.0000)
Averaged stats: Lr: 0.000003  Loss: 0.0077  Acc@1: 100.0000 (99.9688)  Acc@5: 100.0000 (100.0000)
Averaged stats: Lr: 0.000003  Loss: 0.0050  Acc@1: 100.0000 (99.9844)  Acc@5: 100.0000 (100.0000)
Averaged stats: Lr: 0.000002  Loss: 0.0052  Acc@1: 100.0000 (99.9688)  Acc@5: 100.0000 (100.0000)
Averaged stats: Lr: 0.000002  Loss: 0.0053  Acc@1: 100.0000 (100.0000)  Acc@5: 100.0000 (100.0000)
Averaged stats: Lr: 0.000002  Loss: 0.0058  Acc@1: 100.0000 (100.0000)  Acc@5: 100.0000 (100.0000)
Averaged stats: Lr: 0.000002  Loss: 0.0062  Acc@1: 100.0000 (99.9688)  Acc@5: 100.0000 (100.0000)
Averaged stats: Lr: 0.000002  Loss: 0.0074  Acc@1: 100.0000 (99.9531)  Acc@5: 100.0000 (100.0000)
Averaged stats: Lr: 0.000002  Loss: 0.0042  Acc@1: 100.0000 (99.9844)  Acc@5: 100.0000 (100.0000)
Averaged stats: Lr: 0.000001  Loss: 0.0060  Acc@1: 100.0000 (99.9688)  Acc@5: 100.0000 (100.0000)
Averaged stats: Lr: 0.000001  Loss: 0.0070  Acc@1: 100.0000 (99.9844)  Acc@5: 100.0000 (100.0000)
Averaged stats: Lr: 0.000001  Loss: 0.0040  Acc@1: 100.0000 (99.9844)  Acc@5: 100.0000 (100.0000)
Averaged stats: Lr: 0.000001  Loss: 0.0049  Acc@1: 100.0000 (99.9844)  Acc@5: 100.0000 (100.0000)
Averaged stats: Lr: 0.000001  Loss: 0.0049  Acc@1: 100.0000 (99.9844)  Acc@5: 100.0000 (100.0000)
Averaged stats: Lr: 0.000001  Loss: 0.0077  Acc@1: 100.0000 (99.9375)  Acc@5: 100.0000 (100.0000)
Averaged stats: Lr: 0.000001  Loss: 0.0059  Acc@1: 100.0000 (100.0000)  Acc@5: 100.0000 (100.0000)
Averaged stats: Lr: 0.000001  Loss: 0.0060  Acc@1: 100.0000 (99.9375)  Acc@5: 100.0000 (100.0000)
=> Saving class model to: outputs/cifar-100/10-task/one-prompt/models/repeat-5/task-6/
=> Save Done
validation split name (local False): 1
 * Val Acc 93.100, Total time 3.27
validation split name (local False): 2
 * Val Acc 92.300, Total time 3.15
validation split name (local False): 3
 * Val Acc 92.400, Total time 3.18
validation split name (local False): 4
 * Val Acc 92.300, Total time 3.16
validation split name (local False): 5
 * Val Acc 95.100, Total time 3.16
validation split name (local False): 6
 * Val Acc 93.800, Total time 3.17
Averaged accuracy for task 6: 93.16666666666664
====================== 7 =======================
Incremental class: Old valid output dimension: 60
Incremental class: New Valid output dimension: 70
Saving old prompts
Optimizer is reset!
Total params: 86105956
Tune params: 307300
Tune ratio: 0.36
Prompt params: 230400
Prompt ratio: 0.27
Epoch:1/20  * Loss 1.318 | Train Acc 65.084
Epoch:2/20  * Loss 1.285 | Train Acc 67.147
Epoch:3/20  * Loss 0.518 | Train Acc 85.497
Epoch:4/20  * Loss 0.322 | Train Acc 90.705
Epoch:5/20  * Loss 0.284 | Train Acc 90.805
Epoch:6/20  * Loss 0.262 | Train Acc 91.587
Epoch:7/20  * Loss 0.259 | Train Acc 91.506
Epoch:8/20  * Loss 0.258 | Train Acc 92.147
Epoch:9/20  * Loss 0.226 | Train Acc 92.929
Epoch:10/20  * Loss 0.221 | Train Acc 92.929
Epoch:11/20  * Loss 0.218 | Train Acc 92.909
Epoch:12/20  * Loss 0.216 | Train Acc 93.229
Epoch:13/20  * Loss 0.206 | Train Acc 93.169
Epoch:14/20  * Loss 0.224 | Train Acc 92.568
Epoch:15/20  * Loss 0.200 | Train Acc 93.089
Epoch:16/20  * Loss 0.196 | Train Acc 93.650
Epoch:17/20  * Loss 0.183 | Train Acc 94.311
Epoch:18/20  * Loss 0.191 | Train Acc 93.610
Epoch:19/20  * Loss 0.190 | Train Acc 93.910
Epoch:20/20  * Loss 0.200 | Train Acc 93.349
----------
Selecting Experts...
----------
Averaged stats: Lr: 0.000010  Loss: 0.0388  Acc@1: 99.2188 (98.5807)  Acc@5: 100.0000 (100.0000)
Averaged stats: Lr: 0.000010  Loss: 0.0354  Acc@1: 99.2188 (98.7630)  Acc@5: 100.0000 (100.0000)
Averaged stats: Lr: 0.000010  Loss: 0.0202  Acc@1: 98.4375 (98.8932)  Acc@5: 100.0000 (100.0000)
Averaged stats: Lr: 0.000010  Loss: 0.0194  Acc@1: 99.2188 (99.0495)  Acc@5: 100.0000 (100.0000)
Averaged stats: Lr: 0.000010  Loss: 0.0347  Acc@1: 99.2188 (99.4010)  Acc@5: 100.0000 (100.0000)
Averaged stats: Lr: 0.000010  Loss: 0.0212  Acc@1: 99.2188 (99.5182)  Acc@5: 100.0000 (100.0000)
Averaged stats: Lr: 0.000010  Loss: 0.0339  Acc@1: 99.2188 (99.5443)  Acc@5: 100.0000 (100.0000)
Averaged stats: Lr: 0.000009  Loss: 0.0086  Acc@1: 100.0000 (99.6224)  Acc@5: 100.0000 (100.0000)
Averaged stats: Lr: 0.000009  Loss: 0.0266  Acc@1: 100.0000 (99.7135)  Acc@5: 100.0000 (100.0000)
Averaged stats: Lr: 0.000009  Loss: 0.0591  Acc@1: 100.0000 (99.6224)  Acc@5: 100.0000 (100.0000)
Averaged stats: Lr: 0.000009  Loss: 0.0207  Acc@1: 100.0000 (99.6484)  Acc@5: 100.0000 (100.0000)
Averaged stats: Lr: 0.000009  Loss: 0.0128  Acc@1: 100.0000 (99.7656)  Acc@5: 100.0000 (100.0000)
Averaged stats: Lr: 0.000009  Loss: 0.0059  Acc@1: 100.0000 (99.8438)  Acc@5: 100.0000 (100.0000)
Averaged stats: Lr: 0.000008  Loss: 0.0052  Acc@1: 100.0000 (99.8438)  Acc@5: 100.0000 (100.0000)
Averaged stats: Lr: 0.000008  Loss: 0.0251  Acc@1: 100.0000 (99.7266)  Acc@5: 100.0000 (100.0000)
Averaged stats: Lr: 0.000008  Loss: 0.0195  Acc@1: 100.0000 (99.8438)  Acc@5: 100.0000 (100.0000)
Averaged stats: Lr: 0.000008  Loss: 0.0074  Acc@1: 100.0000 (99.8568)  Acc@5: 100.0000 (100.0000)
Averaged stats: Lr: 0.000007  Loss: 0.0106  Acc@1: 100.0000 (99.8177)  Acc@5: 100.0000 (100.0000)
Averaged stats: Lr: 0.000007  Loss: 0.0106  Acc@1: 100.0000 (99.8047)  Acc@5: 100.0000 (100.0000)
Averaged stats: Lr: 0.000007  Loss: 0.0272  Acc@1: 100.0000 (99.7526)  Acc@5: 100.0000 (100.0000)
Averaged stats: Lr: 0.000007  Loss: 0.0113  Acc@1: 100.0000 (99.8828)  Acc@5: 100.0000 (100.0000)
Averaged stats: Lr: 0.000006  Loss: 0.0134  Acc@1: 100.0000 (99.8177)  Acc@5: 100.0000 (100.0000)
Averaged stats: Lr: 0.000006  Loss: 0.0146  Acc@1: 100.0000 (99.8177)  Acc@5: 100.0000 (100.0000)
Averaged stats: Lr: 0.000006  Loss: 0.0108  Acc@1: 100.0000 (99.7786)  Acc@5: 100.0000 (100.0000)
Averaged stats: Lr: 0.000006  Loss: 0.0101  Acc@1: 100.0000 (99.8828)  Acc@5: 100.0000 (100.0000)
Averaged stats: Lr: 0.000005  Loss: 0.0086  Acc@1: 100.0000 (99.8698)  Acc@5: 100.0000 (100.0000)
Averaged stats: Lr: 0.000005  Loss: 0.0116  Acc@1: 100.0000 (99.9089)  Acc@5: 100.0000 (100.0000)
Averaged stats: Lr: 0.000005  Loss: 0.0134  Acc@1: 100.0000 (99.9219)  Acc@5: 100.0000 (100.0000)
Averaged stats: Lr: 0.000004  Loss: 0.0095  Acc@1: 100.0000 (99.9479)  Acc@5: 100.0000 (100.0000)
Averaged stats: Lr: 0.000004  Loss: 0.0224  Acc@1: 100.0000 (99.8828)  Acc@5: 100.0000 (100.0000)
Averaged stats: Lr: 0.000004  Loss: 0.0082  Acc@1: 100.0000 (99.8828)  Acc@5: 100.0000 (100.0000)
Averaged stats: Lr: 0.000004  Loss: 0.0125  Acc@1: 100.0000 (99.8568)  Acc@5: 100.0000 (100.0000)
Averaged stats: Lr: 0.000003  Loss: 0.0215  Acc@1: 100.0000 (99.8568)  Acc@5: 100.0000 (100.0000)
Averaged stats: Lr: 0.000003  Loss: 0.0145  Acc@1: 100.0000 (99.8568)  Acc@5: 100.0000 (100.0000)
Averaged stats: Lr: 0.000003  Loss: 0.0080  Acc@1: 100.0000 (99.9089)  Acc@5: 100.0000 (100.0000)
Averaged stats: Lr: 0.000003  Loss: 0.0133  Acc@1: 100.0000 (99.8828)  Acc@5: 100.0000 (100.0000)
Averaged stats: Lr: 0.000002  Loss: 0.0075  Acc@1: 100.0000 (99.9089)  Acc@5: 100.0000 (100.0000)
Averaged stats: Lr: 0.000002  Loss: 0.0038  Acc@1: 100.0000 (99.8828)  Acc@5: 100.0000 (100.0000)
Averaged stats: Lr: 0.000002  Loss: 0.0070  Acc@1: 100.0000 (99.8698)  Acc@5: 100.0000 (100.0000)
Averaged stats: Lr: 0.000002  Loss: 0.0202  Acc@1: 100.0000 (99.9219)  Acc@5: 100.0000 (100.0000)
Averaged stats: Lr: 0.000002  Loss: 0.0113  Acc@1: 100.0000 (99.9219)  Acc@5: 100.0000 (100.0000)
Averaged stats: Lr: 0.000002  Loss: 0.0112  Acc@1: 100.0000 (99.9609)  Acc@5: 100.0000 (100.0000)
Averaged stats: Lr: 0.000001  Loss: 0.0065  Acc@1: 100.0000 (99.9089)  Acc@5: 100.0000 (100.0000)
Averaged stats: Lr: 0.000001  Loss: 0.0090  Acc@1: 100.0000 (99.9609)  Acc@5: 100.0000 (100.0000)
Averaged stats: Lr: 0.000001  Loss: 0.0118  Acc@1: 100.0000 (99.9219)  Acc@5: 100.0000 (100.0000)
Averaged stats: Lr: 0.000001  Loss: 0.0104  Acc@1: 100.0000 (99.8958)  Acc@5: 100.0000 (100.0000)
Averaged stats: Lr: 0.000001  Loss: 0.0241  Acc@1: 100.0000 (99.9089)  Acc@5: 100.0000 (100.0000)
Averaged stats: Lr: 0.000001  Loss: 0.0068  Acc@1: 100.0000 (99.8958)  Acc@5: 100.0000 (100.0000)
Averaged stats: Lr: 0.000001  Loss: 0.0092  Acc@1: 100.0000 (99.9219)  Acc@5: 100.0000 (100.0000)
Averaged stats: Lr: 0.000001  Loss: 0.0055  Acc@1: 100.0000 (99.9089)  Acc@5: 100.0000 (100.0000)
=> Saving class model to: outputs/cifar-100/10-task/one-prompt/models/repeat-5/task-7/
=> Save Done
validation split name (local False): 1
 * Val Acc 92.700, Total time 3.13
validation split name (local False): 2
 * Val Acc 90.900, Total time 3.12
validation split name (local False): 3
 * Val Acc 91.400, Total time 3.17
validation split name (local False): 4
 * Val Acc 92.000, Total time 3.13
validation split name (local False): 5
 * Val Acc 95.100, Total time 3.12
validation split name (local False): 6
 * Val Acc 90.100, Total time 3.13
validation split name (local False): 7
 * Val Acc 88.800, Total time 3.13
Averaged accuracy for task 7: 91.57142857142857
====================== 8 =======================
Incremental class: Old valid output dimension: 70
Incremental class: New Valid output dimension: 80
Saving old prompts
Optimizer is reset!
Total params: 86105956
Tune params: 307300
Tune ratio: 0.36
Prompt params: 230400
Prompt ratio: 0.27
Epoch:1/20  * Loss 1.220 | Train Acc 73.237
Epoch:2/20  * Loss 1.183 | Train Acc 75.821
Epoch:3/20  * Loss 0.422 | Train Acc 89.944
Epoch:4/20  * Loss 0.247 | Train Acc 92.969
Epoch:5/20  * Loss 0.227 | Train Acc 93.510
Epoch:6/20  * Loss 0.208 | Train Acc 93.690
Epoch:7/20  * Loss 0.206 | Train Acc 93.730
Epoch:8/20  * Loss 0.189 | Train Acc 94.431
Epoch:9/20  * Loss 0.176 | Train Acc 94.591
Epoch:10/20  * Loss 0.187 | Train Acc 94.191
Epoch:11/20  * Loss 0.176 | Train Acc 94.431
Epoch:12/20  * Loss 0.184 | Train Acc 94.151
Epoch:13/20  * Loss 0.166 | Train Acc 94.872
Epoch:14/20  * Loss 0.175 | Train Acc 94.651
Epoch:15/20  * Loss 0.170 | Train Acc 94.812
Epoch:16/20  * Loss 0.150 | Train Acc 95.433
Epoch:17/20  * Loss 0.169 | Train Acc 94.892
Epoch:18/20  * Loss 0.160 | Train Acc 94.932
Epoch:19/20  * Loss 0.156 | Train Acc 95.232
Epoch:20/20  * Loss 0.145 | Train Acc 95.633
----------
Selecting Experts...
----------
Averaged stats: Lr: 0.000010  Loss: 0.0220  Acc@1: 100.0000 (99.6540)  Acc@5: 100.0000 (100.0000)
Averaged stats: Lr: 0.000010  Loss: 0.0242  Acc@1: 100.0000 (99.7210)  Acc@5: 100.0000 (100.0000)
Averaged stats: Lr: 0.000010  Loss: 0.0112  Acc@1: 100.0000 (99.8103)  Acc@5: 100.0000 (100.0000)
Averaged stats: Lr: 0.000010  Loss: 0.0094  Acc@1: 100.0000 (99.8884)  Acc@5: 100.0000 (100.0000)
Averaged stats: Lr: 0.000010  Loss: 0.0206  Acc@1: 100.0000 (99.8996)  Acc@5: 100.0000 (100.0000)
Averaged stats: Lr: 0.000010  Loss: 0.0134  Acc@1: 100.0000 (99.8884)  Acc@5: 100.0000 (100.0000)
Averaged stats: Lr: 0.000010  Loss: 0.0148  Acc@1: 100.0000 (99.8996)  Acc@5: 100.0000 (100.0000)
Averaged stats: Lr: 0.000009  Loss: 0.0077  Acc@1: 100.0000 (99.8772)  Acc@5: 100.0000 (100.0000)
Averaged stats: Lr: 0.000009  Loss: 0.0199  Acc@1: 100.0000 (99.8772)  Acc@5: 100.0000 (100.0000)
Averaged stats: Lr: 0.000009  Loss: 0.0067  Acc@1: 100.0000 (99.8661)  Acc@5: 100.0000 (100.0000)
Averaged stats: Lr: 0.000009  Loss: 0.0190  Acc@1: 100.0000 (99.9219)  Acc@5: 100.0000 (100.0000)
Averaged stats: Lr: 0.000009  Loss: 0.0073  Acc@1: 100.0000 (99.8661)  Acc@5: 100.0000 (100.0000)
Averaged stats: Lr: 0.000009  Loss: 0.0212  Acc@1: 100.0000 (99.8996)  Acc@5: 100.0000 (100.0000)
Averaged stats: Lr: 0.000008  Loss: 0.0090  Acc@1: 100.0000 (99.9219)  Acc@5: 100.0000 (100.0000)
Averaged stats: Lr: 0.000008  Loss: 0.0103  Acc@1: 100.0000 (99.8661)  Acc@5: 100.0000 (100.0000)
Averaged stats: Lr: 0.000008  Loss: 0.0218  Acc@1: 100.0000 (99.9219)  Acc@5: 100.0000 (100.0000)
Averaged stats: Lr: 0.000008  Loss: 0.0212  Acc@1: 100.0000 (99.8772)  Acc@5: 100.0000 (100.0000)
Averaged stats: Lr: 0.000007  Loss: 0.0198  Acc@1: 100.0000 (99.9219)  Acc@5: 100.0000 (100.0000)
Averaged stats: Lr: 0.000007  Loss: 0.0072  Acc@1: 100.0000 (99.9107)  Acc@5: 100.0000 (100.0000)
Averaged stats: Lr: 0.000007  Loss: 0.0145  Acc@1: 100.0000 (99.9665)  Acc@5: 100.0000 (100.0000)
Averaged stats: Lr: 0.000007  Loss: 0.0123  Acc@1: 100.0000 (99.9665)  Acc@5: 100.0000 (100.0000)
Averaged stats: Lr: 0.000006  Loss: 0.0159  Acc@1: 100.0000 (99.9554)  Acc@5: 100.0000 (100.0000)
Averaged stats: Lr: 0.000006  Loss: 0.0064  Acc@1: 100.0000 (99.9107)  Acc@5: 100.0000 (100.0000)
Averaged stats: Lr: 0.000006  Loss: 0.0082  Acc@1: 100.0000 (99.9442)  Acc@5: 100.0000 (100.0000)
Averaged stats: Lr: 0.000006  Loss: 0.0152  Acc@1: 100.0000 (99.9665)  Acc@5: 100.0000 (100.0000)
Averaged stats: Lr: 0.000005  Loss: 0.0186  Acc@1: 100.0000 (99.9442)  Acc@5: 100.0000 (100.0000)
Averaged stats: Lr: 0.000005  Loss: 0.0207  Acc@1: 100.0000 (99.9554)  Acc@5: 100.0000 (100.0000)
Averaged stats: Lr: 0.000005  Loss: 0.0095  Acc@1: 100.0000 (99.9330)  Acc@5: 100.0000 (100.0000)
Averaged stats: Lr: 0.000004  Loss: 0.0174  Acc@1: 100.0000 (99.9665)  Acc@5: 100.0000 (100.0000)
Averaged stats: Lr: 0.000004  Loss: 0.0066  Acc@1: 100.0000 (99.9330)  Acc@5: 100.0000 (100.0000)
Averaged stats: Lr: 0.000004  Loss: 0.0129  Acc@1: 100.0000 (99.9665)  Acc@5: 100.0000 (100.0000)
Averaged stats: Lr: 0.000004  Loss: 0.0180  Acc@1: 100.0000 (99.9665)  Acc@5: 100.0000 (100.0000)
Averaged stats: Lr: 0.000003  Loss: 0.0093  Acc@1: 100.0000 (99.9554)  Acc@5: 100.0000 (100.0000)
Averaged stats: Lr: 0.000003  Loss: 0.0090  Acc@1: 100.0000 (99.9554)  Acc@5: 100.0000 (100.0000)
Averaged stats: Lr: 0.000003  Loss: 0.0052  Acc@1: 100.0000 (99.9330)  Acc@5: 100.0000 (100.0000)
Averaged stats: Lr: 0.000003  Loss: 0.0057  Acc@1: 100.0000 (99.9330)  Acc@5: 100.0000 (100.0000)
Averaged stats: Lr: 0.000002  Loss: 0.0076  Acc@1: 100.0000 (99.9665)  Acc@5: 100.0000 (100.0000)
Averaged stats: Lr: 0.000002  Loss: 0.0065  Acc@1: 100.0000 (99.9777)  Acc@5: 100.0000 (100.0000)
Averaged stats: Lr: 0.000002  Loss: 0.0030  Acc@1: 100.0000 (99.9442)  Acc@5: 100.0000 (100.0000)
Averaged stats: Lr: 0.000002  Loss: 0.0028  Acc@1: 100.0000 (99.9330)  Acc@5: 100.0000 (100.0000)
Averaged stats: Lr: 0.000002  Loss: 0.0071  Acc@1: 100.0000 (99.9777)  Acc@5: 100.0000 (100.0000)
Averaged stats: Lr: 0.000002  Loss: 0.0043  Acc@1: 100.0000 (99.9665)  Acc@5: 100.0000 (100.0000)
Averaged stats: Lr: 0.000001  Loss: 0.0055  Acc@1: 100.0000 (99.9888)  Acc@5: 100.0000 (100.0000)
Averaged stats: Lr: 0.000001  Loss: 0.0060  Acc@1: 100.0000 (99.9442)  Acc@5: 100.0000 (100.0000)
Averaged stats: Lr: 0.000001  Loss: 0.0079  Acc@1: 100.0000 (99.9554)  Acc@5: 100.0000 (100.0000)
Averaged stats: Lr: 0.000001  Loss: 0.0149  Acc@1: 100.0000 (99.9330)  Acc@5: 100.0000 (100.0000)
Averaged stats: Lr: 0.000001  Loss: 0.0113  Acc@1: 100.0000 (99.9665)  Acc@5: 100.0000 (100.0000)
Averaged stats: Lr: 0.000001  Loss: 0.0077  Acc@1: 100.0000 (99.9665)  Acc@5: 100.0000 (100.0000)
Averaged stats: Lr: 0.000001  Loss: 0.0061  Acc@1: 100.0000 (99.9219)  Acc@5: 100.0000 (100.0000)
Averaged stats: Lr: 0.000001  Loss: 0.0117  Acc@1: 100.0000 (99.9330)  Acc@5: 100.0000 (100.0000)
=> Saving class model to: outputs/cifar-100/10-task/one-prompt/models/repeat-5/task-8/
=> Save Done
validation split name (local False): 1
 * Val Acc 92.400, Total time 3.11
validation split name (local False): 2
 * Val Acc 90.800, Total time 3.12
validation split name (local False): 3
 * Val Acc 92.000, Total time 3.13
validation split name (local False): 4
 * Val Acc 89.300, Total time 3.17
validation split name (local False): 5
 * Val Acc 94.500, Total time 3.16
validation split name (local False): 6
 * Val Acc 90.600, Total time 3.16
validation split name (local False): 7
 * Val Acc 87.400, Total time 3.13
validation split name (local False): 8
 * Val Acc 93.300, Total time 3.14
Averaged accuracy for task 8: 91.2875
====================== 9 =======================
Incremental class: Old valid output dimension: 80
Incremental class: New Valid output dimension: 90
Saving old prompts
Optimizer is reset!
Total params: 86105956
Tune params: 307300
Tune ratio: 0.36
Prompt params: 230400
Prompt ratio: 0.27
Epoch:1/20  * Loss 1.366 | Train Acc 65.966
Epoch:2/20  * Loss 1.326 | Train Acc 68.750
Epoch:3/20  * Loss 0.394 | Train Acc 89.964
Epoch:4/20  * Loss 0.228 | Train Acc 93.530
Epoch:5/20  * Loss 0.199 | Train Acc 93.830
Epoch:6/20  * Loss 0.172 | Train Acc 94.772
Epoch:7/20  * Loss 0.161 | Train Acc 95.433
Epoch:8/20  * Loss 0.166 | Train Acc 95.032
Epoch:9/20  * Loss 0.173 | Train Acc 94.611
Epoch:10/20  * Loss 0.163 | Train Acc 95.433
Epoch:11/20  * Loss 0.159 | Train Acc 95.012
Epoch:12/20  * Loss 0.153 | Train Acc 95.353
Epoch:13/20  * Loss 0.133 | Train Acc 96.194
Epoch:14/20  * Loss 0.157 | Train Acc 95.212
Epoch:15/20  * Loss 0.152 | Train Acc 95.232
Epoch:16/20  * Loss 0.143 | Train Acc 95.713
Epoch:17/20  * Loss 0.143 | Train Acc 95.272
Epoch:18/20  * Loss 0.140 | Train Acc 95.773
Epoch:19/20  * Loss 0.135 | Train Acc 96.054
Epoch:20/20  * Loss 0.142 | Train Acc 95.693
----------
Selecting Experts...
----------
Averaged stats: Lr: 0.000010  Loss: 0.0209  Acc@1: 99.2188 (99.0039)  Acc@5: 100.0000 (100.0000)
Averaged stats: Lr: 0.000010  Loss: 0.0218  Acc@1: 98.4375 (98.9941)  Acc@5: 100.0000 (100.0000)
Averaged stats: Lr: 0.000010  Loss: 0.0161  Acc@1: 99.2188 (99.0918)  Acc@5: 100.0000 (100.0000)
Averaged stats: Lr: 0.000010  Loss: 0.0406  Acc@1: 99.2188 (99.2090)  Acc@5: 100.0000 (100.0000)
Averaged stats: Lr: 0.000010  Loss: 0.0174  Acc@1: 99.2188 (99.3945)  Acc@5: 100.0000 (100.0000)
Averaged stats: Lr: 0.000010  Loss: 0.0225  Acc@1: 99.2188 (99.3848)  Acc@5: 100.0000 (100.0000)
Averaged stats: Lr: 0.000010  Loss: 0.0219  Acc@1: 100.0000 (99.3848)  Acc@5: 100.0000 (100.0000)
Averaged stats: Lr: 0.000009  Loss: 0.0233  Acc@1: 100.0000 (99.4629)  Acc@5: 100.0000 (100.0000)
Averaged stats: Lr: 0.000009  Loss: 0.0049  Acc@1: 100.0000 (99.4043)  Acc@5: 100.0000 (100.0000)
Averaged stats: Lr: 0.000009  Loss: 0.0316  Acc@1: 100.0000 (99.5117)  Acc@5: 100.0000 (100.0000)
Averaged stats: Lr: 0.000009  Loss: 0.0138  Acc@1: 99.2188 (99.5996)  Acc@5: 100.0000 (100.0000)
Averaged stats: Lr: 0.000009  Loss: 0.0154  Acc@1: 100.0000 (99.6680)  Acc@5: 100.0000 (100.0000)
Averaged stats: Lr: 0.000009  Loss: 0.0097  Acc@1: 100.0000 (99.6582)  Acc@5: 100.0000 (100.0000)
Averaged stats: Lr: 0.000008  Loss: 0.0113  Acc@1: 100.0000 (99.7363)  Acc@5: 100.0000 (100.0000)
Averaged stats: Lr: 0.000008  Loss: 0.0131  Acc@1: 100.0000 (99.8047)  Acc@5: 100.0000 (100.0000)
Averaged stats: Lr: 0.000008  Loss: 0.0138  Acc@1: 100.0000 (99.7754)  Acc@5: 100.0000 (100.0000)
Averaged stats: Lr: 0.000008  Loss: 0.0110  Acc@1: 100.0000 (99.8242)  Acc@5: 100.0000 (100.0000)
Averaged stats: Lr: 0.000007  Loss: 0.0188  Acc@1: 100.0000 (99.8340)  Acc@5: 100.0000 (100.0000)
Averaged stats: Lr: 0.000007  Loss: 0.0085  Acc@1: 100.0000 (99.8730)  Acc@5: 100.0000 (100.0000)
Averaged stats: Lr: 0.000007  Loss: 0.0196  Acc@1: 100.0000 (99.7949)  Acc@5: 100.0000 (100.0000)
Averaged stats: Lr: 0.000007  Loss: 0.0144  Acc@1: 100.0000 (99.9023)  Acc@5: 100.0000 (100.0000)
Averaged stats: Lr: 0.000006  Loss: 0.0119  Acc@1: 100.0000 (99.8730)  Acc@5: 100.0000 (100.0000)
Averaged stats: Lr: 0.000006  Loss: 0.0082  Acc@1: 100.0000 (99.9219)  Acc@5: 100.0000 (100.0000)
Averaged stats: Lr: 0.000006  Loss: 0.0091  Acc@1: 100.0000 (99.8633)  Acc@5: 100.0000 (100.0000)
Averaged stats: Lr: 0.000006  Loss: 0.0043  Acc@1: 100.0000 (99.9023)  Acc@5: 100.0000 (100.0000)
Averaged stats: Lr: 0.000005  Loss: 0.0132  Acc@1: 100.0000 (99.9219)  Acc@5: 100.0000 (100.0000)
Averaged stats: Lr: 0.000005  Loss: 0.0062  Acc@1: 100.0000 (99.9023)  Acc@5: 100.0000 (100.0000)
Averaged stats: Lr: 0.000005  Loss: 0.0095  Acc@1: 100.0000 (99.9316)  Acc@5: 100.0000 (100.0000)
Averaged stats: Lr: 0.000004  Loss: 0.0077  Acc@1: 100.0000 (99.9316)  Acc@5: 100.0000 (100.0000)
Averaged stats: Lr: 0.000004  Loss: 0.0065  Acc@1: 100.0000 (99.9414)  Acc@5: 100.0000 (100.0000)
Averaged stats: Lr: 0.000004  Loss: 0.0051  Acc@1: 100.0000 (99.8633)  Acc@5: 100.0000 (100.0000)
Averaged stats: Lr: 0.000004  Loss: 0.0047  Acc@1: 100.0000 (99.9316)  Acc@5: 100.0000 (100.0000)
Averaged stats: Lr: 0.000003  Loss: 0.0062  Acc@1: 100.0000 (99.9512)  Acc@5: 100.0000 (100.0000)
Averaged stats: Lr: 0.000003  Loss: 0.0118  Acc@1: 100.0000 (99.9316)  Acc@5: 100.0000 (100.0000)
Averaged stats: Lr: 0.000003  Loss: 0.0058  Acc@1: 100.0000 (99.9316)  Acc@5: 100.0000 (100.0000)
Averaged stats: Lr: 0.000003  Loss: 0.0115  Acc@1: 100.0000 (99.9512)  Acc@5: 100.0000 (100.0000)
Averaged stats: Lr: 0.000002  Loss: 0.0066  Acc@1: 100.0000 (99.9023)  Acc@5: 100.0000 (100.0000)
Averaged stats: Lr: 0.000002  Loss: 0.0079  Acc@1: 100.0000 (99.9414)  Acc@5: 100.0000 (100.0000)
Averaged stats: Lr: 0.000002  Loss: 0.0072  Acc@1: 100.0000 (99.9707)  Acc@5: 100.0000 (100.0000)
Averaged stats: Lr: 0.000002  Loss: 0.0036  Acc@1: 100.0000 (99.9316)  Acc@5: 100.0000 (100.0000)
Averaged stats: Lr: 0.000002  Loss: 0.0110  Acc@1: 100.0000 (99.9219)  Acc@5: 100.0000 (100.0000)
Averaged stats: Lr: 0.000002  Loss: 0.0111  Acc@1: 100.0000 (99.9707)  Acc@5: 100.0000 (100.0000)
Averaged stats: Lr: 0.000001  Loss: 0.0085  Acc@1: 100.0000 (99.9609)  Acc@5: 100.0000 (100.0000)
Averaged stats: Lr: 0.000001  Loss: 0.0092  Acc@1: 100.0000 (99.9316)  Acc@5: 100.0000 (100.0000)
Averaged stats: Lr: 0.000001  Loss: 0.0120  Acc@1: 100.0000 (99.9512)  Acc@5: 100.0000 (100.0000)
Averaged stats: Lr: 0.000001  Loss: 0.0071  Acc@1: 100.0000 (99.9023)  Acc@5: 100.0000 (100.0000)
Averaged stats: Lr: 0.000001  Loss: 0.0060  Acc@1: 100.0000 (99.9512)  Acc@5: 100.0000 (100.0000)
Averaged stats: Lr: 0.000001  Loss: 0.0056  Acc@1: 100.0000 (99.9512)  Acc@5: 100.0000 (100.0000)
Averaged stats: Lr: 0.000001  Loss: 0.0126  Acc@1: 100.0000 (99.9414)  Acc@5: 100.0000 (100.0000)
Averaged stats: Lr: 0.000001  Loss: 0.0078  Acc@1: 100.0000 (99.9512)  Acc@5: 100.0000 (100.0000)
=> Saving class model to: outputs/cifar-100/10-task/one-prompt/models/repeat-5/task-9/
=> Save Done
validation split name (local False): 1
 * Val Acc 90.900, Total time 3.83
validation split name (local False): 2
 * Val Acc 91.200, Total time 3.94
validation split name (local False): 3
 * Val Acc 91.100, Total time 3.89
validation split name (local False): 4
 * Val Acc 89.200, Total time 3.65
validation split name (local False): 5
 * Val Acc 93.900, Total time 3.83
validation split name (local False): 6
 * Val Acc 91.300, Total time 3.55
validation split name (local False): 7
 * Val Acc 85.700, Total time 3.77
validation split name (local False): 8
 * Val Acc 92.100, Total time 3.63
validation split name (local False): 9
 * Val Acc 90.500, Total time 3.89
Averaged accuracy for task 9: 90.65555555555557
====================== 10 =======================
Incremental class: Old valid output dimension: 90
Incremental class: New Valid output dimension: 100
Saving old prompts
Optimizer is reset!
Total params: 86105956
Tune params: 307300
Tune ratio: 0.36
Prompt params: 230400
Prompt ratio: 0.27
Epoch:1/20  * Loss 1.460 | Train Acc 61.819
Epoch:2/20  * Loss 1.417 | Train Acc 64.663
Epoch:3/20  * Loss 0.438 | Train Acc 88.001
Epoch:4/20  * Loss 0.289 | Train Acc 91.026
Epoch:5/20  * Loss 0.249 | Train Acc 92.428
Epoch:6/20  * Loss 0.219 | Train Acc 92.768
Epoch:7/20  * Loss 0.205 | Train Acc 93.349
Epoch:8/20  * Loss 0.203 | Train Acc 93.069
Epoch:9/20  * Loss 0.193 | Train Acc 93.750
Epoch:10/20  * Loss 0.194 | Train Acc 93.550
Epoch:11/20  * Loss 0.189 | Train Acc 93.409
Epoch:12/20  * Loss 0.200 | Train Acc 93.450
Epoch:13/20  * Loss 0.175 | Train Acc 94.471
Epoch:14/20  * Loss 0.162 | Train Acc 94.952
Epoch:15/20  * Loss 0.172 | Train Acc 94.491
Epoch:16/20  * Loss 0.177 | Train Acc 94.131
Epoch:17/20  * Loss 0.156 | Train Acc 95.333
Epoch:18/20  * Loss 0.166 | Train Acc 95.012
Epoch:19/20  * Loss 0.161 | Train Acc 94.992
Epoch:20/20  * Loss 0.163 | Train Acc 94.692
----------
Selecting Experts...
----------
Averaged stats: Lr: 0.000010  Loss: 0.0456  Acc@1: 99.2188 (99.0191)  Acc@5: 100.0000 (99.9913)
Averaged stats: Lr: 0.000010  Loss: 0.0303  Acc@1: 100.0000 (99.2101)  Acc@5: 100.0000 (100.0000)
Averaged stats: Lr: 0.000010  Loss: 0.0712  Acc@1: 99.2188 (99.1927)  Acc@5: 100.0000 (100.0000)
Averaged stats: Lr: 0.000010  Loss: 0.0099  Acc@1: 99.2188 (99.1753)  Acc@5: 100.0000 (100.0000)
Averaged stats: Lr: 0.000010  Loss: 0.0259  Acc@1: 99.2188 (99.2708)  Acc@5: 100.0000 (100.0000)
Averaged stats: Lr: 0.000010  Loss: 0.0430  Acc@1: 99.2188 (99.2188)  Acc@5: 100.0000 (100.0000)
Averaged stats: Lr: 0.000010  Loss: 0.0270  Acc@1: 99.2188 (99.4358)  Acc@5: 100.0000 (100.0000)
Averaged stats: Lr: 0.000009  Loss: 0.0191  Acc@1: 99.2188 (99.4531)  Acc@5: 100.0000 (100.0000)
Averaged stats: Lr: 0.000009  Loss: 0.0379  Acc@1: 100.0000 (99.5226)  Acc@5: 100.0000 (100.0000)
Averaged stats: Lr: 0.000009  Loss: 0.0340  Acc@1: 99.2188 (99.3229)  Acc@5: 100.0000 (100.0000)
Averaged stats: Lr: 0.000009  Loss: 0.0252  Acc@1: 100.0000 (99.4878)  Acc@5: 100.0000 (100.0000)
Averaged stats: Lr: 0.000009  Loss: 0.0108  Acc@1: 99.2188 (99.4705)  Acc@5: 100.0000 (100.0000)
Averaged stats: Lr: 0.000009  Loss: 0.0326  Acc@1: 100.0000 (99.6007)  Acc@5: 100.0000 (100.0000)
Averaged stats: Lr: 0.000008  Loss: 0.0074  Acc@1: 99.2188 (99.5312)  Acc@5: 100.0000 (100.0000)
Averaged stats: Lr: 0.000008  Loss: 0.0146  Acc@1: 99.2188 (99.6094)  Acc@5: 100.0000 (100.0000)
Averaged stats: Lr: 0.000008  Loss: 0.0284  Acc@1: 99.2188 (99.5573)  Acc@5: 100.0000 (100.0000)
Averaged stats: Lr: 0.000008  Loss: 0.0284  Acc@1: 99.2188 (99.6267)  Acc@5: 100.0000 (100.0000)
Averaged stats: Lr: 0.000007  Loss: 0.0233  Acc@1: 100.0000 (99.5660)  Acc@5: 100.0000 (100.0000)
Averaged stats: Lr: 0.000007  Loss: 0.0052  Acc@1: 99.2188 (99.5226)  Acc@5: 100.0000 (100.0000)
Averaged stats: Lr: 0.000007  Loss: 0.0203  Acc@1: 100.0000 (99.5747)  Acc@5: 100.0000 (100.0000)
Averaged stats: Lr: 0.000007  Loss: 0.0130  Acc@1: 100.0000 (99.5660)  Acc@5: 100.0000 (100.0000)
Averaged stats: Lr: 0.000006  Loss: 0.0080  Acc@1: 100.0000 (99.6441)  Acc@5: 100.0000 (100.0000)
Averaged stats: Lr: 0.000006  Loss: 0.0107  Acc@1: 100.0000 (99.6181)  Acc@5: 100.0000 (100.0000)
Averaged stats: Lr: 0.000006  Loss: 0.0210  Acc@1: 100.0000 (99.6181)  Acc@5: 100.0000 (100.0000)
Averaged stats: Lr: 0.000006  Loss: 0.0179  Acc@1: 99.2188 (99.6094)  Acc@5: 100.0000 (100.0000)
Averaged stats: Lr: 0.000005  Loss: 0.0268  Acc@1: 100.0000 (99.5660)  Acc@5: 100.0000 (100.0000)
Averaged stats: Lr: 0.000005  Loss: 0.0190  Acc@1: 100.0000 (99.6181)  Acc@5: 100.0000 (100.0000)
Averaged stats: Lr: 0.000005  Loss: 0.0353  Acc@1: 100.0000 (99.6267)  Acc@5: 100.0000 (100.0000)
Averaged stats: Lr: 0.000004  Loss: 0.0228  Acc@1: 100.0000 (99.6181)  Acc@5: 100.0000 (100.0000)
Averaged stats: Lr: 0.000004  Loss: 0.0144  Acc@1: 100.0000 (99.5747)  Acc@5: 100.0000 (100.0000)
Averaged stats: Lr: 0.000004  Loss: 0.0127  Acc@1: 99.2188 (99.6267)  Acc@5: 100.0000 (100.0000)
Averaged stats: Lr: 0.000004  Loss: 0.0202  Acc@1: 100.0000 (99.6615)  Acc@5: 100.0000 (100.0000)
Averaged stats: Lr: 0.000003  Loss: 0.0284  Acc@1: 100.0000 (99.6094)  Acc@5: 100.0000 (100.0000)
Averaged stats: Lr: 0.000003  Loss: 0.0207  Acc@1: 100.0000 (99.6962)  Acc@5: 100.0000 (100.0000)
Averaged stats: Lr: 0.000003  Loss: 0.0155  Acc@1: 100.0000 (99.5747)  Acc@5: 100.0000 (100.0000)
Averaged stats: Lr: 0.000003  Loss: 0.0121  Acc@1: 100.0000 (99.7049)  Acc@5: 100.0000 (100.0000)
Averaged stats: Lr: 0.000002  Loss: 0.0359  Acc@1: 99.2188 (99.6267)  Acc@5: 100.0000 (100.0000)
Averaged stats: Lr: 0.000002  Loss: 0.0115  Acc@1: 100.0000 (99.6788)  Acc@5: 100.0000 (100.0000)
Averaged stats: Lr: 0.000002  Loss: 0.0162  Acc@1: 100.0000 (99.6701)  Acc@5: 100.0000 (100.0000)
Averaged stats: Lr: 0.000002  Loss: 0.0161  Acc@1: 100.0000 (99.6962)  Acc@5: 100.0000 (100.0000)
Averaged stats: Lr: 0.000002  Loss: 0.0131  Acc@1: 100.0000 (99.6007)  Acc@5: 100.0000 (100.0000)
Averaged stats: Lr: 0.000002  Loss: 0.0250  Acc@1: 100.0000 (99.6354)  Acc@5: 100.0000 (100.0000)
Averaged stats: Lr: 0.000001  Loss: 0.0174  Acc@1: 100.0000 (99.6788)  Acc@5: 100.0000 (100.0000)
Averaged stats: Lr: 0.000001  Loss: 0.0116  Acc@1: 100.0000 (99.6354)  Acc@5: 100.0000 (100.0000)
Averaged stats: Lr: 0.000001  Loss: 0.0327  Acc@1: 100.0000 (99.7222)  Acc@5: 100.0000 (100.0000)
Averaged stats: Lr: 0.000001  Loss: 0.0161  Acc@1: 100.0000 (99.6094)  Acc@5: 100.0000 (100.0000)
Averaged stats: Lr: 0.000001  Loss: 0.0182  Acc@1: 100.0000 (99.6267)  Acc@5: 100.0000 (100.0000)
Averaged stats: Lr: 0.000001  Loss: 0.0155  Acc@1: 100.0000 (99.7309)  Acc@5: 100.0000 (100.0000)
Averaged stats: Lr: 0.000001  Loss: 0.0177  Acc@1: 99.2188 (99.5573)  Acc@5: 100.0000 (100.0000)
Averaged stats: Lr: 0.000001  Loss: 0.0150  Acc@1: 100.0000 (99.6007)  Acc@5: 100.0000 (100.0000)
=> Saving class model to: outputs/cifar-100/10-task/one-prompt/models/repeat-5/task-10/
=> Save Done
validation split name (local False): 1
 * Val Acc 91.000, Total time 3.65
validation split name (local False): 2
 * Val Acc 88.900, Total time 3.98
validation split name (local False): 3
 * Val Acc 89.900, Total time 3.82
validation split name (local False): 4
 * Val Acc 88.500, Total time 3.92
validation split name (local False): 5
 * Val Acc 92.000, Total time 3.86
validation split name (local False): 6
 * Val Acc 89.600, Total time 3.39
validation split name (local False): 7
 * Val Acc 85.600, Total time 3.98
validation split name (local False): 8
 * Val Acc 92.100, Total time 4.13
validation split name (local False): 9
 * Val Acc 86.700, Total time 3.76
validation split name (local False): 10
 * Val Acc 84.500, Total time 4.15
Averaged accuracy for task 10: 88.88
Loading sup1k from pretrained/vit_base_patch16_224_augreg2_in21k_ft_in1k.bin ...
Total params: 86105956
Tune params: 307300
Tune ratio: 0.36
Prompt params: 230400
Prompt ratio: 0.27
Incremental class: Old valid output dimension: 0
Incremental class: New Valid output dimension: 10
=> Load Done from outputs/cifar-100/10-task/one-prompt/models/repeat-5/task-1/
validation split name (local False): 1
 * Val Acc 98.500, Total time 3.65
Averaged accuracy for task 1: 98.5
Saving old prompts
Incremental class: Old valid output dimension: 10
Incremental class: New Valid output dimension: 20
=> Load Done from outputs/cifar-100/10-task/one-prompt/models/repeat-5/task-2/
validation split name (local False): 1
 * Val Acc 97.600, Total time 3.44
validation split name (local False): 2
 * Val Acc 95.100, Total time 4.01
Averaged accuracy for task 2: 96.35
Saving old prompts
Incremental class: Old valid output dimension: 20
Incremental class: New Valid output dimension: 30
=> Load Done from outputs/cifar-100/10-task/one-prompt/models/repeat-5/task-3/
validation split name (local False): 1
 * Val Acc 95.100, Total time 3.89
validation split name (local False): 2
 * Val Acc 94.400, Total time 3.85
validation split name (local False): 3
 * Val Acc 94.900, Total time 4.22
Averaged accuracy for task 3: 94.8
Saving old prompts
Incremental class: Old valid output dimension: 30
Incremental class: New Valid output dimension: 40
=> Load Done from outputs/cifar-100/10-task/one-prompt/models/repeat-5/task-4/
validation split name (local False): 1
 * Val Acc 95.200, Total time 3.96
validation split name (local False): 2
 * Val Acc 93.100, Total time 3.38
validation split name (local False): 3
 * Val Acc 94.300, Total time 3.91
validation split name (local False): 4
 * Val Acc 95.200, Total time 3.77
Averaged accuracy for task 4: 94.45
Saving old prompts
Incremental class: Old valid output dimension: 40
Incremental class: New Valid output dimension: 50
=> Load Done from outputs/cifar-100/10-task/one-prompt/models/repeat-5/task-5/
validation split name (local False): 1
 * Val Acc 94.300, Total time 3.81
validation split name (local False): 2
 * Val Acc 92.200, Total time 3.80
validation split name (local False): 3
 * Val Acc 94.600, Total time 3.67
validation split name (local False): 4
 * Val Acc 94.500, Total time 3.94
validation split name (local False): 5
 * Val Acc 96.200, Total time 3.88
Averaged accuracy for task 5: 94.36
Saving old prompts
Incremental class: Old valid output dimension: 50
Incremental class: New Valid output dimension: 60
=> Load Done from outputs/cifar-100/10-task/one-prompt/models/repeat-5/task-6/
validation split name (local False): 1
 * Val Acc 93.100, Total time 3.71
validation split name (local False): 2
 * Val Acc 92.300, Total time 3.79
validation split name (local False): 3
 * Val Acc 92.400, Total time 3.92
validation split name (local False): 4
 * Val Acc 92.300, Total time 4.08
validation split name (local False): 5
 * Val Acc 95.100, Total time 4.12
validation split name (local False): 6
 * Val Acc 93.800, Total time 4.00
Averaged accuracy for task 6: 93.16666666666664
Saving old prompts
Incremental class: Old valid output dimension: 60
Incremental class: New Valid output dimension: 70
=> Load Done from outputs/cifar-100/10-task/one-prompt/models/repeat-5/task-7/
validation split name (local False): 1
 * Val Acc 92.700, Total time 3.78
validation split name (local False): 2
 * Val Acc 90.900, Total time 3.91
validation split name (local False): 3
 * Val Acc 91.400, Total time 4.20
validation split name (local False): 4
 * Val Acc 92.000, Total time 3.89
validation split name (local False): 5
 * Val Acc 95.100, Total time 3.81
validation split name (local False): 6
 * Val Acc 90.100, Total time 4.05
validation split name (local False): 7
 * Val Acc 88.800, Total time 3.95
Averaged accuracy for task 7: 91.57142857142857
Saving old prompts
Incremental class: Old valid output dimension: 70
Incremental class: New Valid output dimension: 80
=> Load Done from outputs/cifar-100/10-task/one-prompt/models/repeat-5/task-8/
validation split name (local False): 1
 * Val Acc 92.400, Total time 3.98
validation split name (local False): 2
 * Val Acc 90.800, Total time 3.89
validation split name (local False): 3
 * Val Acc 92.000, Total time 3.60
validation split name (local False): 4
 * Val Acc 89.300, Total time 4.10
validation split name (local False): 5
 * Val Acc 94.500, Total time 3.90
validation split name (local False): 6
 * Val Acc 90.600, Total time 3.99
validation split name (local False): 7
 * Val Acc 87.400, Total time 4.00
validation split name (local False): 8
 * Val Acc 93.300, Total time 4.01
Averaged accuracy for task 8: 91.2875
Saving old prompts
Incremental class: Old valid output dimension: 80
Incremental class: New Valid output dimension: 90
=> Load Done from outputs/cifar-100/10-task/one-prompt/models/repeat-5/task-9/
validation split name (local False): 1
 * Val Acc 90.900, Total time 3.89
validation split name (local False): 2
 * Val Acc 91.200, Total time 4.28
validation split name (local False): 3
 * Val Acc 91.100, Total time 4.01
validation split name (local False): 4
 * Val Acc 89.200, Total time 3.89
validation split name (local False): 5
 * Val Acc 93.900, Total time 3.70
validation split name (local False): 6
 * Val Acc 91.300, Total time 3.51
validation split name (local False): 7
 * Val Acc 85.700, Total time 3.80
validation split name (local False): 8
 * Val Acc 92.100, Total time 3.87
validation split name (local False): 9
 * Val Acc 90.500, Total time 4.03
Averaged accuracy for task 9: 90.65555555555557
Saving old prompts
Incremental class: Old valid output dimension: 90
Incremental class: New Valid output dimension: 100
=> Load Done from outputs/cifar-100/10-task/one-prompt/models/repeat-5/task-10/
validation split name (local False): 1
 * Val Acc 91.000, Total time 3.53
validation split name (local False): 2
 * Val Acc 88.900, Total time 3.93
validation split name (local False): 3
 * Val Acc 89.900, Total time 3.87
validation split name (local False): 4
 * Val Acc 88.500, Total time 3.70
validation split name (local False): 5
 * Val Acc 92.000, Total time 3.78
validation split name (local False): 6
 * Val Acc 89.600, Total time 3.92
validation split name (local False): 7
 * Val Acc 85.600, Total time 4.11
validation split name (local False): 8
 * Val Acc 92.100, Total time 4.13
validation split name (local False): 9
 * Val Acc 86.700, Total time 4.02
validation split name (local False): 10
 * Val Acc 84.500, Total time 3.87
Averaged accuracy for task 10: 88.88
=== Total time: 2:47:55 ===
===Summary of experiment repeats: 5 / 5 ===
acc  | mean: 88.88 std: 0.1203328716519338
time  | mean: 1.1526265401717946 std: 0.07764846424895774
fr  | mean: 4.304444444444444 std: 0.3651213226407267
FAA | mean: 88.88 std: 0.1203328716519338
CAA | mean: 92.7837857142857 std: 0.8246623043598187
FR | mean: 4.304444444444444 std: 0.3651213226407267
