{"event": "split_lite_step", "task_id": 0, "batch": 0, "projected": 0, "collected": 25, "mean_removed_ratio": 0.0, "strict_current_topk": false, "project_active_experts": null}
{"event": "split_lite_step", "task_id": 0, "batch": 20, "projected": 0, "collected": 25, "mean_removed_ratio": 0.0, "strict_current_topk": false, "project_active_experts": null}
{"event": "split_lite_step", "task_id": 0, "batch": 40, "projected": 0, "collected": 25, "mean_removed_ratio": 0.0, "strict_current_topk": false, "project_active_experts": null}
{"event": "split_lite_step", "task_id": 0, "batch": 60, "projected": 0, "collected": 25, "mean_removed_ratio": 0.0, "strict_current_topk": false, "project_active_experts": null}
{"event": "split_lite_step", "task_id": 0, "batch": 80, "projected": 0, "collected": 25, "mean_removed_ratio": 0.0, "strict_current_topk": false, "project_active_experts": null}
{"event": "split_lite_step", "task_id": 0, "batch": 100, "projected": 0, "collected": 25, "mean_removed_ratio": 0.0, "strict_current_topk": false, "project_active_experts": null}
{"event": "split_lite_step", "task_id": 0, "batch": 120, "projected": 0, "collected": 25, "mean_removed_ratio": 0.0, "strict_current_topk": false, "project_active_experts": null}
{"event": "split_lite_step", "task_id": 0, "batch": 140, "projected": 0, "collected": 25, "mean_removed_ratio": 0.0, "strict_current_topk": false, "project_active_experts": null}
{"event": "split_lite_step", "task_id": 0, "batch": 160, "projected": 0, "collected": 25, "mean_removed_ratio": 0.0, "strict_current_topk": false, "project_active_experts": null}
{"event": "split_lite_step", "task_id": 0, "batch": 180, "projected": 0, "collected": 25, "mean_removed_ratio": 0.0, "strict_current_topk": false, "project_active_experts": null}
{"event": "split_lite_step", "task_id": 0, "batch": 200, "projected": 0, "collected": 25, "mean_removed_ratio": 0.0, "strict_current_topk": false, "project_active_experts": null}
{"event": "split_lite_step", "task_id": 0, "batch": 220, "projected": 0, "collected": 25, "mean_removed_ratio": 0.0, "strict_current_topk": false, "project_active_experts": null}
{"event": "split_lite_step", "task_id": 0, "batch": 240, "projected": 0, "collected": 25, "mean_removed_ratio": 0.0, "strict_current_topk": false, "project_active_experts": null}
{"event": "split_lite_step", "task_id": 0, "batch": 260, "projected": 0, "collected": 25, "mean_removed_ratio": 0.0, "strict_current_topk": false, "project_active_experts": null}
{"event": "split_lite_step", "task_id": 0, "batch": 280, "projected": 0, "collected": 25, "mean_removed_ratio": 0.0, "strict_current_topk": false, "project_active_experts": null}
{"event": "split_lite_step", "task_id": 0, "batch": 300, "projected": 0, "collected": 25, "mean_removed_ratio": 0.0, "strict_current_topk": false, "project_active_experts": null}
{"event": "split_lite_step", "task_id": 0, "batch": 320, "projected": 0, "collected": 25, "mean_removed_ratio": 0.0, "strict_current_topk": false, "project_active_experts": null}
{"event": "split_lite_step", "task_id": 0, "batch": 340, "projected": 0, "collected": 25, "mean_removed_ratio": 0.0, "strict_current_topk": false, "project_active_experts": null}
{"event": "split_lite_step", "task_id": 0, "batch": 360, "projected": 0, "collected": 25, "mean_removed_ratio": 0.0, "strict_current_topk": false, "project_active_experts": null}
{"event": "split_lite_step", "task_id": 0, "batch": 380, "projected": 0, "collected": 25, "mean_removed_ratio": 0.0, "strict_current_topk": false, "project_active_experts": null}
{"event": "split_lite_step", "task_id": 0, "batch": 400, "projected": 0, "collected": 25, "mean_removed_ratio": 0.0, "strict_current_topk": false, "project_active_experts": null}
{"event": "split_lite_step", "task_id": 0, "batch": 420, "projected": 0, "collected": 25, "mean_removed_ratio": 0.0, "strict_current_topk": false, "project_active_experts": null}
{"event": "split_lite_step", "task_id": 0, "batch": 440, "projected": 0, "collected": 25, "mean_removed_ratio": 0.0, "strict_current_topk": false, "project_active_experts": null}
{"event": "split_lite_step", "task_id": 0, "batch": 460, "projected": 0, "collected": 25, "mean_removed_ratio": 0.0, "strict_current_topk": false, "project_active_experts": null}
{"event": "split_lite_step", "task_id": 0, "batch": 480, "projected": 0, "collected": 25, "mean_removed_ratio": 0.0, "strict_current_topk": false, "project_active_experts": null}
{"event": "split_lite_step", "task_id": 0, "batch": 500, "projected": 0, "collected": 25, "mean_removed_ratio": 0.0, "strict_current_topk": false, "project_active_experts": null}
{"event": "split_lite_step", "task_id": 0, "batch": 520, "projected": 0, "collected": 25, "mean_removed_ratio": 0.0, "strict_current_topk": false, "project_active_experts": null}
{"event": "split_lite_step", "task_id": 0, "batch": 540, "projected": 0, "collected": 25, "mean_removed_ratio": 0.0, "strict_current_topk": false, "project_active_experts": null}
{"event": "split_lite_step", "task_id": 0, "batch": 560, "projected": 0, "collected": 25, "mean_removed_ratio": 0.0, "strict_current_topk": false, "project_active_experts": null}
{"event": "split_lite_step", "task_id": 0, "batch": 580, "projected": 0, "collected": 25, "mean_removed_ratio": 0.0, "strict_current_topk": false, "project_active_experts": null}
{"event": "split_lite_step", "task_id": 0, "batch": 600, "projected": 0, "collected": 25, "mean_removed_ratio": 0.0, "strict_current_topk": false, "project_active_experts": null}
{"event": "split_lite_step", "task_id": 0, "batch": 620, "projected": 0, "collected": 25, "mean_removed_ratio": 0.0, "strict_current_topk": false, "project_active_experts": null}
{"event": "split_lite_step", "task_id": 0, "batch": 640, "projected": 0, "collected": 25, "mean_removed_ratio": 0.0, "strict_current_topk": false, "project_active_experts": null}
{"event": "split_lite_step", "task_id": 0, "batch": 660, "projected": 0, "collected": 25, "mean_removed_ratio": 0.0, "strict_current_topk": false, "project_active_experts": null}
{"event": "split_lite_step", "task_id": 0, "batch": 680, "projected": 0, "collected": 25, "mean_removed_ratio": 0.0, "strict_current_topk": false, "project_active_experts": null}
{"event": "split_lite_step", "task_id": 0, "batch": 700, "projected": 0, "collected": 25, "mean_removed_ratio": 0.0, "strict_current_topk": false, "project_active_experts": null}
{"event": "split_lite_step", "task_id": 0, "batch": 720, "projected": 0, "collected": 25, "mean_removed_ratio": 0.0, "strict_current_topk": false, "project_active_experts": null}
{"event": "split_lite_step", "task_id": 0, "batch": 740, "projected": 0, "collected": 25, "mean_removed_ratio": 0.0, "strict_current_topk": false, "project_active_experts": null}
{"event": "split_lite_step", "task_id": 0, "batch": 760, "projected": 0, "collected": 25, "mean_removed_ratio": 0.0, "strict_current_topk": false, "project_active_experts": null}
{"event": "split_lite_step", "task_id": 0, "batch": 780, "projected": 0, "collected": 25, "mean_removed_ratio": 0.0, "strict_current_topk": false, "project_active_experts": null}
{"event": "split_lite_step", "task_id": 0, "batch": 800, "projected": 0, "collected": 25, "mean_removed_ratio": 0.0, "strict_current_topk": false, "project_active_experts": null}
{"event": "split_lite_step", "task_id": 0, "batch": 820, "projected": 0, "collected": 25, "mean_removed_ratio": 0.0, "strict_current_topk": false, "project_active_experts": null}
{"event": "split_lite_step", "task_id": 0, "batch": 840, "projected": 0, "collected": 25, "mean_removed_ratio": 0.0, "strict_current_topk": false, "project_active_experts": null}
{"event": "split_lite_step", "task_id": 0, "batch": 860, "projected": 0, "collected": 25, "mean_removed_ratio": 0.0, "strict_current_topk": false, "project_active_experts": null}
{"event": "split_lite_step", "task_id": 0, "batch": 880, "projected": 0, "collected": 25, "mean_removed_ratio": 0.0, "strict_current_topk": false, "project_active_experts": null}
{"event": "split_lite_step", "task_id": 0, "batch": 900, "projected": 0, "collected": 25, "mean_removed_ratio": 0.0, "strict_current_topk": false, "project_active_experts": null}
{"event": "split_lite_step", "task_id": 0, "batch": 920, "projected": 0, "collected": 25, "mean_removed_ratio": 0.0, "strict_current_topk": false, "project_active_experts": null}
{"event": "split_lite_step", "task_id": 0, "batch": 940, "projected": 0, "collected": 25, "mean_removed_ratio": 0.0, "strict_current_topk": false, "project_active_experts": null}
{"event": "split_lite_step", "task_id": 0, "batch": 960, "projected": 0, "collected": 25, "mean_removed_ratio": 0.0, "strict_current_topk": false, "project_active_experts": null}
{"event": "split_lite_step", "task_id": 0, "batch": 980, "projected": 0, "collected": 25, "mean_removed_ratio": 0.0, "strict_current_topk": false, "project_active_experts": null}
{"event": "split_lite_step", "task_id": 0, "batch": 1000, "projected": 0, "collected": 25, "mean_removed_ratio": 0.0, "strict_current_topk": false, "project_active_experts": null}
{"event": "split_lite_step", "task_id": 0, "batch": 1020, "projected": 0, "collected": 25, "mean_removed_ratio": 0.0, "strict_current_topk": false, "project_active_experts": null}
{"event": "split_lite_step", "task_id": 0, "batch": 1040, "projected": 0, "collected": 25, "mean_removed_ratio": 0.0, "strict_current_topk": false, "project_active_experts": null}
{"event": "split_lite_step", "task_id": 0, "batch": 1060, "projected": 0, "collected": 25, "mean_removed_ratio": 0.0, "strict_current_topk": false, "project_active_experts": null}
{"event": "split_lite_step", "task_id": 0, "batch": 1080, "projected": 0, "collected": 25, "mean_removed_ratio": 0.0, "strict_current_topk": false, "project_active_experts": null}
{"event": "split_lite_step", "task_id": 0, "batch": 1100, "projected": 0, "collected": 25, "mean_removed_ratio": 0.0, "strict_current_topk": false, "project_active_experts": null}
{"event": "split_lite_step", "task_id": 0, "batch": 1120, "projected": 0, "collected": 25, "mean_removed_ratio": 0.0, "strict_current_topk": false, "project_active_experts": null}
{"event": "split_lite_step", "task_id": 0, "batch": 1140, "projected": 0, "collected": 25, "mean_removed_ratio": 0.0, "strict_current_topk": false, "project_active_experts": null}
{"event": "split_lite_step", "task_id": 0, "batch": 1160, "projected": 0, "collected": 25, "mean_removed_ratio": 0.0, "strict_current_topk": false, "project_active_experts": null}
{"event": "split_lite_task_finish", "task_id": 0, "rank": 4, "alpha": 0.2, "interval": 20, "buffer_size": 24, "expert_threshold": 0.03, "active_topk": 16, "strict_current_topk": false, "active_experts": [0, 2, 4, 6, 8, 9, 11, 12, 13, 14, 15, 17, 19, 21, 22, 24], "usage": {"vector": [0.04444444552063942, 0.025048967450857162, 0.05838397145271301, 0.03641437366604805, 0.04984419420361519, 0.03333333507180214, 0.05208110809326172, 0.03611111268401146, 0.03888889029622078, 0.0416666679084301, 0.036120012402534485, 0.04444444552063942, 0.03888889029622078, 0.04995771124958992, 0.041634950786828995, 0.047213319689035416, 0.02500000037252903, 0.04721610248088837, 0.030695224180817604, 0.03953436762094498, 0.02500000037252903, 0.03888889029622078, 0.04696069285273552, 0.03333945572376251, 0.03888889029622078], "top3": [2, 6, 13], "top5": [2, 6, 13, 4, 17], "top3_mass": 0.16042278707027435, "top5_mass": 0.2574830949306488, "entropy": 3.196197509765625, "max_entropy": 3.2188758248682006}, "basis_sizes": {"e_pv": {"0": 4, "2": 4, "4": 4, "6": 4, "8": 4, "9": 4, "11": 4, "12": 4, "13": 4, "14": 4, "15": 4, "17": 4, "19": 4, "21": 4, "22": 4, "24": 4}}, "stats": {"project_calls": 59, "projected_vectors": 0, "collected_vectors": 1475, "skipped_steps": 1111}, "diagnostics": {"expert_usage_mode": "cumulative", "previous_selected_jaccard": 0.0, "cp_overlap": null}}
{"event": "split_lite_step", "task_id": 1, "batch": 1180, "projected": 16, "collected": 25, "mean_removed_ratio": 0.10473605641163886, "strict_current_topk": false, "project_active_experts": [0, 2, 4, 6, 8, 9, 11, 12, 13, 14, 15, 17, 19, 21, 22, 24]}
{"event": "split_lite_step", "task_id": 1, "batch": 1200, "projected": 16, "collected": 25, "mean_removed_ratio": 0.10200629686005414, "strict_current_topk": false, "project_active_experts": [0, 2, 4, 6, 8, 9, 11, 12, 13, 14, 15, 17, 19, 21, 22, 24]}
{"event": "split_lite_step", "task_id": 1, "batch": 1220, "projected": 16, "collected": 25, "mean_removed_ratio": 0.10285611497238278, "strict_current_topk": false, "project_active_experts": [0, 2, 4, 6, 8, 9, 11, 12, 13, 14, 15, 17, 19, 21, 22, 24]}
{"event": "split_lite_step", "task_id": 1, "batch": 1240, "projected": 16, "collected": 25, "mean_removed_ratio": 0.1038439313415438, "strict_current_topk": false, "project_active_experts": [0, 2, 4, 6, 8, 9, 11, 12, 13, 14, 15, 17, 19, 21, 22, 24]}
{"event": "split_lite_step", "task_id": 1, "batch": 1260, "projected": 16, "collected": 25, "mean_removed_ratio": 0.04077315592439845, "strict_current_topk": false, "project_active_experts": [0, 2, 4, 6, 8, 9, 11, 12, 13, 14, 15, 17, 19, 21, 22, 24]}
{"event": "split_lite_step", "task_id": 1, "batch": 1280, "projected": 16, "collected": 25, "mean_removed_ratio": 0.03816175676183775, "strict_current_topk": false, "project_active_experts": [0, 2, 4, 6, 8, 9, 11, 12, 13, 14, 15, 17, 19, 21, 22, 24]}
{"event": "split_lite_step", "task_id": 1, "batch": 1300, "projected": 16, "collected": 25, "mean_removed_ratio": 0.04651649680454284, "strict_current_topk": false, "project_active_experts": [0, 2, 4, 6, 8, 9, 11, 12, 13, 14, 15, 17, 19, 21, 22, 24]}
{"event": "split_lite_step", "task_id": 1, "batch": 1320, "projected": 16, "collected": 25, "mean_removed_ratio": 0.05424604774452746, "strict_current_topk": false, "project_active_experts": [0, 2, 4, 6, 8, 9, 11, 12, 13, 14, 15, 17, 19, 21, 22, 24]}
{"event": "split_lite_step", "task_id": 1, "batch": 1340, "projected": 16, "collected": 25, "mean_removed_ratio": 0.06461344414856285, "strict_current_topk": false, "project_active_experts": [0, 2, 4, 6, 8, 9, 11, 12, 13, 14, 15, 17, 19, 21, 22, 24]}
{"event": "split_lite_step", "task_id": 1, "batch": 1360, "projected": 16, "collected": 25, "mean_removed_ratio": 0.048048788914456964, "strict_current_topk": false, "project_active_experts": [0, 2, 4, 6, 8, 9, 11, 12, 13, 14, 15, 17, 19, 21, 22, 24]}
{"event": "split_lite_step", "task_id": 1, "batch": 1380, "projected": 16, "collected": 25, "mean_removed_ratio": 0.03435555152827874, "strict_current_topk": false, "project_active_experts": [0, 2, 4, 6, 8, 9, 11, 12, 13, 14, 15, 17, 19, 21, 22, 24]}
{"event": "split_lite_step", "task_id": 1, "batch": 1400, "projected": 16, "collected": 25, "mean_removed_ratio": 0.031887331686448306, "strict_current_topk": false, "project_active_experts": [0, 2, 4, 6, 8, 9, 11, 12, 13, 14, 15, 17, 19, 21, 22, 24]}
{"event": "split_lite_step", "task_id": 1, "batch": 1420, "projected": 16, "collected": 25, "mean_removed_ratio": 0.04903337953146547, "strict_current_topk": false, "project_active_experts": [0, 2, 4, 6, 8, 9, 11, 12, 13, 14, 15, 17, 19, 21, 22, 24]}
{"event": "split_lite_step", "task_id": 1, "batch": 1440, "projected": 16, "collected": 25, "mean_removed_ratio": 0.03256458468968049, "strict_current_topk": false, "project_active_experts": [0, 2, 4, 6, 8, 9, 11, 12, 13, 14, 15, 17, 19, 21, 22, 24]}
{"event": "split_lite_step", "task_id": 1, "batch": 1460, "projected": 16, "collected": 25, "mean_removed_ratio": 0.032750037556979805, "strict_current_topk": false, "project_active_experts": [0, 2, 4, 6, 8, 9, 11, 12, 13, 14, 15, 17, 19, 21, 22, 24]}
{"event": "split_lite_step", "task_id": 1, "batch": 1480, "projected": 16, "collected": 25, "mean_removed_ratio": 0.05065848340746015, "strict_current_topk": false, "project_active_experts": [0, 2, 4, 6, 8, 9, 11, 12, 13, 14, 15, 17, 19, 21, 22, 24]}
{"event": "split_lite_step", "task_id": 1, "batch": 1500, "projected": 16, "collected": 25, "mean_removed_ratio": 0.0367510755895637, "strict_current_topk": false, "project_active_experts": [0, 2, 4, 6, 8, 9, 11, 12, 13, 14, 15, 17, 19, 21, 22, 24]}
{"event": "split_lite_step", "task_id": 1, "batch": 1520, "projected": 16, "collected": 25, "mean_removed_ratio": 0.030366782273631543, "strict_current_topk": false, "project_active_experts": [0, 2, 4, 6, 8, 9, 11, 12, 13, 14, 15, 17, 19, 21, 22, 24]}
{"event": "split_lite_step", "task_id": 1, "batch": 1540, "projected": 16, "collected": 25, "mean_removed_ratio": 0.03205168226850219, "strict_current_topk": false, "project_active_experts": [0, 2, 4, 6, 8, 9, 11, 12, 13, 14, 15, 17, 19, 21, 22, 24]}
{"event": "split_lite_step", "task_id": 1, "batch": 1560, "projected": 16, "collected": 25, "mean_removed_ratio": 0.033487800508737564, "strict_current_topk": false, "project_active_experts": [0, 2, 4, 6, 8, 9, 11, 12, 13, 14, 15, 17, 19, 21, 22, 24]}
{"event": "split_lite_step", "task_id": 1, "batch": 1580, "projected": 16, "collected": 25, "mean_removed_ratio": 0.02383717492921278, "strict_current_topk": false, "project_active_experts": [0, 2, 4, 6, 8, 9, 11, 12, 13, 14, 15, 17, 19, 21, 22, 24]}
{"event": "split_lite_step", "task_id": 1, "batch": 1600, "projected": 16, "collected": 25, "mean_removed_ratio": 0.017964214042876847, "strict_current_topk": false, "project_active_experts": [0, 2, 4, 6, 8, 9, 11, 12, 13, 14, 15, 17, 19, 21, 22, 24]}
{"event": "split_lite_step", "task_id": 1, "batch": 1620, "projected": 16, "collected": 25, "mean_removed_ratio": 0.022239082667510957, "strict_current_topk": false, "project_active_experts": [0, 2, 4, 6, 8, 9, 11, 12, 13, 14, 15, 17, 19, 21, 22, 24]}
{"event": "split_lite_step", "task_id": 1, "batch": 1640, "projected": 16, "collected": 25, "mean_removed_ratio": 0.03354632665286772, "strict_current_topk": false, "project_active_experts": [0, 2, 4, 6, 8, 9, 11, 12, 13, 14, 15, 17, 19, 21, 22, 24]}
{"event": "split_lite_step", "task_id": 1, "batch": 1660, "projected": 16, "collected": 25, "mean_removed_ratio": 0.024424436895060353, "strict_current_topk": false, "project_active_experts": [0, 2, 4, 6, 8, 9, 11, 12, 13, 14, 15, 17, 19, 21, 22, 24]}
{"event": "split_lite_step", "task_id": 1, "batch": 1680, "projected": 16, "collected": 25, "mean_removed_ratio": 0.0305460425443016, "strict_current_topk": false, "project_active_experts": [0, 2, 4, 6, 8, 9, 11, 12, 13, 14, 15, 17, 19, 21, 22, 24]}
{"event": "split_lite_step", "task_id": 1, "batch": 1700, "projected": 16, "collected": 25, "mean_removed_ratio": 0.045909752836450934, "strict_current_topk": false, "project_active_experts": [0, 2, 4, 6, 8, 9, 11, 12, 13, 14, 15, 17, 19, 21, 22, 24]}
{"event": "split_lite_step", "task_id": 1, "batch": 1720, "projected": 16, "collected": 25, "mean_removed_ratio": 0.033615470165386796, "strict_current_topk": false, "project_active_experts": [0, 2, 4, 6, 8, 9, 11, 12, 13, 14, 15, 17, 19, 21, 22, 24]}
{"event": "split_lite_step", "task_id": 1, "batch": 1740, "projected": 16, "collected": 25, "mean_removed_ratio": 0.027654758363496512, "strict_current_topk": false, "project_active_experts": [0, 2, 4, 6, 8, 9, 11, 12, 13, 14, 15, 17, 19, 21, 22, 24]}
{"event": "split_lite_step", "task_id": 1, "batch": 1760, "projected": 16, "collected": 25, "mean_removed_ratio": 0.024561228550737724, "strict_current_topk": false, "project_active_experts": [0, 2, 4, 6, 8, 9, 11, 12, 13, 14, 15, 17, 19, 21, 22, 24]}
{"event": "split_lite_step", "task_id": 1, "batch": 1780, "projected": 16, "collected": 25, "mean_removed_ratio": 0.03264185014995746, "strict_current_topk": false, "project_active_experts": [0, 2, 4, 6, 8, 9, 11, 12, 13, 14, 15, 17, 19, 21, 22, 24]}
{"event": "split_lite_step", "task_id": 1, "batch": 1800, "projected": 16, "collected": 25, "mean_removed_ratio": 0.0390985103440471, "strict_current_topk": false, "project_active_experts": [0, 2, 4, 6, 8, 9, 11, 12, 13, 14, 15, 17, 19, 21, 22, 24]}
{"event": "split_lite_step", "task_id": 1, "batch": 1820, "projected": 16, "collected": 25, "mean_removed_ratio": 0.04011928057298064, "strict_current_topk": false, "project_active_experts": [0, 2, 4, 6, 8, 9, 11, 12, 13, 14, 15, 17, 19, 21, 22, 24]}
{"event": "split_lite_step", "task_id": 1, "batch": 1840, "projected": 16, "collected": 25, "mean_removed_ratio": 0.03542702185222879, "strict_current_topk": false, "project_active_experts": [0, 2, 4, 6, 8, 9, 11, 12, 13, 14, 15, 17, 19, 21, 22, 24]}
{"event": "split_lite_step", "task_id": 1, "batch": 1860, "projected": 16, "collected": 25, "mean_removed_ratio": 0.02478223413345404, "strict_current_topk": false, "project_active_experts": [0, 2, 4, 6, 8, 9, 11, 12, 13, 14, 15, 17, 19, 21, 22, 24]}
{"event": "split_lite_step", "task_id": 1, "batch": 1880, "projected": 16, "collected": 25, "mean_removed_ratio": 0.02206773468060419, "strict_current_topk": false, "project_active_experts": [0, 2, 4, 6, 8, 9, 11, 12, 13, 14, 15, 17, 19, 21, 22, 24]}
{"event": "split_lite_step", "task_id": 1, "batch": 1900, "projected": 16, "collected": 25, "mean_removed_ratio": 0.022088576020905748, "strict_current_topk": false, "project_active_experts": [0, 2, 4, 6, 8, 9, 11, 12, 13, 14, 15, 17, 19, 21, 22, 24]}
{"event": "split_lite_step", "task_id": 1, "batch": 1920, "projected": 16, "collected": 25, "mean_removed_ratio": 0.026439300156198442, "strict_current_topk": false, "project_active_experts": [0, 2, 4, 6, 8, 9, 11, 12, 13, 14, 15, 17, 19, 21, 22, 24]}
{"event": "split_lite_step", "task_id": 1, "batch": 1940, "projected": 16, "collected": 25, "mean_removed_ratio": 0.030960858828620985, "strict_current_topk": false, "project_active_experts": [0, 2, 4, 6, 8, 9, 11, 12, 13, 14, 15, 17, 19, 21, 22, 24]}
{"event": "split_lite_task_finish", "task_id": 1, "rank": 4, "alpha": 0.2, "interval": 20, "buffer_size": 24, "expert_threshold": 0.03, "active_topk": 16, "strict_current_topk": false, "active_experts": [0, 2, 3, 4, 6, 7, 8, 9, 11, 12, 13, 15, 17, 21, 22, 24], "usage": {"vector": [0.04583333432674408, 0.027685130015015602, 0.05593811348080635, 0.03857922554016113, 0.049922097474336624, 0.03150707855820656, 0.05224025249481201, 0.040275830775499344, 0.03996811434626579, 0.04109686613082886, 0.03750500828027725, 0.04214882850646973, 0.03947009518742561, 0.04780426621437073, 0.03751029446721077, 0.04590122029185295, 0.02775607630610466, 0.04457409679889679, 0.033406782895326614, 0.03797409310936928, 0.024996383115649223, 0.03997701779007912, 0.045701734721660614, 0.03333945572376251, 0.038888610899448395], "top3": [2, 6, 4], "top5": [2, 6, 4, 13, 15], "top3_mass": 0.1581004559993744, "top5_mass": 0.25180596113204956, "entropy": 3.201084613800049, "max_entropy": 3.2188758248682006}, "basis_sizes": {"e_pv": {"0": 4, "2": 4, "3": 4, "4": 4, "6": 4, "7": 4, "8": 4, "9": 4, "11": 4, "12": 4, "13": 4, "15": 4, "17": 4, "21": 4, "22": 4, "24": 4}}, "stats": {"project_calls": 98, "projected_vectors": 624, "collected_vectors": 2450, "skipped_steps": 1852}, "diagnostics": {"expert_usage_mode": "cumulative", "previous_selected_jaccard": 0.7777777777777778, "cp_overlap": null}}
{"event": "split_lite_step", "task_id": 2, "batch": 1960, "projected": 18, "collected": 25, "mean_removed_ratio": 0.056692286575627, "strict_current_topk": false, "project_active_experts": [0, 2, 3, 4, 6, 7, 8, 9, 11, 12, 13, 15, 17, 21, 22, 24]}
{"event": "split_lite_step", "task_id": 2, "batch": 1980, "projected": 18, "collected": 25, "mean_removed_ratio": 0.05945082624546356, "strict_current_topk": false, "project_active_experts": [0, 2, 3, 4, 6, 7, 8, 9, 11, 12, 13, 15, 17, 21, 22, 24]}
{"event": "split_lite_step", "task_id": 2, "batch": 2000, "projected": 18, "collected": 25, "mean_removed_ratio": 0.052487857122388154, "strict_current_topk": false, "project_active_experts": [0, 2, 3, 4, 6, 7, 8, 9, 11, 12, 13, 15, 17, 21, 22, 24]}
{"event": "split_lite_step", "task_id": 2, "batch": 2020, "projected": 18, "collected": 25, "mean_removed_ratio": 0.044395560269347496, "strict_current_topk": false, "project_active_experts": [0, 2, 3, 4, 6, 7, 8, 9, 11, 12, 13, 15, 17, 21, 22, 24]}
{"event": "split_lite_step", "task_id": 2, "batch": 2040, "projected": 18, "collected": 25, "mean_removed_ratio": 0.04987487414230903, "strict_current_topk": false, "project_active_experts": [0, 2, 3, 4, 6, 7, 8, 9, 11, 12, 13, 15, 17, 21, 22, 24]}
{"event": "split_lite_step", "task_id": 2, "batch": 2060, "projected": 18, "collected": 25, "mean_removed_ratio": 0.05850705400937133, "strict_current_topk": false, "project_active_experts": [0, 2, 3, 4, 6, 7, 8, 9, 11, 12, 13, 15, 17, 21, 22, 24]}
{"event": "split_lite_step", "task_id": 2, "batch": 2080, "projected": 18, "collected": 25, "mean_removed_ratio": 0.03984150719932384, "strict_current_topk": false, "project_active_experts": [0, 2, 3, 4, 6, 7, 8, 9, 11, 12, 13, 15, 17, 21, 22, 24]}
{"event": "split_lite_step", "task_id": 2, "batch": 2100, "projected": 18, "collected": 25, "mean_removed_ratio": 0.03871722589246929, "strict_current_topk": false, "project_active_experts": [0, 2, 3, 4, 6, 7, 8, 9, 11, 12, 13, 15, 17, 21, 22, 24]}
{"event": "split_lite_step", "task_id": 2, "batch": 2120, "projected": 18, "collected": 25, "mean_removed_ratio": 0.03714409206683437, "strict_current_topk": false, "project_active_experts": [0, 2, 3, 4, 6, 7, 8, 9, 11, 12, 13, 15, 17, 21, 22, 24]}
{"event": "split_lite_step", "task_id": 2, "batch": 2140, "projected": 18, "collected": 25, "mean_removed_ratio": 0.06461981562380162, "strict_current_topk": false, "project_active_experts": [0, 2, 3, 4, 6, 7, 8, 9, 11, 12, 13, 15, 17, 21, 22, 24]}
{"event": "split_lite_step", "task_id": 2, "batch": 2160, "projected": 18, "collected": 25, "mean_removed_ratio": 0.03006125386390421, "strict_current_topk": false, "project_active_experts": [0, 2, 3, 4, 6, 7, 8, 9, 11, 12, 13, 15, 17, 21, 22, 24]}
{"event": "split_lite_step", "task_id": 2, "batch": 2180, "projected": 18, "collected": 25, "mean_removed_ratio": 0.052749731215751834, "strict_current_topk": false, "project_active_experts": [0, 2, 3, 4, 6, 7, 8, 9, 11, 12, 13, 15, 17, 21, 22, 24]}
{"event": "split_lite_step", "task_id": 2, "batch": 2200, "projected": 18, "collected": 25, "mean_removed_ratio": 0.04289208119735122, "strict_current_topk": false, "project_active_experts": [0, 2, 3, 4, 6, 7, 8, 9, 11, 12, 13, 15, 17, 21, 22, 24]}
{"event": "split_lite_step", "task_id": 2, "batch": 2220, "projected": 18, "collected": 25, "mean_removed_ratio": 0.02974676679716342, "strict_current_topk": false, "project_active_experts": [0, 2, 3, 4, 6, 7, 8, 9, 11, 12, 13, 15, 17, 21, 22, 24]}
{"event": "split_lite_step", "task_id": 2, "batch": 2240, "projected": 18, "collected": 25, "mean_removed_ratio": 0.039764119726088315, "strict_current_topk": false, "project_active_experts": [0, 2, 3, 4, 6, 7, 8, 9, 11, 12, 13, 15, 17, 21, 22, 24]}
{"event": "split_lite_step", "task_id": 2, "batch": 2260, "projected": 18, "collected": 25, "mean_removed_ratio": 0.04593997844494879, "strict_current_topk": false, "project_active_experts": [0, 2, 3, 4, 6, 7, 8, 9, 11, 12, 13, 15, 17, 21, 22, 24]}
{"event": "split_lite_step", "task_id": 2, "batch": 2280, "projected": 18, "collected": 25, "mean_removed_ratio": 0.03142258491263621, "strict_current_topk": false, "project_active_experts": [0, 2, 3, 4, 6, 7, 8, 9, 11, 12, 13, 15, 17, 21, 22, 24]}
{"event": "split_lite_step", "task_id": 2, "batch": 2300, "projected": 18, "collected": 25, "mean_removed_ratio": 0.05448350698376695, "strict_current_topk": false, "project_active_experts": [0, 2, 3, 4, 6, 7, 8, 9, 11, 12, 13, 15, 17, 21, 22, 24]}
{"event": "split_lite_step", "task_id": 2, "batch": 2320, "projected": 18, "collected": 25, "mean_removed_ratio": 0.029292631247598264, "strict_current_topk": false, "project_active_experts": [0, 2, 3, 4, 6, 7, 8, 9, 11, 12, 13, 15, 17, 21, 22, 24]}
{"event": "split_lite_step", "task_id": 2, "batch": 2340, "projected": 18, "collected": 25, "mean_removed_ratio": 0.049790051507039204, "strict_current_topk": false, "project_active_experts": [0, 2, 3, 4, 6, 7, 8, 9, 11, 12, 13, 15, 17, 21, 22, 24]}
{"event": "split_lite_step", "task_id": 2, "batch": 2360, "projected": 18, "collected": 25, "mean_removed_ratio": 0.04182889121067193, "strict_current_topk": false, "project_active_experts": [0, 2, 3, 4, 6, 7, 8, 9, 11, 12, 13, 15, 17, 21, 22, 24]}
{"event": "split_lite_step", "task_id": 2, "batch": 2380, "projected": 18, "collected": 25, "mean_removed_ratio": 0.054159045659212604, "strict_current_topk": false, "project_active_experts": [0, 2, 3, 4, 6, 7, 8, 9, 11, 12, 13, 15, 17, 21, 22, 24]}
{"event": "split_lite_step", "task_id": 2, "batch": 2400, "projected": 18, "collected": 25, "mean_removed_ratio": 0.049656225057939686, "strict_current_topk": false, "project_active_experts": [0, 2, 3, 4, 6, 7, 8, 9, 11, 12, 13, 15, 17, 21, 22, 24]}
{"event": "split_lite_step", "task_id": 2, "batch": 2420, "projected": 18, "collected": 25, "mean_removed_ratio": 0.03950732095270521, "strict_current_topk": false, "project_active_experts": [0, 2, 3, 4, 6, 7, 8, 9, 11, 12, 13, 15, 17, 21, 22, 24]}
{"event": "split_lite_step", "task_id": 2, "batch": 2440, "projected": 18, "collected": 25, "mean_removed_ratio": 0.05744135638491975, "strict_current_topk": false, "project_active_experts": [0, 2, 3, 4, 6, 7, 8, 9, 11, 12, 13, 15, 17, 21, 22, 24]}
{"event": "split_lite_step", "task_id": 2, "batch": 2460, "projected": 18, "collected": 25, "mean_removed_ratio": 0.05530572615356909, "strict_current_topk": false, "project_active_experts": [0, 2, 3, 4, 6, 7, 8, 9, 11, 12, 13, 15, 17, 21, 22, 24]}
{"event": "split_lite_step", "task_id": 2, "batch": 2480, "projected": 18, "collected": 25, "mean_removed_ratio": 0.06858635435087813, "strict_current_topk": false, "project_active_experts": [0, 2, 3, 4, 6, 7, 8, 9, 11, 12, 13, 15, 17, 21, 22, 24]}
{"event": "split_lite_step", "task_id": 2, "batch": 2500, "projected": 18, "collected": 25, "mean_removed_ratio": 0.036670062225311995, "strict_current_topk": false, "project_active_experts": [0, 2, 3, 4, 6, 7, 8, 9, 11, 12, 13, 15, 17, 21, 22, 24]}
{"event": "split_lite_step", "task_id": 2, "batch": 2520, "projected": 18, "collected": 25, "mean_removed_ratio": 0.03158129257563916, "strict_current_topk": false, "project_active_experts": [0, 2, 3, 4, 6, 7, 8, 9, 11, 12, 13, 15, 17, 21, 22, 24]}
{"event": "split_lite_step", "task_id": 2, "batch": 2540, "projected": 18, "collected": 25, "mean_removed_ratio": 0.03316454338427219, "strict_current_topk": false, "project_active_experts": [0, 2, 3, 4, 6, 7, 8, 9, 11, 12, 13, 15, 17, 21, 22, 24]}
{"event": "split_lite_step", "task_id": 2, "batch": 2560, "projected": 18, "collected": 25, "mean_removed_ratio": 0.03181845778858082, "strict_current_topk": false, "project_active_experts": [0, 2, 3, 4, 6, 7, 8, 9, 11, 12, 13, 15, 17, 21, 22, 24]}
{"event": "split_lite_step", "task_id": 2, "batch": 2580, "projected": 18, "collected": 25, "mean_removed_ratio": 0.030042483936995268, "strict_current_topk": false, "project_active_experts": [0, 2, 3, 4, 6, 7, 8, 9, 11, 12, 13, 15, 17, 21, 22, 24]}
{"event": "split_lite_step", "task_id": 2, "batch": 2600, "projected": 18, "collected": 25, "mean_removed_ratio": 0.034291238653370075, "strict_current_topk": false, "project_active_experts": [0, 2, 3, 4, 6, 7, 8, 9, 11, 12, 13, 15, 17, 21, 22, 24]}
{"event": "split_lite_step", "task_id": 2, "batch": 2620, "projected": 18, "collected": 25, "mean_removed_ratio": 0.053782014150379434, "strict_current_topk": false, "project_active_experts": [0, 2, 3, 4, 6, 7, 8, 9, 11, 12, 13, 15, 17, 21, 22, 24]}
{"event": "split_lite_step", "task_id": 2, "batch": 2640, "projected": 18, "collected": 25, "mean_removed_ratio": 0.05473519333948692, "strict_current_topk": false, "project_active_experts": [0, 2, 3, 4, 6, 7, 8, 9, 11, 12, 13, 15, 17, 21, 22, 24]}
{"event": "split_lite_step", "task_id": 2, "batch": 2660, "projected": 18, "collected": 25, "mean_removed_ratio": 0.04593795959630774, "strict_current_topk": false, "project_active_experts": [0, 2, 3, 4, 6, 7, 8, 9, 11, 12, 13, 15, 17, 21, 22, 24]}
{"event": "split_lite_step", "task_id": 2, "batch": 2680, "projected": 18, "collected": 25, "mean_removed_ratio": 0.04880789343992041, "strict_current_topk": false, "project_active_experts": [0, 2, 3, 4, 6, 7, 8, 9, 11, 12, 13, 15, 17, 21, 22, 24]}
{"event": "split_lite_step", "task_id": 2, "batch": 2700, "projected": 18, "collected": 25, "mean_removed_ratio": 0.03734469165404638, "strict_current_topk": false, "project_active_experts": [0, 2, 3, 4, 6, 7, 8, 9, 11, 12, 13, 15, 17, 21, 22, 24]}
{"event": "split_lite_step", "task_id": 2, "batch": 2720, "projected": 18, "collected": 25, "mean_removed_ratio": 0.053701358278178506, "strict_current_topk": false, "project_active_experts": [0, 2, 3, 4, 6, 7, 8, 9, 11, 12, 13, 15, 17, 21, 22, 24]}
{"event": "split_lite_task_finish", "task_id": 2, "rank": 4, "alpha": 0.2, "interval": 20, "buffer_size": 24, "expert_threshold": 0.03, "active_topk": 16, "strict_current_topk": false, "active_experts": [0, 2, 3, 4, 6, 7, 8, 9, 10, 11, 12, 13, 15, 17, 22, 24], "usage": {"vector": [0.04716583713889122, 0.029590122401714325, 0.054947175085544586, 0.039232030510902405, 0.049022138118743896, 0.030283082276582718, 0.05056757479906082, 0.04239857941865921, 0.0405198335647583, 0.04218156635761261, 0.03984764590859413, 0.04291403293609619, 0.03879985585808754, 0.04848906397819519, 0.036539945751428604, 0.04744313284754753, 0.027992194518446922, 0.04525351524353027, 0.03153304383158684, 0.03862179443240166, 0.024997588247060776, 0.03877481818199158, 0.03974359109997749, 0.033337414264678955, 0.039804428815841675], "top3": [2, 6, 4], "top5": [2, 6, 4, 13, 15], "top3_mass": 0.1545368880033493, "top5_mass": 0.2504690885543823, "entropy": 3.201645851135254, "max_entropy": 3.2188758248682006}, "basis_sizes": {"e_pv": {"0": 4, "2": 4, "3": 4, "4": 4, "6": 4, "7": 4, "8": 4, "9": 4, "10": 4, "11": 4, "12": 4, "13": 4, "15": 4, "17": 4, "22": 4, "24": 4}}, "stats": {"project_calls": 137, "projected_vectors": 1326, "collected_vectors": 3425, "skipped_steps": 2593}, "diagnostics": {"expert_usage_mode": "cumulative", "previous_selected_jaccard": 0.8823529411764706, "cp_overlap": null}}
{"event": "split_lite_step", "task_id": 3, "batch": 2740, "projected": 19, "collected": 25, "mean_removed_ratio": 0.051930948650758514, "strict_current_topk": false, "project_active_experts": [0, 2, 3, 4, 6, 7, 8, 9, 10, 11, 12, 13, 15, 17, 22, 24]}
{"event": "split_lite_step", "task_id": 3, "batch": 2760, "projected": 19, "collected": 25, "mean_removed_ratio": 0.05336586023239713, "strict_current_topk": false, "project_active_experts": [0, 2, 3, 4, 6, 7, 8, 9, 10, 11, 12, 13, 15, 17, 22, 24]}
{"event": "split_lite_step", "task_id": 3, "batch": 2780, "projected": 19, "collected": 25, "mean_removed_ratio": 0.04896222188529607, "strict_current_topk": false, "project_active_experts": [0, 2, 3, 4, 6, 7, 8, 9, 10, 11, 12, 13, 15, 17, 22, 24]}
{"event": "split_lite_step", "task_id": 3, "batch": 2800, "projected": 19, "collected": 25, "mean_removed_ratio": 0.03571917547991401, "strict_current_topk": false, "project_active_experts": [0, 2, 3, 4, 6, 7, 8, 9, 10, 11, 12, 13, 15, 17, 22, 24]}
{"event": "split_lite_step", "task_id": 3, "batch": 2820, "projected": 19, "collected": 25, "mean_removed_ratio": 0.04495073918645319, "strict_current_topk": false, "project_active_experts": [0, 2, 3, 4, 6, 7, 8, 9, 10, 11, 12, 13, 15, 17, 22, 24]}
{"event": "split_lite_step", "task_id": 3, "batch": 2840, "projected": 19, "collected": 25, "mean_removed_ratio": 0.04939966295894824, "strict_current_topk": false, "project_active_experts": [0, 2, 3, 4, 6, 7, 8, 9, 10, 11, 12, 13, 15, 17, 22, 24]}
{"event": "split_lite_step", "task_id": 3, "batch": 2860, "projected": 19, "collected": 25, "mean_removed_ratio": 0.03221508871616894, "strict_current_topk": false, "project_active_experts": [0, 2, 3, 4, 6, 7, 8, 9, 10, 11, 12, 13, 15, 17, 22, 24]}
{"event": "split_lite_step", "task_id": 3, "batch": 2880, "projected": 19, "collected": 25, "mean_removed_ratio": 0.04524588734401684, "strict_current_topk": false, "project_active_experts": [0, 2, 3, 4, 6, 7, 8, 9, 10, 11, 12, 13, 15, 17, 22, 24]}
{"event": "split_lite_step", "task_id": 3, "batch": 2900, "projected": 19, "collected": 25, "mean_removed_ratio": 0.03620892280320588, "strict_current_topk": false, "project_active_experts": [0, 2, 3, 4, 6, 7, 8, 9, 10, 11, 12, 13, 15, 17, 22, 24]}
{"event": "split_lite_step", "task_id": 3, "batch": 2920, "projected": 19, "collected": 25, "mean_removed_ratio": 0.0571327678565132, "strict_current_topk": false, "project_active_experts": [0, 2, 3, 4, 6, 7, 8, 9, 10, 11, 12, 13, 15, 17, 22, 24]}
{"event": "split_lite_step", "task_id": 3, "batch": 2940, "projected": 19, "collected": 25, "mean_removed_ratio": 0.05395860119575733, "strict_current_topk": false, "project_active_experts": [0, 2, 3, 4, 6, 7, 8, 9, 10, 11, 12, 13, 15, 17, 22, 24]}
{"event": "split_lite_step", "task_id": 3, "batch": 2960, "projected": 19, "collected": 25, "mean_removed_ratio": 0.07135151870744794, "strict_current_topk": false, "project_active_experts": [0, 2, 3, 4, 6, 7, 8, 9, 10, 11, 12, 13, 15, 17, 22, 24]}
{"event": "split_lite_step", "task_id": 3, "batch": 2980, "projected": 19, "collected": 25, "mean_removed_ratio": 0.03124750699651869, "strict_current_topk": false, "project_active_experts": [0, 2, 3, 4, 6, 7, 8, 9, 10, 11, 12, 13, 15, 17, 22, 24]}
{"event": "split_lite_step", "task_id": 3, "batch": 3000, "projected": 19, "collected": 25, "mean_removed_ratio": 0.05372314130593287, "strict_current_topk": false, "project_active_experts": [0, 2, 3, 4, 6, 7, 8, 9, 10, 11, 12, 13, 15, 17, 22, 24]}
{"event": "split_lite_step", "task_id": 3, "batch": 3020, "projected": 19, "collected": 25, "mean_removed_ratio": 0.05692864520671336, "strict_current_topk": false, "project_active_experts": [0, 2, 3, 4, 6, 7, 8, 9, 10, 11, 12, 13, 15, 17, 22, 24]}
{"event": "split_lite_step", "task_id": 3, "batch": 3040, "projected": 19, "collected": 25, "mean_removed_ratio": 0.06207931377483826, "strict_current_topk": false, "project_active_experts": [0, 2, 3, 4, 6, 7, 8, 9, 10, 11, 12, 13, 15, 17, 22, 24]}
{"event": "split_lite_step", "task_id": 3, "batch": 3060, "projected": 19, "collected": 25, "mean_removed_ratio": 0.04610260247596001, "strict_current_topk": false, "project_active_experts": [0, 2, 3, 4, 6, 7, 8, 9, 10, 11, 12, 13, 15, 17, 22, 24]}
{"event": "split_lite_step", "task_id": 3, "batch": 3080, "projected": 19, "collected": 25, "mean_removed_ratio": 0.04898730251251867, "strict_current_topk": false, "project_active_experts": [0, 2, 3, 4, 6, 7, 8, 9, 10, 11, 12, 13, 15, 17, 22, 24]}
{"event": "split_lite_step", "task_id": 3, "batch": 3100, "projected": 19, "collected": 25, "mean_removed_ratio": 0.05090581682069521, "strict_current_topk": false, "project_active_experts": [0, 2, 3, 4, 6, 7, 8, 9, 10, 11, 12, 13, 15, 17, 22, 24]}
{"event": "split_lite_step", "task_id": 3, "batch": 3120, "projected": 19, "collected": 25, "mean_removed_ratio": 0.046904206349465405, "strict_current_topk": false, "project_active_experts": [0, 2, 3, 4, 6, 7, 8, 9, 10, 11, 12, 13, 15, 17, 22, 24]}
{"event": "split_lite_step", "task_id": 3, "batch": 3140, "projected": 19, "collected": 25, "mean_removed_ratio": 0.0833564281806742, "strict_current_topk": false, "project_active_experts": [0, 2, 3, 4, 6, 7, 8, 9, 10, 11, 12, 13, 15, 17, 22, 24]}
{"event": "split_lite_step", "task_id": 3, "batch": 3160, "projected": 19, "collected": 25, "mean_removed_ratio": 0.05391783857914178, "strict_current_topk": false, "project_active_experts": [0, 2, 3, 4, 6, 7, 8, 9, 10, 11, 12, 13, 15, 17, 22, 24]}
{"event": "split_lite_step", "task_id": 3, "batch": 3180, "projected": 19, "collected": 25, "mean_removed_ratio": 0.040541735882135596, "strict_current_topk": false, "project_active_experts": [0, 2, 3, 4, 6, 7, 8, 9, 10, 11, 12, 13, 15, 17, 22, 24]}
{"event": "split_lite_step", "task_id": 3, "batch": 3200, "projected": 19, "collected": 25, "mean_removed_ratio": 0.04221514585476957, "strict_current_topk": false, "project_active_experts": [0, 2, 3, 4, 6, 7, 8, 9, 10, 11, 12, 13, 15, 17, 22, 24]}
{"event": "split_lite_step", "task_id": 3, "batch": 3220, "projected": 19, "collected": 25, "mean_removed_ratio": 0.04024491150324282, "strict_current_topk": false, "project_active_experts": [0, 2, 3, 4, 6, 7, 8, 9, 10, 11, 12, 13, 15, 17, 22, 24]}
{"event": "split_lite_step", "task_id": 3, "batch": 3240, "projected": 19, "collected": 25, "mean_removed_ratio": 0.02815801160115945, "strict_current_topk": false, "project_active_experts": [0, 2, 3, 4, 6, 7, 8, 9, 10, 11, 12, 13, 15, 17, 22, 24]}
{"event": "split_lite_step", "task_id": 3, "batch": 3260, "projected": 19, "collected": 25, "mean_removed_ratio": 0.06686829493724201, "strict_current_topk": false, "project_active_experts": [0, 2, 3, 4, 6, 7, 8, 9, 10, 11, 12, 13, 15, 17, 22, 24]}
{"event": "split_lite_step", "task_id": 3, "batch": 3280, "projected": 19, "collected": 25, "mean_removed_ratio": 0.04991675379048837, "strict_current_topk": false, "project_active_experts": [0, 2, 3, 4, 6, 7, 8, 9, 10, 11, 12, 13, 15, 17, 22, 24]}
{"event": "split_lite_step", "task_id": 3, "batch": 3300, "projected": 19, "collected": 25, "mean_removed_ratio": 0.06279908110828776, "strict_current_topk": false, "project_active_experts": [0, 2, 3, 4, 6, 7, 8, 9, 10, 11, 12, 13, 15, 17, 22, 24]}
{"event": "split_lite_step", "task_id": 3, "batch": 3320, "projected": 19, "collected": 25, "mean_removed_ratio": 0.06862862815002077, "strict_current_topk": false, "project_active_experts": [0, 2, 3, 4, 6, 7, 8, 9, 10, 11, 12, 13, 15, 17, 22, 24]}
{"event": "split_lite_step", "task_id": 3, "batch": 3340, "projected": 19, "collected": 25, "mean_removed_ratio": 0.03446612592884585, "strict_current_topk": false, "project_active_experts": [0, 2, 3, 4, 6, 7, 8, 9, 10, 11, 12, 13, 15, 17, 22, 24]}
{"event": "split_lite_step", "task_id": 3, "batch": 3360, "projected": 19, "collected": 25, "mean_removed_ratio": 0.05366232077051934, "strict_current_topk": false, "project_active_experts": [0, 2, 3, 4, 6, 7, 8, 9, 10, 11, 12, 13, 15, 17, 22, 24]}
{"event": "split_lite_step", "task_id": 3, "batch": 3380, "projected": 19, "collected": 25, "mean_removed_ratio": 0.04361597508633215, "strict_current_topk": false, "project_active_experts": [0, 2, 3, 4, 6, 7, 8, 9, 10, 11, 12, 13, 15, 17, 22, 24]}
{"event": "split_lite_step", "task_id": 3, "batch": 3400, "projected": 19, "collected": 25, "mean_removed_ratio": 0.05141065735369921, "strict_current_topk": false, "project_active_experts": [0, 2, 3, 4, 6, 7, 8, 9, 10, 11, 12, 13, 15, 17, 22, 24]}
{"event": "split_lite_step", "task_id": 3, "batch": 3420, "projected": 19, "collected": 25, "mean_removed_ratio": 0.03618745630803077, "strict_current_topk": false, "project_active_experts": [0, 2, 3, 4, 6, 7, 8, 9, 10, 11, 12, 13, 15, 17, 22, 24]}
{"event": "split_lite_step", "task_id": 3, "batch": 3440, "projected": 19, "collected": 25, "mean_removed_ratio": 0.03766935984113891, "strict_current_topk": false, "project_active_experts": [0, 2, 3, 4, 6, 7, 8, 9, 10, 11, 12, 13, 15, 17, 22, 24]}
{"event": "split_lite_step", "task_id": 3, "batch": 3460, "projected": 19, "collected": 25, "mean_removed_ratio": 0.06659510599351243, "strict_current_topk": false, "project_active_experts": [0, 2, 3, 4, 6, 7, 8, 9, 10, 11, 12, 13, 15, 17, 22, 24]}
{"event": "split_lite_step", "task_id": 3, "batch": 3480, "projected": 19, "collected": 25, "mean_removed_ratio": 0.036802249568465506, "strict_current_topk": false, "project_active_experts": [0, 2, 3, 4, 6, 7, 8, 9, 10, 11, 12, 13, 15, 17, 22, 24]}
{"event": "split_lite_step", "task_id": 3, "batch": 3500, "projected": 19, "collected": 25, "mean_removed_ratio": 0.06963894146151449, "strict_current_topk": false, "project_active_experts": [0, 2, 3, 4, 6, 7, 8, 9, 10, 11, 12, 13, 15, 17, 22, 24]}
{"event": "split_lite_task_finish", "task_id": 3, "rank": 4, "alpha": 0.2, "interval": 20, "buffer_size": 24, "expert_threshold": 0.03, "active_topk": 16, "strict_current_topk": false, "active_experts": [0, 2, 3, 4, 6, 7, 8, 9, 10, 11, 13, 15, 17, 19, 21, 24], "usage": {"vector": [0.04787479341030121, 0.03020457737147808, 0.056528083980083466, 0.04124390706419945, 0.0478777140378952, 0.029670389369130135, 0.049036793410778046, 0.04360448941588402, 0.040798332542181015, 0.0406639501452446, 0.04033369943499565, 0.044685523957014084, 0.03714665770530701, 0.04886652156710625, 0.035733144730329514, 0.04805021360516548, 0.028634008020162582, 0.044359028339385986, 0.029913973063230515, 0.038697611540555954, 0.02565215528011322, 0.04016537591814995, 0.036752138286828995, 0.034030839800834656, 0.03947607800364494], "top3": [2, 6, 13], "top5": [2, 6, 13, 15, 4], "top3_mass": 0.15443140268325806, "top5_mass": 0.25035932660102844, "entropy": 3.2011919021606445, "max_entropy": 3.2188758248682006}, "basis_sizes": {"e_pv": {"0": 4, "2": 4, "3": 4, "4": 4, "6": 4, "7": 4, "8": 4, "9": 4, "10": 4, "11": 4, "13": 4, "15": 4, "17": 4, "19": 4, "21": 4, "24": 4}}, "stats": {"project_calls": 176, "projected_vectors": 2067, "collected_vectors": 4400, "skipped_steps": 3334}, "diagnostics": {"expert_usage_mode": "cumulative", "previous_selected_jaccard": 0.7777777777777778, "cp_overlap": null}}
{"event": "split_lite_step", "task_id": 4, "batch": 3520, "projected": 19, "collected": 25, "mean_removed_ratio": 0.06593760990194585, "strict_current_topk": false, "project_active_experts": [0, 2, 3, 4, 6, 7, 8, 9, 10, 11, 13, 15, 17, 19, 21, 24]}
{"event": "split_lite_step", "task_id": 4, "batch": 3540, "projected": 19, "collected": 25, "mean_removed_ratio": 0.06878855050002274, "strict_current_topk": false, "project_active_experts": [0, 2, 3, 4, 6, 7, 8, 9, 10, 11, 13, 15, 17, 19, 21, 24]}
{"event": "split_lite_step", "task_id": 4, "batch": 3560, "projected": 19, "collected": 25, "mean_removed_ratio": 0.05348493965146573, "strict_current_topk": false, "project_active_experts": [0, 2, 3, 4, 6, 7, 8, 9, 10, 11, 13, 15, 17, 19, 21, 24]}
{"event": "split_lite_step", "task_id": 4, "batch": 3580, "projected": 19, "collected": 25, "mean_removed_ratio": 0.06410890204929992, "strict_current_topk": false, "project_active_experts": [0, 2, 3, 4, 6, 7, 8, 9, 10, 11, 13, 15, 17, 19, 21, 24]}
{"event": "split_lite_step", "task_id": 4, "batch": 3600, "projected": 19, "collected": 25, "mean_removed_ratio": 0.06092629047404779, "strict_current_topk": false, "project_active_experts": [0, 2, 3, 4, 6, 7, 8, 9, 10, 11, 13, 15, 17, 19, 21, 24]}
{"event": "split_lite_step", "task_id": 4, "batch": 3620, "projected": 19, "collected": 25, "mean_removed_ratio": 0.05602658030233885, "strict_current_topk": false, "project_active_experts": [0, 2, 3, 4, 6, 7, 8, 9, 10, 11, 13, 15, 17, 19, 21, 24]}
{"event": "split_lite_step", "task_id": 4, "batch": 3640, "projected": 19, "collected": 25, "mean_removed_ratio": 0.027300176039142043, "strict_current_topk": false, "project_active_experts": [0, 2, 3, 4, 6, 7, 8, 9, 10, 11, 13, 15, 17, 19, 21, 24]}
{"event": "split_lite_step", "task_id": 4, "batch": 3660, "projected": 19, "collected": 25, "mean_removed_ratio": 0.05563741731212327, "strict_current_topk": false, "project_active_experts": [0, 2, 3, 4, 6, 7, 8, 9, 10, 11, 13, 15, 17, 19, 21, 24]}
{"event": "split_lite_step", "task_id": 4, "batch": 3680, "projected": 19, "collected": 25, "mean_removed_ratio": 0.07939447982138709, "strict_current_topk": false, "project_active_experts": [0, 2, 3, 4, 6, 7, 8, 9, 10, 11, 13, 15, 17, 19, 21, 24]}
{"event": "split_lite_step", "task_id": 4, "batch": 3700, "projected": 19, "collected": 25, "mean_removed_ratio": 0.06416622490475052, "strict_current_topk": false, "project_active_experts": [0, 2, 3, 4, 6, 7, 8, 9, 10, 11, 13, 15, 17, 19, 21, 24]}
{"event": "split_lite_step", "task_id": 4, "batch": 3720, "projected": 19, "collected": 25, "mean_removed_ratio": 0.052891871818390335, "strict_current_topk": false, "project_active_experts": [0, 2, 3, 4, 6, 7, 8, 9, 10, 11, 13, 15, 17, 19, 21, 24]}
{"event": "split_lite_step", "task_id": 4, "batch": 3740, "projected": 19, "collected": 25, "mean_removed_ratio": 0.03923999351498328, "strict_current_topk": false, "project_active_experts": [0, 2, 3, 4, 6, 7, 8, 9, 10, 11, 13, 15, 17, 19, 21, 24]}
{"event": "split_lite_step", "task_id": 4, "batch": 3760, "projected": 19, "collected": 25, "mean_removed_ratio": 0.060922691598534584, "strict_current_topk": false, "project_active_experts": [0, 2, 3, 4, 6, 7, 8, 9, 10, 11, 13, 15, 17, 19, 21, 24]}
{"event": "split_lite_step", "task_id": 4, "batch": 3780, "projected": 19, "collected": 25, "mean_removed_ratio": 0.050227263550225054, "strict_current_topk": false, "project_active_experts": [0, 2, 3, 4, 6, 7, 8, 9, 10, 11, 13, 15, 17, 19, 21, 24]}
{"event": "split_lite_step", "task_id": 4, "batch": 3800, "projected": 19, "collected": 25, "mean_removed_ratio": 0.04310781807687722, "strict_current_topk": false, "project_active_experts": [0, 2, 3, 4, 6, 7, 8, 9, 10, 11, 13, 15, 17, 19, 21, 24]}
{"event": "split_lite_step", "task_id": 4, "batch": 3820, "projected": 19, "collected": 25, "mean_removed_ratio": 0.03448610912126146, "strict_current_topk": false, "project_active_experts": [0, 2, 3, 4, 6, 7, 8, 9, 10, 11, 13, 15, 17, 19, 21, 24]}
{"event": "split_lite_step", "task_id": 4, "batch": 3840, "projected": 19, "collected": 25, "mean_removed_ratio": 0.05636935578169007, "strict_current_topk": false, "project_active_experts": [0, 2, 3, 4, 6, 7, 8, 9, 10, 11, 13, 15, 17, 19, 21, 24]}
{"event": "split_lite_step", "task_id": 4, "batch": 3860, "projected": 19, "collected": 25, "mean_removed_ratio": 0.04840559406990284, "strict_current_topk": false, "project_active_experts": [0, 2, 3, 4, 6, 7, 8, 9, 10, 11, 13, 15, 17, 19, 21, 24]}
{"event": "split_lite_step", "task_id": 4, "batch": 3880, "projected": 19, "collected": 25, "mean_removed_ratio": 0.045455480411060546, "strict_current_topk": false, "project_active_experts": [0, 2, 3, 4, 6, 7, 8, 9, 10, 11, 13, 15, 17, 19, 21, 24]}
{"event": "split_lite_step", "task_id": 4, "batch": 3900, "projected": 19, "collected": 25, "mean_removed_ratio": 0.03882747841998935, "strict_current_topk": false, "project_active_experts": [0, 2, 3, 4, 6, 7, 8, 9, 10, 11, 13, 15, 17, 19, 21, 24]}
{"event": "split_lite_step", "task_id": 4, "batch": 3920, "projected": 19, "collected": 25, "mean_removed_ratio": 0.047916514504896965, "strict_current_topk": false, "project_active_experts": [0, 2, 3, 4, 6, 7, 8, 9, 10, 11, 13, 15, 17, 19, 21, 24]}
{"event": "split_lite_step", "task_id": 4, "batch": 3940, "projected": 19, "collected": 25, "mean_removed_ratio": 0.028067481655039285, "strict_current_topk": false, "project_active_experts": [0, 2, 3, 4, 6, 7, 8, 9, 10, 11, 13, 15, 17, 19, 21, 24]}
{"event": "split_lite_step", "task_id": 4, "batch": 3960, "projected": 19, "collected": 25, "mean_removed_ratio": 0.03452198159586834, "strict_current_topk": false, "project_active_experts": [0, 2, 3, 4, 6, 7, 8, 9, 10, 11, 13, 15, 17, 19, 21, 24]}
{"event": "split_lite_step", "task_id": 4, "batch": 3980, "projected": 19, "collected": 25, "mean_removed_ratio": 0.034850018307272544, "strict_current_topk": false, "project_active_experts": [0, 2, 3, 4, 6, 7, 8, 9, 10, 11, 13, 15, 17, 19, 21, 24]}
{"event": "split_lite_step", "task_id": 4, "batch": 4000, "projected": 19, "collected": 25, "mean_removed_ratio": 0.0779959129806804, "strict_current_topk": false, "project_active_experts": [0, 2, 3, 4, 6, 7, 8, 9, 10, 11, 13, 15, 17, 19, 21, 24]}
{"event": "split_lite_step", "task_id": 4, "batch": 4020, "projected": 19, "collected": 25, "mean_removed_ratio": 0.04067807693622614, "strict_current_topk": false, "project_active_experts": [0, 2, 3, 4, 6, 7, 8, 9, 10, 11, 13, 15, 17, 19, 21, 24]}
{"event": "split_lite_step", "task_id": 4, "batch": 4040, "projected": 19, "collected": 25, "mean_removed_ratio": 0.04551911256030986, "strict_current_topk": false, "project_active_experts": [0, 2, 3, 4, 6, 7, 8, 9, 10, 11, 13, 15, 17, 19, 21, 24]}
{"event": "split_lite_step", "task_id": 4, "batch": 4060, "projected": 19, "collected": 25, "mean_removed_ratio": 0.032290802116652854, "strict_current_topk": false, "project_active_experts": [0, 2, 3, 4, 6, 7, 8, 9, 10, 11, 13, 15, 17, 19, 21, 24]}
{"event": "split_lite_step", "task_id": 4, "batch": 4080, "projected": 19, "collected": 25, "mean_removed_ratio": 0.052970774226674906, "strict_current_topk": false, "project_active_experts": [0, 2, 3, 4, 6, 7, 8, 9, 10, 11, 13, 15, 17, 19, 21, 24]}
{"event": "split_lite_step", "task_id": 4, "batch": 4100, "projected": 19, "collected": 25, "mean_removed_ratio": 0.02563734918734745, "strict_current_topk": false, "project_active_experts": [0, 2, 3, 4, 6, 7, 8, 9, 10, 11, 13, 15, 17, 19, 21, 24]}
{"event": "split_lite_step", "task_id": 4, "batch": 4120, "projected": 19, "collected": 25, "mean_removed_ratio": 0.04759261510825079, "strict_current_topk": false, "project_active_experts": [0, 2, 3, 4, 6, 7, 8, 9, 10, 11, 13, 15, 17, 19, 21, 24]}
{"event": "split_lite_step", "task_id": 4, "batch": 4140, "projected": 19, "collected": 25, "mean_removed_ratio": 0.04713072147416441, "strict_current_topk": false, "project_active_experts": [0, 2, 3, 4, 6, 7, 8, 9, 10, 11, 13, 15, 17, 19, 21, 24]}
{"event": "split_lite_step", "task_id": 4, "batch": 4160, "projected": 19, "collected": 25, "mean_removed_ratio": 0.054809824588071356, "strict_current_topk": false, "project_active_experts": [0, 2, 3, 4, 6, 7, 8, 9, 10, 11, 13, 15, 17, 19, 21, 24]}
{"event": "split_lite_step", "task_id": 4, "batch": 4180, "projected": 19, "collected": 25, "mean_removed_ratio": 0.044350170297548175, "strict_current_topk": false, "project_active_experts": [0, 2, 3, 4, 6, 7, 8, 9, 10, 11, 13, 15, 17, 19, 21, 24]}
{"event": "split_lite_step", "task_id": 4, "batch": 4200, "projected": 19, "collected": 25, "mean_removed_ratio": 0.06899402175392759, "strict_current_topk": false, "project_active_experts": [0, 2, 3, 4, 6, 7, 8, 9, 10, 11, 13, 15, 17, 19, 21, 24]}
{"event": "split_lite_step", "task_id": 4, "batch": 4220, "projected": 19, "collected": 25, "mean_removed_ratio": 0.043259358817809505, "strict_current_topk": false, "project_active_experts": [0, 2, 3, 4, 6, 7, 8, 9, 10, 11, 13, 15, 17, 19, 21, 24]}
{"event": "split_lite_step", "task_id": 4, "batch": 4240, "projected": 19, "collected": 25, "mean_removed_ratio": 0.03820363070668751, "strict_current_topk": false, "project_active_experts": [0, 2, 3, 4, 6, 7, 8, 9, 10, 11, 13, 15, 17, 19, 21, 24]}
{"event": "split_lite_step", "task_id": 4, "batch": 4260, "projected": 19, "collected": 25, "mean_removed_ratio": 0.04127954899970638, "strict_current_topk": false, "project_active_experts": [0, 2, 3, 4, 6, 7, 8, 9, 10, 11, 13, 15, 17, 19, 21, 24]}
{"event": "split_lite_step", "task_id": 4, "batch": 4280, "projected": 19, "collected": 25, "mean_removed_ratio": 0.043940134689603984, "strict_current_topk": false, "project_active_experts": [0, 2, 3, 4, 6, 7, 8, 9, 10, 11, 13, 15, 17, 19, 21, 24]}
{"event": "split_lite_task_finish", "task_id": 4, "rank": 4, "alpha": 0.2, "interval": 20, "buffer_size": 24, "expert_threshold": 0.03, "active_topk": 16, "strict_current_topk": false, "active_experts": [0, 2, 3, 4, 6, 7, 8, 9, 10, 11, 13, 15, 17, 19, 21, 24], "usage": {"vector": [0.04829983785748482, 0.030974337831139565, 0.056885797530412674, 0.04245448485016823, 0.048830244690179825, 0.029827727004885674, 0.04867388308048248, 0.04266137257218361, 0.03986089304089546, 0.03975360840559006, 0.04115062206983566, 0.04463731124997139, 0.03747830167412758, 0.04853744059801102, 0.0358087420463562, 0.04682670533657074, 0.029576992616057396, 0.04382234066724777, 0.028954995796084404, 0.038558363914489746, 0.025526955723762512, 0.04213619977235794, 0.03495737910270691, 0.03389134258031845, 0.039914198219776154], "top3": [2, 4, 6], "top5": [2, 4, 6, 13, 0], "top3_mass": 0.15438991785049438, "top5_mass": 0.2512272000312805, "entropy": 3.201183557510376, "max_entropy": 3.2188758248682006}, "basis_sizes": {"e_pv": {"0": 4, "2": 4, "3": 4, "4": 4, "6": 4, "7": 4, "8": 4, "9": 4, "10": 4, "11": 4, "13": 4, "15": 4, "17": 4, "19": 4, "21": 4, "24": 4}}, "stats": {"project_calls": 215, "projected_vectors": 2808, "collected_vectors": 5375, "skipped_steps": 4075}, "diagnostics": {"expert_usage_mode": "cumulative", "previous_selected_jaccard": 1.0, "cp_overlap": null}}
{"event": "split_lite_step", "task_id": 5, "batch": 4300, "projected": 19, "collected": 25, "mean_removed_ratio": 0.07652688134265573, "strict_current_topk": false, "project_active_experts": [0, 2, 3, 4, 6, 7, 8, 9, 10, 11, 13, 15, 17, 19, 21, 24]}
{"event": "split_lite_step", "task_id": 5, "batch": 4320, "projected": 19, "collected": 25, "mean_removed_ratio": 0.06517122658949934, "strict_current_topk": false, "project_active_experts": [0, 2, 3, 4, 6, 7, 8, 9, 10, 11, 13, 15, 17, 19, 21, 24]}
{"event": "split_lite_step", "task_id": 5, "batch": 4340, "projected": 19, "collected": 25, "mean_removed_ratio": 0.0756998143501972, "strict_current_topk": false, "project_active_experts": [0, 2, 3, 4, 6, 7, 8, 9, 10, 11, 13, 15, 17, 19, 21, 24]}
{"event": "split_lite_step", "task_id": 5, "batch": 4360, "projected": 19, "collected": 25, "mean_removed_ratio": 0.06253128165477201, "strict_current_topk": false, "project_active_experts": [0, 2, 3, 4, 6, 7, 8, 9, 10, 11, 13, 15, 17, 19, 21, 24]}
{"event": "split_lite_step", "task_id": 5, "batch": 4380, "projected": 19, "collected": 25, "mean_removed_ratio": 0.058647664655980314, "strict_current_topk": false, "project_active_experts": [0, 2, 3, 4, 6, 7, 8, 9, 10, 11, 13, 15, 17, 19, 21, 24]}
{"event": "split_lite_step", "task_id": 5, "batch": 4400, "projected": 19, "collected": 25, "mean_removed_ratio": 0.03365607976325249, "strict_current_topk": false, "project_active_experts": [0, 2, 3, 4, 6, 7, 8, 9, 10, 11, 13, 15, 17, 19, 21, 24]}
{"event": "split_lite_step", "task_id": 5, "batch": 4420, "projected": 19, "collected": 25, "mean_removed_ratio": 0.037697820581103623, "strict_current_topk": false, "project_active_experts": [0, 2, 3, 4, 6, 7, 8, 9, 10, 11, 13, 15, 17, 19, 21, 24]}
{"event": "split_lite_step", "task_id": 5, "batch": 4440, "projected": 19, "collected": 25, "mean_removed_ratio": 0.04968460325739885, "strict_current_topk": false, "project_active_experts": [0, 2, 3, 4, 6, 7, 8, 9, 10, 11, 13, 15, 17, 19, 21, 24]}
{"event": "split_lite_step", "task_id": 5, "batch": 4460, "projected": 19, "collected": 25, "mean_removed_ratio": 0.03638173129997755, "strict_current_topk": false, "project_active_experts": [0, 2, 3, 4, 6, 7, 8, 9, 10, 11, 13, 15, 17, 19, 21, 24]}
{"event": "split_lite_step", "task_id": 5, "batch": 4480, "projected": 19, "collected": 25, "mean_removed_ratio": 0.039710375553879296, "strict_current_topk": false, "project_active_experts": [0, 2, 3, 4, 6, 7, 8, 9, 10, 11, 13, 15, 17, 19, 21, 24]}
{"event": "split_lite_step", "task_id": 5, "batch": 4500, "projected": 19, "collected": 25, "mean_removed_ratio": 0.04813887120077485, "strict_current_topk": false, "project_active_experts": [0, 2, 3, 4, 6, 7, 8, 9, 10, 11, 13, 15, 17, 19, 21, 24]}
{"event": "split_lite_step", "task_id": 5, "batch": 4520, "projected": 19, "collected": 25, "mean_removed_ratio": 0.04133315303509957, "strict_current_topk": false, "project_active_experts": [0, 2, 3, 4, 6, 7, 8, 9, 10, 11, 13, 15, 17, 19, 21, 24]}
{"event": "split_lite_step", "task_id": 5, "batch": 4540, "projected": 19, "collected": 25, "mean_removed_ratio": 0.05591737295157815, "strict_current_topk": false, "project_active_experts": [0, 2, 3, 4, 6, 7, 8, 9, 10, 11, 13, 15, 17, 19, 21, 24]}
{"event": "split_lite_step", "task_id": 5, "batch": 4560, "projected": 19, "collected": 25, "mean_removed_ratio": 0.03876539009721264, "strict_current_topk": false, "project_active_experts": [0, 2, 3, 4, 6, 7, 8, 9, 10, 11, 13, 15, 17, 19, 21, 24]}
{"event": "split_lite_step", "task_id": 5, "batch": 4580, "projected": 19, "collected": 25, "mean_removed_ratio": 0.044283666893055566, "strict_current_topk": false, "project_active_experts": [0, 2, 3, 4, 6, 7, 8, 9, 10, 11, 13, 15, 17, 19, 21, 24]}
{"event": "split_lite_step", "task_id": 5, "batch": 4600, "projected": 19, "collected": 25, "mean_removed_ratio": 0.029712665458454898, "strict_current_topk": false, "project_active_experts": [0, 2, 3, 4, 6, 7, 8, 9, 10, 11, 13, 15, 17, 19, 21, 24]}
{"event": "split_lite_step", "task_id": 5, "batch": 4620, "projected": 19, "collected": 25, "mean_removed_ratio": 0.05316117844593368, "strict_current_topk": false, "project_active_experts": [0, 2, 3, 4, 6, 7, 8, 9, 10, 11, 13, 15, 17, 19, 21, 24]}
{"event": "split_lite_step", "task_id": 5, "batch": 4640, "projected": 19, "collected": 25, "mean_removed_ratio": 0.05264558187244754, "strict_current_topk": false, "project_active_experts": [0, 2, 3, 4, 6, 7, 8, 9, 10, 11, 13, 15, 17, 19, 21, 24]}
{"event": "split_lite_step", "task_id": 5, "batch": 4660, "projected": 19, "collected": 25, "mean_removed_ratio": 0.046388607570215276, "strict_current_topk": false, "project_active_experts": [0, 2, 3, 4, 6, 7, 8, 9, 10, 11, 13, 15, 17, 19, 21, 24]}
{"event": "split_lite_step", "task_id": 5, "batch": 4680, "projected": 19, "collected": 25, "mean_removed_ratio": 0.0430154246523192, "strict_current_topk": false, "project_active_experts": [0, 2, 3, 4, 6, 7, 8, 9, 10, 11, 13, 15, 17, 19, 21, 24]}
{"event": "split_lite_step", "task_id": 5, "batch": 4700, "projected": 19, "collected": 25, "mean_removed_ratio": 0.04148412520360006, "strict_current_topk": false, "project_active_experts": [0, 2, 3, 4, 6, 7, 8, 9, 10, 11, 13, 15, 17, 19, 21, 24]}
{"event": "split_lite_step", "task_id": 5, "batch": 4720, "projected": 19, "collected": 25, "mean_removed_ratio": 0.035733799548133424, "strict_current_topk": false, "project_active_experts": [0, 2, 3, 4, 6, 7, 8, 9, 10, 11, 13, 15, 17, 19, 21, 24]}
{"event": "split_lite_step", "task_id": 5, "batch": 4740, "projected": 19, "collected": 25, "mean_removed_ratio": 0.03620178382353563, "strict_current_topk": false, "project_active_experts": [0, 2, 3, 4, 6, 7, 8, 9, 10, 11, 13, 15, 17, 19, 21, 24]}
{"event": "split_lite_step", "task_id": 5, "batch": 4760, "projected": 19, "collected": 25, "mean_removed_ratio": 0.02883997611015251, "strict_current_topk": false, "project_active_experts": [0, 2, 3, 4, 6, 7, 8, 9, 10, 11, 13, 15, 17, 19, 21, 24]}
{"event": "split_lite_step", "task_id": 5, "batch": 4780, "projected": 19, "collected": 25, "mean_removed_ratio": 0.04443788697550956, "strict_current_topk": false, "project_active_experts": [0, 2, 3, 4, 6, 7, 8, 9, 10, 11, 13, 15, 17, 19, 21, 24]}
{"event": "split_lite_step", "task_id": 5, "batch": 4800, "projected": 19, "collected": 25, "mean_removed_ratio": 0.025871908978412027, "strict_current_topk": false, "project_active_experts": [0, 2, 3, 4, 6, 7, 8, 9, 10, 11, 13, 15, 17, 19, 21, 24]}
{"event": "split_lite_step", "task_id": 5, "batch": 4820, "projected": 19, "collected": 25, "mean_removed_ratio": 0.046151256654411554, "strict_current_topk": false, "project_active_experts": [0, 2, 3, 4, 6, 7, 8, 9, 10, 11, 13, 15, 17, 19, 21, 24]}
{"event": "split_lite_step", "task_id": 5, "batch": 4840, "projected": 19, "collected": 25, "mean_removed_ratio": 0.040042997190826816, "strict_current_topk": false, "project_active_experts": [0, 2, 3, 4, 6, 7, 8, 9, 10, 11, 13, 15, 17, 19, 21, 24]}
{"event": "split_lite_step", "task_id": 5, "batch": 4860, "projected": 19, "collected": 25, "mean_removed_ratio": 0.04048022853308603, "strict_current_topk": false, "project_active_experts": [0, 2, 3, 4, 6, 7, 8, 9, 10, 11, 13, 15, 17, 19, 21, 24]}
{"event": "split_lite_step", "task_id": 5, "batch": 4880, "projected": 19, "collected": 25, "mean_removed_ratio": 0.03531696924351548, "strict_current_topk": false, "project_active_experts": [0, 2, 3, 4, 6, 7, 8, 9, 10, 11, 13, 15, 17, 19, 21, 24]}
{"event": "split_lite_step", "task_id": 5, "batch": 4900, "projected": 19, "collected": 25, "mean_removed_ratio": 0.04204094650125817, "strict_current_topk": false, "project_active_experts": [0, 2, 3, 4, 6, 7, 8, 9, 10, 11, 13, 15, 17, 19, 21, 24]}
{"event": "split_lite_step", "task_id": 5, "batch": 4920, "projected": 19, "collected": 25, "mean_removed_ratio": 0.03906569079692034, "strict_current_topk": false, "project_active_experts": [0, 2, 3, 4, 6, 7, 8, 9, 10, 11, 13, 15, 17, 19, 21, 24]}
{"event": "split_lite_step", "task_id": 5, "batch": 4940, "projected": 19, "collected": 25, "mean_removed_ratio": 0.035371002961734406, "strict_current_topk": false, "project_active_experts": [0, 2, 3, 4, 6, 7, 8, 9, 10, 11, 13, 15, 17, 19, 21, 24]}
{"event": "split_lite_step", "task_id": 5, "batch": 4960, "projected": 19, "collected": 25, "mean_removed_ratio": 0.05663706596303535, "strict_current_topk": false, "project_active_experts": [0, 2, 3, 4, 6, 7, 8, 9, 10, 11, 13, 15, 17, 19, 21, 24]}
{"event": "split_lite_step", "task_id": 5, "batch": 4980, "projected": 19, "collected": 25, "mean_removed_ratio": 0.04882913827896118, "strict_current_topk": false, "project_active_experts": [0, 2, 3, 4, 6, 7, 8, 9, 10, 11, 13, 15, 17, 19, 21, 24]}
{"event": "split_lite_step", "task_id": 5, "batch": 5000, "projected": 19, "collected": 25, "mean_removed_ratio": 0.058526028878986835, "strict_current_topk": false, "project_active_experts": [0, 2, 3, 4, 6, 7, 8, 9, 10, 11, 13, 15, 17, 19, 21, 24]}
{"event": "split_lite_step", "task_id": 5, "batch": 5020, "projected": 19, "collected": 25, "mean_removed_ratio": 0.04150379169732332, "strict_current_topk": false, "project_active_experts": [0, 2, 3, 4, 6, 7, 8, 9, 10, 11, 13, 15, 17, 19, 21, 24]}
{"event": "split_lite_step", "task_id": 5, "batch": 5040, "projected": 19, "collected": 25, "mean_removed_ratio": 0.04826505158684755, "strict_current_topk": false, "project_active_experts": [0, 2, 3, 4, 6, 7, 8, 9, 10, 11, 13, 15, 17, 19, 21, 24]}
{"event": "split_lite_step", "task_id": 5, "batch": 5060, "projected": 19, "collected": 25, "mean_removed_ratio": 0.05111885585479046, "strict_current_topk": false, "project_active_experts": [0, 2, 3, 4, 6, 7, 8, 9, 10, 11, 13, 15, 17, 19, 21, 24]}
{"event": "split_lite_task_finish", "task_id": 5, "rank": 4, "alpha": 0.2, "interval": 20, "buffer_size": 24, "expert_threshold": 0.03, "active_topk": 16, "strict_current_topk": false, "active_experts": [0, 2, 3, 4, 6, 7, 8, 9, 10, 11, 13, 15, 17, 19, 21, 24], "usage": {"vector": [0.048116058111190796, 0.03229008987545967, 0.05711805447936058, 0.043712068349123, 0.049487050622701645, 0.029949123039841652, 0.04843193665146828, 0.042032621800899506, 0.039235927164554596, 0.03914652392268181, 0.0412401519715786, 0.044142480939626694, 0.03744593262672424, 0.04785480722784996, 0.035859134048223495, 0.045968640595674515, 0.03107481263577938, 0.04393066093325615, 0.028304824605584145, 0.03846951574087143, 0.02497616596519947, 0.043446920812129974, 0.03421372175216675, 0.03379833698272705, 0.039754439145326614], "top3": [2, 4, 6], "top5": [2, 4, 6, 0, 13], "top3_mass": 0.1550370454788208, "top5_mass": 0.25100791454315186, "entropy": 3.201343059539795, "max_entropy": 3.2188758248682006}, "basis_sizes": {"e_pv": {"0": 4, "2": 4, "3": 4, "4": 4, "6": 4, "7": 4, "8": 4, "9": 4, "10": 4, "11": 4, "13": 4, "15": 4, "17": 4, "19": 4, "21": 4, "24": 4}}, "stats": {"project_calls": 254, "projected_vectors": 3549, "collected_vectors": 6350, "skipped_steps": 4816}, "diagnostics": {"expert_usage_mode": "cumulative", "previous_selected_jaccard": 1.0, "cp_overlap": null}}
{"event": "split_lite_step", "task_id": 6, "batch": 5080, "projected": 19, "collected": 25, "mean_removed_ratio": 0.07061732356975738, "strict_current_topk": false, "project_active_experts": [0, 2, 3, 4, 6, 7, 8, 9, 10, 11, 13, 15, 17, 19, 21, 24]}
{"event": "split_lite_step", "task_id": 6, "batch": 5100, "projected": 19, "collected": 25, "mean_removed_ratio": 0.02910903439317879, "strict_current_topk": false, "project_active_experts": [0, 2, 3, 4, 6, 7, 8, 9, 10, 11, 13, 15, 17, 19, 21, 24]}
{"event": "split_lite_step", "task_id": 6, "batch": 5120, "projected": 19, "collected": 25, "mean_removed_ratio": 0.04578907422623352, "strict_current_topk": false, "project_active_experts": [0, 2, 3, 4, 6, 7, 8, 9, 10, 11, 13, 15, 17, 19, 21, 24]}
{"event": "split_lite_step", "task_id": 6, "batch": 5140, "projected": 19, "collected": 25, "mean_removed_ratio": 0.047979545191322505, "strict_current_topk": false, "project_active_experts": [0, 2, 3, 4, 6, 7, 8, 9, 10, 11, 13, 15, 17, 19, 21, 24]}
{"event": "split_lite_step", "task_id": 6, "batch": 5160, "projected": 19, "collected": 25, "mean_removed_ratio": 0.04607464545896571, "strict_current_topk": false, "project_active_experts": [0, 2, 3, 4, 6, 7, 8, 9, 10, 11, 13, 15, 17, 19, 21, 24]}
{"event": "split_lite_step", "task_id": 6, "batch": 5180, "projected": 19, "collected": 25, "mean_removed_ratio": 0.04360972037293801, "strict_current_topk": false, "project_active_experts": [0, 2, 3, 4, 6, 7, 8, 9, 10, 11, 13, 15, 17, 19, 21, 24]}
{"event": "split_lite_step", "task_id": 6, "batch": 5200, "projected": 19, "collected": 25, "mean_removed_ratio": 0.04531909978801483, "strict_current_topk": false, "project_active_experts": [0, 2, 3, 4, 6, 7, 8, 9, 10, 11, 13, 15, 17, 19, 21, 24]}
{"event": "split_lite_step", "task_id": 6, "batch": 5220, "projected": 19, "collected": 25, "mean_removed_ratio": 0.049548778290811335, "strict_current_topk": false, "project_active_experts": [0, 2, 3, 4, 6, 7, 8, 9, 10, 11, 13, 15, 17, 19, 21, 24]}
{"event": "split_lite_step", "task_id": 6, "batch": 5240, "projected": 19, "collected": 25, "mean_removed_ratio": 0.040712148833431695, "strict_current_topk": false, "project_active_experts": [0, 2, 3, 4, 6, 7, 8, 9, 10, 11, 13, 15, 17, 19, 21, 24]}
{"event": "split_lite_step", "task_id": 6, "batch": 5260, "projected": 19, "collected": 25, "mean_removed_ratio": 0.05235969564436298, "strict_current_topk": false, "project_active_experts": [0, 2, 3, 4, 6, 7, 8, 9, 10, 11, 13, 15, 17, 19, 21, 24]}
{"event": "split_lite_step", "task_id": 6, "batch": 5280, "projected": 19, "collected": 25, "mean_removed_ratio": 0.04682824736166941, "strict_current_topk": false, "project_active_experts": [0, 2, 3, 4, 6, 7, 8, 9, 10, 11, 13, 15, 17, 19, 21, 24]}
{"event": "split_lite_step", "task_id": 6, "batch": 5300, "projected": 19, "collected": 25, "mean_removed_ratio": 0.03961334291747526, "strict_current_topk": false, "project_active_experts": [0, 2, 3, 4, 6, 7, 8, 9, 10, 11, 13, 15, 17, 19, 21, 24]}
{"event": "split_lite_step", "task_id": 6, "batch": 5320, "projected": 19, "collected": 25, "mean_removed_ratio": 0.045752141330587234, "strict_current_topk": false, "project_active_experts": [0, 2, 3, 4, 6, 7, 8, 9, 10, 11, 13, 15, 17, 19, 21, 24]}
{"event": "split_lite_step", "task_id": 6, "batch": 5340, "projected": 19, "collected": 25, "mean_removed_ratio": 0.05564630350196048, "strict_current_topk": false, "project_active_experts": [0, 2, 3, 4, 6, 7, 8, 9, 10, 11, 13, 15, 17, 19, 21, 24]}
{"event": "split_lite_step", "task_id": 6, "batch": 5360, "projected": 19, "collected": 25, "mean_removed_ratio": 0.03873739800857086, "strict_current_topk": false, "project_active_experts": [0, 2, 3, 4, 6, 7, 8, 9, 10, 11, 13, 15, 17, 19, 21, 24]}
{"event": "split_lite_step", "task_id": 6, "batch": 5380, "projected": 19, "collected": 25, "mean_removed_ratio": 0.04233345752091784, "strict_current_topk": false, "project_active_experts": [0, 2, 3, 4, 6, 7, 8, 9, 10, 11, 13, 15, 17, 19, 21, 24]}
{"event": "split_lite_step", "task_id": 6, "batch": 5400, "projected": 19, "collected": 25, "mean_removed_ratio": 0.031402691757600555, "strict_current_topk": false, "project_active_experts": [0, 2, 3, 4, 6, 7, 8, 9, 10, 11, 13, 15, 17, 19, 21, 24]}
{"event": "split_lite_step", "task_id": 6, "batch": 5420, "projected": 19, "collected": 25, "mean_removed_ratio": 0.04273905698210001, "strict_current_topk": false, "project_active_experts": [0, 2, 3, 4, 6, 7, 8, 9, 10, 11, 13, 15, 17, 19, 21, 24]}
{"event": "split_lite_step", "task_id": 6, "batch": 5440, "projected": 19, "collected": 25, "mean_removed_ratio": 0.04411476443668729, "strict_current_topk": false, "project_active_experts": [0, 2, 3, 4, 6, 7, 8, 9, 10, 11, 13, 15, 17, 19, 21, 24]}
{"event": "split_lite_step", "task_id": 6, "batch": 5460, "projected": 19, "collected": 25, "mean_removed_ratio": 0.04060559984492628, "strict_current_topk": false, "project_active_experts": [0, 2, 3, 4, 6, 7, 8, 9, 10, 11, 13, 15, 17, 19, 21, 24]}
{"event": "split_lite_step", "task_id": 6, "batch": 5480, "projected": 19, "collected": 25, "mean_removed_ratio": 0.039512125383082186, "strict_current_topk": false, "project_active_experts": [0, 2, 3, 4, 6, 7, 8, 9, 10, 11, 13, 15, 17, 19, 21, 24]}
{"event": "split_lite_step", "task_id": 6, "batch": 5500, "projected": 19, "collected": 25, "mean_removed_ratio": 0.0362397742114569, "strict_current_topk": false, "project_active_experts": [0, 2, 3, 4, 6, 7, 8, 9, 10, 11, 13, 15, 17, 19, 21, 24]}
{"event": "split_lite_step", "task_id": 6, "batch": 5520, "projected": 19, "collected": 25, "mean_removed_ratio": 0.03863570035288209, "strict_current_topk": false, "project_active_experts": [0, 2, 3, 4, 6, 7, 8, 9, 10, 11, 13, 15, 17, 19, 21, 24]}
{"event": "split_lite_step", "task_id": 6, "batch": 5540, "projected": 19, "collected": 25, "mean_removed_ratio": 0.04684405151362482, "strict_current_topk": false, "project_active_experts": [0, 2, 3, 4, 6, 7, 8, 9, 10, 11, 13, 15, 17, 19, 21, 24]}
{"event": "split_lite_step", "task_id": 6, "batch": 5560, "projected": 19, "collected": 25, "mean_removed_ratio": 0.029129178520586146, "strict_current_topk": false, "project_active_experts": [0, 2, 3, 4, 6, 7, 8, 9, 10, 11, 13, 15, 17, 19, 21, 24]}
{"event": "split_lite_step", "task_id": 6, "batch": 5580, "projected": 19, "collected": 25, "mean_removed_ratio": 0.039754039362857214, "strict_current_topk": false, "project_active_experts": [0, 2, 3, 4, 6, 7, 8, 9, 10, 11, 13, 15, 17, 19, 21, 24]}
{"event": "split_lite_step", "task_id": 6, "batch": 5600, "projected": 19, "collected": 25, "mean_removed_ratio": 0.04888228724073423, "strict_current_topk": false, "project_active_experts": [0, 2, 3, 4, 6, 7, 8, 9, 10, 11, 13, 15, 17, 19, 21, 24]}
{"event": "split_lite_step", "task_id": 6, "batch": 5620, "projected": 19, "collected": 25, "mean_removed_ratio": 0.048189916108783926, "strict_current_topk": false, "project_active_experts": [0, 2, 3, 4, 6, 7, 8, 9, 10, 11, 13, 15, 17, 19, 21, 24]}
{"event": "split_lite_step", "task_id": 6, "batch": 5640, "projected": 19, "collected": 25, "mean_removed_ratio": 0.03374706858180856, "strict_current_topk": false, "project_active_experts": [0, 2, 3, 4, 6, 7, 8, 9, 10, 11, 13, 15, 17, 19, 21, 24]}
{"event": "split_lite_step", "task_id": 6, "batch": 5660, "projected": 19, "collected": 25, "mean_removed_ratio": 0.04520123927412849, "strict_current_topk": false, "project_active_experts": [0, 2, 3, 4, 6, 7, 8, 9, 10, 11, 13, 15, 17, 19, 21, 24]}
{"event": "split_lite_step", "task_id": 6, "batch": 5680, "projected": 19, "collected": 25, "mean_removed_ratio": 0.03604483109359678, "strict_current_topk": false, "project_active_experts": [0, 2, 3, 4, 6, 7, 8, 9, 10, 11, 13, 15, 17, 19, 21, 24]}
{"event": "split_lite_step", "task_id": 6, "batch": 5700, "projected": 19, "collected": 25, "mean_removed_ratio": 0.036129287100936235, "strict_current_topk": false, "project_active_experts": [0, 2, 3, 4, 6, 7, 8, 9, 10, 11, 13, 15, 17, 19, 21, 24]}
{"event": "split_lite_step", "task_id": 6, "batch": 5720, "projected": 19, "collected": 25, "mean_removed_ratio": 0.0477476367775939, "strict_current_topk": false, "project_active_experts": [0, 2, 3, 4, 6, 7, 8, 9, 10, 11, 13, 15, 17, 19, 21, 24]}
{"event": "split_lite_step", "task_id": 6, "batch": 5740, "projected": 19, "collected": 25, "mean_removed_ratio": 0.04420786971030267, "strict_current_topk": false, "project_active_experts": [0, 2, 3, 4, 6, 7, 8, 9, 10, 11, 13, 15, 17, 19, 21, 24]}
{"event": "split_lite_step", "task_id": 6, "batch": 5760, "projected": 19, "collected": 25, "mean_removed_ratio": 0.029413327060051654, "strict_current_topk": false, "project_active_experts": [0, 2, 3, 4, 6, 7, 8, 9, 10, 11, 13, 15, 17, 19, 21, 24]}
{"event": "split_lite_step", "task_id": 6, "batch": 5780, "projected": 19, "collected": 25, "mean_removed_ratio": 0.033547167715273406, "strict_current_topk": false, "project_active_experts": [0, 2, 3, 4, 6, 7, 8, 9, 10, 11, 13, 15, 17, 19, 21, 24]}
{"event": "split_lite_step", "task_id": 6, "batch": 5800, "projected": 19, "collected": 25, "mean_removed_ratio": 0.037463517148831955, "strict_current_topk": false, "project_active_experts": [0, 2, 3, 4, 6, 7, 8, 9, 10, 11, 13, 15, 17, 19, 21, 24]}
{"event": "split_lite_step", "task_id": 6, "batch": 5820, "projected": 19, "collected": 25, "mean_removed_ratio": 0.04061427913410099, "strict_current_topk": false, "project_active_experts": [0, 2, 3, 4, 6, 7, 8, 9, 10, 11, 13, 15, 17, 19, 21, 24]}
{"event": "split_lite_step", "task_id": 6, "batch": 5840, "projected": 19, "collected": 25, "mean_removed_ratio": 0.035489982263626235, "strict_current_topk": false, "project_active_experts": [0, 2, 3, 4, 6, 7, 8, 9, 10, 11, 13, 15, 17, 19, 21, 24]}
{"event": "split_lite_task_finish", "task_id": 6, "rank": 4, "alpha": 0.2, "interval": 20, "buffer_size": 24, "expert_threshold": 0.03, "active_topk": 16, "strict_current_topk": false, "active_experts": [0, 2, 3, 4, 6, 7, 8, 9, 10, 11, 13, 15, 17, 19, 21, 24], "usage": {"vector": [0.047988370060920715, 0.032862260937690735, 0.05803285166621208, 0.04421360045671463, 0.04995715245604515, 0.030035676434636116, 0.04865594580769539, 0.04158351942896843, 0.03878936544060707, 0.03871305286884308, 0.04130108281970024, 0.04378887265920639, 0.03733060136437416, 0.04735632613301277, 0.03549830615520477, 0.045354075729846954, 0.032119326293468475, 0.043670348823070526, 0.02862635813653469, 0.03849945589900017, 0.024582745507359505, 0.04438307508826256, 0.03364128619432449, 0.03373182937502861, 0.03928452357649803], "top3": [2, 4, 6], "top5": [2, 4, 6, 0, 13], "top3_mass": 0.15664595365524292, "top5_mass": 0.2519906461238861, "entropy": 3.2011237144470215, "max_entropy": 3.2188758248682006}, "basis_sizes": {"e_pv": {"0": 4, "2": 4, "3": 4, "4": 4, "6": 4, "7": 4, "8": 4, "9": 4, "10": 4, "11": 4, "13": 4, "15": 4, "17": 4, "19": 4, "21": 4, "24": 4}}, "stats": {"project_calls": 293, "projected_vectors": 4290, "collected_vectors": 7325, "skipped_steps": 5557}, "diagnostics": {"expert_usage_mode": "cumulative", "previous_selected_jaccard": 1.0, "cp_overlap": null}}
{"event": "split_lite_step", "task_id": 7, "batch": 5860, "projected": 19, "collected": 25, "mean_removed_ratio": 0.04618346058812581, "strict_current_topk": false, "project_active_experts": [0, 2, 3, 4, 6, 7, 8, 9, 10, 11, 13, 15, 17, 19, 21, 24]}
{"event": "split_lite_step", "task_id": 7, "batch": 5880, "projected": 19, "collected": 25, "mean_removed_ratio": 0.042634854436312854, "strict_current_topk": false, "project_active_experts": [0, 2, 3, 4, 6, 7, 8, 9, 10, 11, 13, 15, 17, 19, 21, 24]}
{"event": "split_lite_step", "task_id": 7, "batch": 5900, "projected": 19, "collected": 25, "mean_removed_ratio": 0.047964363751050676, "strict_current_topk": false, "project_active_experts": [0, 2, 3, 4, 6, 7, 8, 9, 10, 11, 13, 15, 17, 19, 21, 24]}
{"event": "split_lite_step", "task_id": 7, "batch": 5920, "projected": 19, "collected": 25, "mean_removed_ratio": 0.06567836474431188, "strict_current_topk": false, "project_active_experts": [0, 2, 3, 4, 6, 7, 8, 9, 10, 11, 13, 15, 17, 19, 21, 24]}
{"event": "split_lite_step", "task_id": 7, "batch": 5940, "projected": 19, "collected": 25, "mean_removed_ratio": 0.04064161614759972, "strict_current_topk": false, "project_active_experts": [0, 2, 3, 4, 6, 7, 8, 9, 10, 11, 13, 15, 17, 19, 21, 24]}
{"event": "split_lite_step", "task_id": 7, "batch": 5960, "projected": 19, "collected": 25, "mean_removed_ratio": 0.04041157694729535, "strict_current_topk": false, "project_active_experts": [0, 2, 3, 4, 6, 7, 8, 9, 10, 11, 13, 15, 17, 19, 21, 24]}
{"event": "split_lite_step", "task_id": 7, "batch": 5980, "projected": 19, "collected": 25, "mean_removed_ratio": 0.05714391706217276, "strict_current_topk": false, "project_active_experts": [0, 2, 3, 4, 6, 7, 8, 9, 10, 11, 13, 15, 17, 19, 21, 24]}
{"event": "split_lite_step", "task_id": 7, "batch": 6000, "projected": 19, "collected": 25, "mean_removed_ratio": 0.04062752048239896, "strict_current_topk": false, "project_active_experts": [0, 2, 3, 4, 6, 7, 8, 9, 10, 11, 13, 15, 17, 19, 21, 24]}
{"event": "split_lite_step", "task_id": 7, "batch": 6020, "projected": 19, "collected": 25, "mean_removed_ratio": 0.05500601300675618, "strict_current_topk": false, "project_active_experts": [0, 2, 3, 4, 6, 7, 8, 9, 10, 11, 13, 15, 17, 19, 21, 24]}
{"event": "split_lite_step", "task_id": 7, "batch": 6040, "projected": 19, "collected": 25, "mean_removed_ratio": 0.046813280174606724, "strict_current_topk": false, "project_active_experts": [0, 2, 3, 4, 6, 7, 8, 9, 10, 11, 13, 15, 17, 19, 21, 24]}
{"event": "split_lite_step", "task_id": 7, "batch": 6060, "projected": 19, "collected": 25, "mean_removed_ratio": 0.04420185152833399, "strict_current_topk": false, "project_active_experts": [0, 2, 3, 4, 6, 7, 8, 9, 10, 11, 13, 15, 17, 19, 21, 24]}
{"event": "split_lite_step", "task_id": 7, "batch": 6080, "projected": 19, "collected": 25, "mean_removed_ratio": 0.05720018512128215, "strict_current_topk": false, "project_active_experts": [0, 2, 3, 4, 6, 7, 8, 9, 10, 11, 13, 15, 17, 19, 21, 24]}
{"event": "split_lite_step", "task_id": 7, "batch": 6100, "projected": 19, "collected": 25, "mean_removed_ratio": 0.04181639989838004, "strict_current_topk": false, "project_active_experts": [0, 2, 3, 4, 6, 7, 8, 9, 10, 11, 13, 15, 17, 19, 21, 24]}
{"event": "split_lite_step", "task_id": 7, "batch": 6120, "projected": 19, "collected": 25, "mean_removed_ratio": 0.05023867774166559, "strict_current_topk": false, "project_active_experts": [0, 2, 3, 4, 6, 7, 8, 9, 10, 11, 13, 15, 17, 19, 21, 24]}
{"event": "split_lite_step", "task_id": 7, "batch": 6140, "projected": 19, "collected": 25, "mean_removed_ratio": 0.04788576968406376, "strict_current_topk": false, "project_active_experts": [0, 2, 3, 4, 6, 7, 8, 9, 10, 11, 13, 15, 17, 19, 21, 24]}
{"event": "split_lite_step", "task_id": 7, "batch": 6160, "projected": 19, "collected": 25, "mean_removed_ratio": 0.05124160436619269, "strict_current_topk": false, "project_active_experts": [0, 2, 3, 4, 6, 7, 8, 9, 10, 11, 13, 15, 17, 19, 21, 24]}
{"event": "split_lite_step", "task_id": 7, "batch": 6180, "projected": 19, "collected": 25, "mean_removed_ratio": 0.032268725825767765, "strict_current_topk": false, "project_active_experts": [0, 2, 3, 4, 6, 7, 8, 9, 10, 11, 13, 15, 17, 19, 21, 24]}
{"event": "split_lite_step", "task_id": 7, "batch": 6200, "projected": 19, "collected": 25, "mean_removed_ratio": 0.042606459906030646, "strict_current_topk": false, "project_active_experts": [0, 2, 3, 4, 6, 7, 8, 9, 10, 11, 13, 15, 17, 19, 21, 24]}
{"event": "split_lite_step", "task_id": 7, "batch": 6220, "projected": 19, "collected": 25, "mean_removed_ratio": 0.03526392049695316, "strict_current_topk": false, "project_active_experts": [0, 2, 3, 4, 6, 7, 8, 9, 10, 11, 13, 15, 17, 19, 21, 24]}
{"event": "split_lite_step", "task_id": 7, "batch": 6240, "projected": 19, "collected": 25, "mean_removed_ratio": 0.038297705768950675, "strict_current_topk": false, "project_active_experts": [0, 2, 3, 4, 6, 7, 8, 9, 10, 11, 13, 15, 17, 19, 21, 24]}
{"event": "split_lite_step", "task_id": 7, "batch": 6260, "projected": 19, "collected": 25, "mean_removed_ratio": 0.04136549803967539, "strict_current_topk": false, "project_active_experts": [0, 2, 3, 4, 6, 7, 8, 9, 10, 11, 13, 15, 17, 19, 21, 24]}
{"event": "split_lite_step", "task_id": 7, "batch": 6280, "projected": 19, "collected": 25, "mean_removed_ratio": 0.04229657405889348, "strict_current_topk": false, "project_active_experts": [0, 2, 3, 4, 6, 7, 8, 9, 10, 11, 13, 15, 17, 19, 21, 24]}
{"event": "split_lite_step", "task_id": 7, "batch": 6300, "projected": 19, "collected": 25, "mean_removed_ratio": 0.04185779664150782, "strict_current_topk": false, "project_active_experts": [0, 2, 3, 4, 6, 7, 8, 9, 10, 11, 13, 15, 17, 19, 21, 24]}
{"event": "split_lite_step", "task_id": 7, "batch": 6320, "projected": 19, "collected": 25, "mean_removed_ratio": 0.03995576809699598, "strict_current_topk": false, "project_active_experts": [0, 2, 3, 4, 6, 7, 8, 9, 10, 11, 13, 15, 17, 19, 21, 24]}
{"event": "split_lite_step", "task_id": 7, "batch": 6340, "projected": 19, "collected": 25, "mean_removed_ratio": 0.04992082276332535, "strict_current_topk": false, "project_active_experts": [0, 2, 3, 4, 6, 7, 8, 9, 10, 11, 13, 15, 17, 19, 21, 24]}
{"event": "split_lite_step", "task_id": 7, "batch": 6360, "projected": 19, "collected": 25, "mean_removed_ratio": 0.03686666758240838, "strict_current_topk": false, "project_active_experts": [0, 2, 3, 4, 6, 7, 8, 9, 10, 11, 13, 15, 17, 19, 21, 24]}
{"event": "split_lite_step", "task_id": 7, "batch": 6380, "projected": 19, "collected": 25, "mean_removed_ratio": 0.03598645187326168, "strict_current_topk": false, "project_active_experts": [0, 2, 3, 4, 6, 7, 8, 9, 10, 11, 13, 15, 17, 19, 21, 24]}
{"event": "split_lite_step", "task_id": 7, "batch": 6400, "projected": 19, "collected": 25, "mean_removed_ratio": 0.0347640340976221, "strict_current_topk": false, "project_active_experts": [0, 2, 3, 4, 6, 7, 8, 9, 10, 11, 13, 15, 17, 19, 21, 24]}
{"event": "split_lite_step", "task_id": 7, "batch": 6420, "projected": 19, "collected": 25, "mean_removed_ratio": 0.04372522772878016, "strict_current_topk": false, "project_active_experts": [0, 2, 3, 4, 6, 7, 8, 9, 10, 11, 13, 15, 17, 19, 21, 24]}
{"event": "split_lite_step", "task_id": 7, "batch": 6440, "projected": 19, "collected": 25, "mean_removed_ratio": 0.04035028109424993, "strict_current_topk": false, "project_active_experts": [0, 2, 3, 4, 6, 7, 8, 9, 10, 11, 13, 15, 17, 19, 21, 24]}
{"event": "split_lite_step", "task_id": 7, "batch": 6460, "projected": 19, "collected": 25, "mean_removed_ratio": 0.043073311055961405, "strict_current_topk": false, "project_active_experts": [0, 2, 3, 4, 6, 7, 8, 9, 10, 11, 13, 15, 17, 19, 21, 24]}
{"event": "split_lite_step", "task_id": 7, "batch": 6480, "projected": 19, "collected": 25, "mean_removed_ratio": 0.05342939687206557, "strict_current_topk": false, "project_active_experts": [0, 2, 3, 4, 6, 7, 8, 9, 10, 11, 13, 15, 17, 19, 21, 24]}
{"event": "split_lite_step", "task_id": 7, "batch": 6500, "projected": 19, "collected": 25, "mean_removed_ratio": 0.05448587108893614, "strict_current_topk": false, "project_active_experts": [0, 2, 3, 4, 6, 7, 8, 9, 10, 11, 13, 15, 17, 19, 21, 24]}
{"event": "split_lite_step", "task_id": 7, "batch": 6520, "projected": 19, "collected": 25, "mean_removed_ratio": 0.05619486597807784, "strict_current_topk": false, "project_active_experts": [0, 2, 3, 4, 6, 7, 8, 9, 10, 11, 13, 15, 17, 19, 21, 24]}
{"event": "split_lite_step", "task_id": 7, "batch": 6540, "projected": 19, "collected": 25, "mean_removed_ratio": 0.04561253166512439, "strict_current_topk": false, "project_active_experts": [0, 2, 3, 4, 6, 7, 8, 9, 10, 11, 13, 15, 17, 19, 21, 24]}
{"event": "split_lite_step", "task_id": 7, "batch": 6560, "projected": 19, "collected": 25, "mean_removed_ratio": 0.046940238901266924, "strict_current_topk": false, "project_active_experts": [0, 2, 3, 4, 6, 7, 8, 9, 10, 11, 13, 15, 17, 19, 21, 24]}
{"event": "split_lite_step", "task_id": 7, "batch": 6580, "projected": 19, "collected": 25, "mean_removed_ratio": 0.03830695279726857, "strict_current_topk": false, "project_active_experts": [0, 2, 3, 4, 6, 7, 8, 9, 10, 11, 13, 15, 17, 19, 21, 24]}
{"event": "split_lite_step", "task_id": 7, "batch": 6600, "projected": 19, "collected": 25, "mean_removed_ratio": 0.03216387331485748, "strict_current_topk": false, "project_active_experts": [0, 2, 3, 4, 6, 7, 8, 9, 10, 11, 13, 15, 17, 19, 21, 24]}
{"event": "split_lite_step", "task_id": 7, "batch": 6620, "projected": 19, "collected": 25, "mean_removed_ratio": 0.051344892426737045, "strict_current_topk": false, "project_active_experts": [0, 2, 3, 4, 6, 7, 8, 9, 10, 11, 13, 15, 17, 19, 21, 24]}
{"event": "split_lite_task_finish", "task_id": 7, "rank": 4, "alpha": 0.2, "interval": 20, "buffer_size": 24, "expert_threshold": 0.03, "active_topk": 16, "strict_current_topk": false, "active_experts": [0, 2, 3, 4, 6, 7, 8, 9, 10, 11, 13, 15, 17, 19, 21, 24], "usage": {"vector": [0.047545380890369415, 0.03326837345957756, 0.059104084968566895, 0.04493606835603714, 0.05065695941448212, 0.030100662261247635, 0.04882395640015602, 0.0412466935813427, 0.03810784965753555, 0.03908205032348633, 0.04099956154823303, 0.043523598462343216, 0.03723527491092682, 0.04699178785085678, 0.034880466759204865, 0.04489315301179886, 0.03291614353656769, 0.04376697540283203, 0.028867509216070175, 0.03820063918828964, 0.02428768202662468, 0.04473797231912613, 0.03325536474585533, 0.03368403762578964, 0.03888785094022751], "top3": [2, 4, 6], "top5": [2, 4, 6, 0, 13], "top3_mass": 0.15858499705791473, "top5_mass": 0.25312215089797974, "entropy": 3.2006278038024902, "max_entropy": 3.2188758248682006}, "basis_sizes": {"e_pv": {"0": 4, "2": 4, "3": 4, "4": 4, "6": 4, "7": 4, "8": 4, "9": 4, "10": 4, "11": 4, "13": 4, "15": 4, "17": 4, "19": 4, "21": 4, "24": 4}}, "stats": {"project_calls": 332, "projected_vectors": 5031, "collected_vectors": 8300, "skipped_steps": 6298}, "diagnostics": {"expert_usage_mode": "cumulative", "previous_selected_jaccard": 1.0, "cp_overlap": null}}
{"event": "split_lite_step", "task_id": 8, "batch": 6640, "projected": 19, "collected": 25, "mean_removed_ratio": 0.05960457781819921, "strict_current_topk": false, "project_active_experts": [0, 2, 3, 4, 6, 7, 8, 9, 10, 11, 13, 15, 17, 19, 21, 24]}
{"event": "split_lite_step", "task_id": 8, "batch": 6660, "projected": 19, "collected": 25, "mean_removed_ratio": 0.0458199047042351, "strict_current_topk": false, "project_active_experts": [0, 2, 3, 4, 6, 7, 8, 9, 10, 11, 13, 15, 17, 19, 21, 24]}
{"event": "split_lite_step", "task_id": 8, "batch": 6680, "projected": 19, "collected": 25, "mean_removed_ratio": 0.03252686105521494, "strict_current_topk": false, "project_active_experts": [0, 2, 3, 4, 6, 7, 8, 9, 10, 11, 13, 15, 17, 19, 21, 24]}
{"event": "split_lite_step", "task_id": 8, "batch": 6700, "projected": 19, "collected": 25, "mean_removed_ratio": 0.04627418875890343, "strict_current_topk": false, "project_active_experts": [0, 2, 3, 4, 6, 7, 8, 9, 10, 11, 13, 15, 17, 19, 21, 24]}
{"event": "split_lite_step", "task_id": 8, "batch": 6720, "projected": 19, "collected": 25, "mean_removed_ratio": 0.05297634260434853, "strict_current_topk": false, "project_active_experts": [0, 2, 3, 4, 6, 7, 8, 9, 10, 11, 13, 15, 17, 19, 21, 24]}
{"event": "split_lite_step", "task_id": 8, "batch": 6740, "projected": 19, "collected": 25, "mean_removed_ratio": 0.047707265120391786, "strict_current_topk": false, "project_active_experts": [0, 2, 3, 4, 6, 7, 8, 9, 10, 11, 13, 15, 17, 19, 21, 24]}
{"event": "split_lite_step", "task_id": 8, "batch": 6760, "projected": 19, "collected": 25, "mean_removed_ratio": 0.03972817099604167, "strict_current_topk": false, "project_active_experts": [0, 2, 3, 4, 6, 7, 8, 9, 10, 11, 13, 15, 17, 19, 21, 24]}
{"event": "split_lite_step", "task_id": 8, "batch": 6780, "projected": 19, "collected": 25, "mean_removed_ratio": 0.0393616805269726, "strict_current_topk": false, "project_active_experts": [0, 2, 3, 4, 6, 7, 8, 9, 10, 11, 13, 15, 17, 19, 21, 24]}
{"event": "split_lite_step", "task_id": 8, "batch": 6800, "projected": 19, "collected": 25, "mean_removed_ratio": 0.0463449243995312, "strict_current_topk": false, "project_active_experts": [0, 2, 3, 4, 6, 7, 8, 9, 10, 11, 13, 15, 17, 19, 21, 24]}
{"event": "split_lite_step", "task_id": 8, "batch": 6820, "projected": 19, "collected": 25, "mean_removed_ratio": 0.037347876417793725, "strict_current_topk": false, "project_active_experts": [0, 2, 3, 4, 6, 7, 8, 9, 10, 11, 13, 15, 17, 19, 21, 24]}
{"event": "split_lite_step", "task_id": 8, "batch": 6840, "projected": 19, "collected": 25, "mean_removed_ratio": 0.05552826378200399, "strict_current_topk": false, "project_active_experts": [0, 2, 3, 4, 6, 7, 8, 9, 10, 11, 13, 15, 17, 19, 21, 24]}
{"event": "split_lite_step", "task_id": 8, "batch": 6860, "projected": 19, "collected": 25, "mean_removed_ratio": 0.046493312736090864, "strict_current_topk": false, "project_active_experts": [0, 2, 3, 4, 6, 7, 8, 9, 10, 11, 13, 15, 17, 19, 21, 24]}
{"event": "split_lite_step", "task_id": 8, "batch": 6880, "projected": 19, "collected": 25, "mean_removed_ratio": 0.04264097214725457, "strict_current_topk": false, "project_active_experts": [0, 2, 3, 4, 6, 7, 8, 9, 10, 11, 13, 15, 17, 19, 21, 24]}
{"event": "split_lite_step", "task_id": 8, "batch": 6900, "projected": 19, "collected": 25, "mean_removed_ratio": 0.04898488957827028, "strict_current_topk": false, "project_active_experts": [0, 2, 3, 4, 6, 7, 8, 9, 10, 11, 13, 15, 17, 19, 21, 24]}
{"event": "split_lite_step", "task_id": 8, "batch": 6920, "projected": 19, "collected": 25, "mean_removed_ratio": 0.0579722602606604, "strict_current_topk": false, "project_active_experts": [0, 2, 3, 4, 6, 7, 8, 9, 10, 11, 13, 15, 17, 19, 21, 24]}
{"event": "split_lite_step", "task_id": 8, "batch": 6940, "projected": 19, "collected": 25, "mean_removed_ratio": 0.051291716088982, "strict_current_topk": false, "project_active_experts": [0, 2, 3, 4, 6, 7, 8, 9, 10, 11, 13, 15, 17, 19, 21, 24]}
{"event": "split_lite_step", "task_id": 8, "batch": 6960, "projected": 19, "collected": 25, "mean_removed_ratio": 0.03941386531254178, "strict_current_topk": false, "project_active_experts": [0, 2, 3, 4, 6, 7, 8, 9, 10, 11, 13, 15, 17, 19, 21, 24]}
{"event": "split_lite_step", "task_id": 8, "batch": 6980, "projected": 19, "collected": 25, "mean_removed_ratio": 0.07176786621934489, "strict_current_topk": false, "project_active_experts": [0, 2, 3, 4, 6, 7, 8, 9, 10, 11, 13, 15, 17, 19, 21, 24]}
{"event": "split_lite_step", "task_id": 8, "batch": 7000, "projected": 19, "collected": 25, "mean_removed_ratio": 0.04024080941943746, "strict_current_topk": false, "project_active_experts": [0, 2, 3, 4, 6, 7, 8, 9, 10, 11, 13, 15, 17, 19, 21, 24]}
{"event": "split_lite_step", "task_id": 8, "batch": 7020, "projected": 19, "collected": 25, "mean_removed_ratio": 0.03251096282742525, "strict_current_topk": false, "project_active_experts": [0, 2, 3, 4, 6, 7, 8, 9, 10, 11, 13, 15, 17, 19, 21, 24]}
{"event": "split_lite_step", "task_id": 8, "batch": 7040, "projected": 19, "collected": 25, "mean_removed_ratio": 0.05058958616695906, "strict_current_topk": false, "project_active_experts": [0, 2, 3, 4, 6, 7, 8, 9, 10, 11, 13, 15, 17, 19, 21, 24]}
{"event": "split_lite_step", "task_id": 8, "batch": 7060, "projected": 19, "collected": 25, "mean_removed_ratio": 0.054115084146982746, "strict_current_topk": false, "project_active_experts": [0, 2, 3, 4, 6, 7, 8, 9, 10, 11, 13, 15, 17, 19, 21, 24]}
{"event": "split_lite_step", "task_id": 8, "batch": 7080, "projected": 19, "collected": 25, "mean_removed_ratio": 0.05580801845185066, "strict_current_topk": false, "project_active_experts": [0, 2, 3, 4, 6, 7, 8, 9, 10, 11, 13, 15, 17, 19, 21, 24]}
{"event": "split_lite_step", "task_id": 8, "batch": 7100, "projected": 19, "collected": 25, "mean_removed_ratio": 0.054004808691771405, "strict_current_topk": false, "project_active_experts": [0, 2, 3, 4, 6, 7, 8, 9, 10, 11, 13, 15, 17, 19, 21, 24]}
{"event": "split_lite_step", "task_id": 8, "batch": 7120, "projected": 19, "collected": 25, "mean_removed_ratio": 0.03693843632936478, "strict_current_topk": false, "project_active_experts": [0, 2, 3, 4, 6, 7, 8, 9, 10, 11, 13, 15, 17, 19, 21, 24]}
{"event": "split_lite_step", "task_id": 8, "batch": 7140, "projected": 19, "collected": 25, "mean_removed_ratio": 0.05535501187765285, "strict_current_topk": false, "project_active_experts": [0, 2, 3, 4, 6, 7, 8, 9, 10, 11, 13, 15, 17, 19, 21, 24]}
{"event": "split_lite_step", "task_id": 8, "batch": 7160, "projected": 19, "collected": 25, "mean_removed_ratio": 0.03512993670607868, "strict_current_topk": false, "project_active_experts": [0, 2, 3, 4, 6, 7, 8, 9, 10, 11, 13, 15, 17, 19, 21, 24]}
{"event": "split_lite_step", "task_id": 8, "batch": 7180, "projected": 19, "collected": 25, "mean_removed_ratio": 0.05337689464029513, "strict_current_topk": false, "project_active_experts": [0, 2, 3, 4, 6, 7, 8, 9, 10, 11, 13, 15, 17, 19, 21, 24]}
{"event": "split_lite_step", "task_id": 8, "batch": 7200, "projected": 19, "collected": 25, "mean_removed_ratio": 0.045428206445649266, "strict_current_topk": false, "project_active_experts": [0, 2, 3, 4, 6, 7, 8, 9, 10, 11, 13, 15, 17, 19, 21, 24]}
{"event": "split_lite_step", "task_id": 8, "batch": 7220, "projected": 19, "collected": 25, "mean_removed_ratio": 0.04597416980878303, "strict_current_topk": false, "project_active_experts": [0, 2, 3, 4, 6, 7, 8, 9, 10, 11, 13, 15, 17, 19, 21, 24]}
{"event": "split_lite_step", "task_id": 8, "batch": 7240, "projected": 19, "collected": 25, "mean_removed_ratio": 0.06527607726227296, "strict_current_topk": false, "project_active_experts": [0, 2, 3, 4, 6, 7, 8, 9, 10, 11, 13, 15, 17, 19, 21, 24]}
{"event": "split_lite_step", "task_id": 8, "batch": 7260, "projected": 19, "collected": 25, "mean_removed_ratio": 0.04216056814613311, "strict_current_topk": false, "project_active_experts": [0, 2, 3, 4, 6, 7, 8, 9, 10, 11, 13, 15, 17, 19, 21, 24]}
{"event": "split_lite_step", "task_id": 8, "batch": 7280, "projected": 19, "collected": 25, "mean_removed_ratio": 0.0471780575615795, "strict_current_topk": false, "project_active_experts": [0, 2, 3, 4, 6, 7, 8, 9, 10, 11, 13, 15, 17, 19, 21, 24]}
{"event": "split_lite_step", "task_id": 8, "batch": 7300, "projected": 19, "collected": 25, "mean_removed_ratio": 0.03685741356917118, "strict_current_topk": false, "project_active_experts": [0, 2, 3, 4, 6, 7, 8, 9, 10, 11, 13, 15, 17, 19, 21, 24]}
{"event": "split_lite_step", "task_id": 8, "batch": 7320, "projected": 19, "collected": 25, "mean_removed_ratio": 0.0400545929901694, "strict_current_topk": false, "project_active_experts": [0, 2, 3, 4, 6, 7, 8, 9, 10, 11, 13, 15, 17, 19, 21, 24]}
{"event": "split_lite_step", "task_id": 8, "batch": 7340, "projected": 19, "collected": 25, "mean_removed_ratio": 0.037050850468834766, "strict_current_topk": false, "project_active_experts": [0, 2, 3, 4, 6, 7, 8, 9, 10, 11, 13, 15, 17, 19, 21, 24]}
{"event": "split_lite_step", "task_id": 8, "batch": 7360, "projected": 19, "collected": 25, "mean_removed_ratio": 0.04551836461024849, "strict_current_topk": false, "project_active_experts": [0, 2, 3, 4, 6, 7, 8, 9, 10, 11, 13, 15, 17, 19, 21, 24]}
{"event": "split_lite_step", "task_id": 8, "batch": 7380, "projected": 19, "collected": 25, "mean_removed_ratio": 0.04538332719944025, "strict_current_topk": false, "project_active_experts": [0, 2, 3, 4, 6, 7, 8, 9, 10, 11, 13, 15, 17, 19, 21, 24]}
{"event": "split_lite_step", "task_id": 8, "batch": 7400, "projected": 19, "collected": 25, "mean_removed_ratio": 0.037711288779973984, "strict_current_topk": false, "project_active_experts": [0, 2, 3, 4, 6, 7, 8, 9, 10, 11, 13, 15, 17, 19, 21, 24]}
{"event": "split_lite_task_finish", "task_id": 8, "rank": 4, "alpha": 0.2, "interval": 20, "buffer_size": 24, "expert_threshold": 0.03, "active_topk": 16, "strict_current_topk": false, "active_experts": [0, 2, 3, 4, 6, 7, 8, 9, 10, 11, 13, 15, 17, 19, 21, 24], "usage": {"vector": [0.04720082879066467, 0.03389286994934082, 0.05994170904159546, 0.04549872502684593, 0.05179614573717117, 0.030151205137372017, 0.04833770915865898, 0.04098471254110336, 0.03788258880376816, 0.03906058520078659, 0.04076503962278366, 0.043317269533872604, 0.03715487942099571, 0.04669230058789253, 0.03439991548657417, 0.044843293726444244, 0.033579837530851364, 0.04353341832756996, 0.029055068269371986, 0.0379684641957283, 0.024058183655142784, 0.04470541700720787, 0.03264680132269859, 0.03364506736397743, 0.03888796269893646], "top3": [2, 4, 6], "top5": [2, 4, 6, 0, 13], "top3_mass": 0.16007556021213531, "top5_mass": 0.2539687156677246, "entropy": 3.20017147064209, "max_entropy": 3.2188758248682006}, "basis_sizes": {"e_pv": {"0": 4, "2": 4, "3": 4, "4": 4, "6": 4, "7": 4, "8": 4, "9": 4, "10": 4, "11": 4, "13": 4, "15": 4, "17": 4, "19": 4, "21": 4, "24": 4}}, "stats": {"project_calls": 371, "projected_vectors": 5772, "collected_vectors": 9275, "skipped_steps": 7039}, "diagnostics": {"expert_usage_mode": "cumulative", "previous_selected_jaccard": 1.0, "cp_overlap": null}}
{"event": "split_lite_step", "task_id": 9, "batch": 7420, "projected": 19, "collected": 25, "mean_removed_ratio": 0.03828506294245783, "strict_current_topk": false, "project_active_experts": [0, 2, 3, 4, 6, 7, 8, 9, 10, 11, 13, 15, 17, 19, 21, 24]}
{"event": "split_lite_step", "task_id": 9, "batch": 7440, "projected": 19, "collected": 25, "mean_removed_ratio": 0.033026870070515496, "strict_current_topk": false, "project_active_experts": [0, 2, 3, 4, 6, 7, 8, 9, 10, 11, 13, 15, 17, 19, 21, 24]}
{"event": "split_lite_step", "task_id": 9, "batch": 7460, "projected": 19, "collected": 25, "mean_removed_ratio": 0.04228841089398453, "strict_current_topk": false, "project_active_experts": [0, 2, 3, 4, 6, 7, 8, 9, 10, 11, 13, 15, 17, 19, 21, 24]}
{"event": "split_lite_step", "task_id": 9, "batch": 7480, "projected": 19, "collected": 25, "mean_removed_ratio": 0.04148725135938117, "strict_current_topk": false, "project_active_experts": [0, 2, 3, 4, 6, 7, 8, 9, 10, 11, 13, 15, 17, 19, 21, 24]}
{"event": "split_lite_step", "task_id": 9, "batch": 7500, "projected": 19, "collected": 25, "mean_removed_ratio": 0.05502235791400859, "strict_current_topk": false, "project_active_experts": [0, 2, 3, 4, 6, 7, 8, 9, 10, 11, 13, 15, 17, 19, 21, 24]}
{"event": "split_lite_step", "task_id": 9, "batch": 7520, "projected": 19, "collected": 25, "mean_removed_ratio": 0.047649559123735676, "strict_current_topk": false, "project_active_experts": [0, 2, 3, 4, 6, 7, 8, 9, 10, 11, 13, 15, 17, 19, 21, 24]}
{"event": "split_lite_step", "task_id": 9, "batch": 7540, "projected": 19, "collected": 25, "mean_removed_ratio": 0.043740438346407916, "strict_current_topk": false, "project_active_experts": [0, 2, 3, 4, 6, 7, 8, 9, 10, 11, 13, 15, 17, 19, 21, 24]}
{"event": "split_lite_step", "task_id": 9, "batch": 7560, "projected": 19, "collected": 25, "mean_removed_ratio": 0.0409794111343983, "strict_current_topk": false, "project_active_experts": [0, 2, 3, 4, 6, 7, 8, 9, 10, 11, 13, 15, 17, 19, 21, 24]}
{"event": "split_lite_step", "task_id": 9, "batch": 7580, "projected": 19, "collected": 25, "mean_removed_ratio": 0.04108298903233126, "strict_current_topk": false, "project_active_experts": [0, 2, 3, 4, 6, 7, 8, 9, 10, 11, 13, 15, 17, 19, 21, 24]}
{"event": "split_lite_step", "task_id": 9, "batch": 7600, "projected": 19, "collected": 25, "mean_removed_ratio": 0.045159596851781794, "strict_current_topk": false, "project_active_experts": [0, 2, 3, 4, 6, 7, 8, 9, 10, 11, 13, 15, 17, 19, 21, 24]}
{"event": "split_lite_step", "task_id": 9, "batch": 7620, "projected": 19, "collected": 25, "mean_removed_ratio": 0.04044940352047745, "strict_current_topk": false, "project_active_experts": [0, 2, 3, 4, 6, 7, 8, 9, 10, 11, 13, 15, 17, 19, 21, 24]}
{"event": "split_lite_step", "task_id": 9, "batch": 7640, "projected": 19, "collected": 25, "mean_removed_ratio": 0.0679257871877206, "strict_current_topk": false, "project_active_experts": [0, 2, 3, 4, 6, 7, 8, 9, 10, 11, 13, 15, 17, 19, 21, 24]}
{"event": "split_lite_step", "task_id": 9, "batch": 7660, "projected": 19, "collected": 25, "mean_removed_ratio": 0.0334622524923792, "strict_current_topk": false, "project_active_experts": [0, 2, 3, 4, 6, 7, 8, 9, 10, 11, 13, 15, 17, 19, 21, 24]}
{"event": "split_lite_step", "task_id": 9, "batch": 7680, "projected": 19, "collected": 25, "mean_removed_ratio": 0.044924227863942325, "strict_current_topk": false, "project_active_experts": [0, 2, 3, 4, 6, 7, 8, 9, 10, 11, 13, 15, 17, 19, 21, 24]}
{"event": "split_lite_step", "task_id": 9, "batch": 7700, "projected": 19, "collected": 25, "mean_removed_ratio": 0.05115633555933049, "strict_current_topk": false, "project_active_experts": [0, 2, 3, 4, 6, 7, 8, 9, 10, 11, 13, 15, 17, 19, 21, 24]}
{"event": "split_lite_step", "task_id": 9, "batch": 7720, "projected": 19, "collected": 25, "mean_removed_ratio": 0.03970968010100095, "strict_current_topk": false, "project_active_experts": [0, 2, 3, 4, 6, 7, 8, 9, 10, 11, 13, 15, 17, 19, 21, 24]}
{"event": "split_lite_step", "task_id": 9, "batch": 7740, "projected": 19, "collected": 25, "mean_removed_ratio": 0.056494133497931455, "strict_current_topk": false, "project_active_experts": [0, 2, 3, 4, 6, 7, 8, 9, 10, 11, 13, 15, 17, 19, 21, 24]}
{"event": "split_lite_step", "task_id": 9, "batch": 7760, "projected": 19, "collected": 25, "mean_removed_ratio": 0.04868780316686944, "strict_current_topk": false, "project_active_experts": [0, 2, 3, 4, 6, 7, 8, 9, 10, 11, 13, 15, 17, 19, 21, 24]}
{"event": "split_lite_step", "task_id": 9, "batch": 7780, "projected": 19, "collected": 25, "mean_removed_ratio": 0.04216697917466885, "strict_current_topk": false, "project_active_experts": [0, 2, 3, 4, 6, 7, 8, 9, 10, 11, 13, 15, 17, 19, 21, 24]}
{"event": "split_lite_step", "task_id": 9, "batch": 7800, "projected": 19, "collected": 25, "mean_removed_ratio": 0.03964945806288406, "strict_current_topk": false, "project_active_experts": [0, 2, 3, 4, 6, 7, 8, 9, 10, 11, 13, 15, 17, 19, 21, 24]}
{"event": "split_lite_step", "task_id": 9, "batch": 7820, "projected": 19, "collected": 25, "mean_removed_ratio": 0.039359873895974534, "strict_current_topk": false, "project_active_experts": [0, 2, 3, 4, 6, 7, 8, 9, 10, 11, 13, 15, 17, 19, 21, 24]}
{"event": "split_lite_step", "task_id": 9, "batch": 7840, "projected": 19, "collected": 25, "mean_removed_ratio": 0.03353230179728646, "strict_current_topk": false, "project_active_experts": [0, 2, 3, 4, 6, 7, 8, 9, 10, 11, 13, 15, 17, 19, 21, 24]}
{"event": "split_lite_step", "task_id": 9, "batch": 7860, "projected": 19, "collected": 25, "mean_removed_ratio": 0.06359303580891144, "strict_current_topk": false, "project_active_experts": [0, 2, 3, 4, 6, 7, 8, 9, 10, 11, 13, 15, 17, 19, 21, 24]}
{"event": "split_lite_step", "task_id": 9, "batch": 7880, "projected": 19, "collected": 25, "mean_removed_ratio": 0.045885234850605854, "strict_current_topk": false, "project_active_experts": [0, 2, 3, 4, 6, 7, 8, 9, 10, 11, 13, 15, 17, 19, 21, 24]}
{"event": "split_lite_step", "task_id": 9, "batch": 7900, "projected": 19, "collected": 25, "mean_removed_ratio": 0.04003929878634058, "strict_current_topk": false, "project_active_experts": [0, 2, 3, 4, 6, 7, 8, 9, 10, 11, 13, 15, 17, 19, 21, 24]}
{"event": "split_lite_step", "task_id": 9, "batch": 7920, "projected": 19, "collected": 25, "mean_removed_ratio": 0.04321945218467399, "strict_current_topk": false, "project_active_experts": [0, 2, 3, 4, 6, 7, 8, 9, 10, 11, 13, 15, 17, 19, 21, 24]}
{"event": "split_lite_step", "task_id": 9, "batch": 7940, "projected": 19, "collected": 25, "mean_removed_ratio": 0.051040839796003545, "strict_current_topk": false, "project_active_experts": [0, 2, 3, 4, 6, 7, 8, 9, 10, 11, 13, 15, 17, 19, 21, 24]}
{"event": "split_lite_step", "task_id": 9, "batch": 7960, "projected": 19, "collected": 25, "mean_removed_ratio": 0.053500982589627565, "strict_current_topk": false, "project_active_experts": [0, 2, 3, 4, 6, 7, 8, 9, 10, 11, 13, 15, 17, 19, 21, 24]}
{"event": "split_lite_step", "task_id": 9, "batch": 7980, "projected": 19, "collected": 25, "mean_removed_ratio": 0.04502370036942394, "strict_current_topk": false, "project_active_experts": [0, 2, 3, 4, 6, 7, 8, 9, 10, 11, 13, 15, 17, 19, 21, 24]}
{"event": "split_lite_step", "task_id": 9, "batch": 8000, "projected": 19, "collected": 25, "mean_removed_ratio": 0.04506151199242786, "strict_current_topk": false, "project_active_experts": [0, 2, 3, 4, 6, 7, 8, 9, 10, 11, 13, 15, 17, 19, 21, 24]}
{"event": "split_lite_step", "task_id": 9, "batch": 8020, "projected": 19, "collected": 25, "mean_removed_ratio": 0.08508831022405311, "strict_current_topk": false, "project_active_experts": [0, 2, 3, 4, 6, 7, 8, 9, 10, 11, 13, 15, 17, 19, 21, 24]}
{"event": "split_lite_step", "task_id": 9, "batch": 8040, "projected": 19, "collected": 25, "mean_removed_ratio": 0.03623233176767826, "strict_current_topk": false, "project_active_experts": [0, 2, 3, 4, 6, 7, 8, 9, 10, 11, 13, 15, 17, 19, 21, 24]}
{"event": "split_lite_step", "task_id": 9, "batch": 8060, "projected": 19, "collected": 25, "mean_removed_ratio": 0.04757962184713075, "strict_current_topk": false, "project_active_experts": [0, 2, 3, 4, 6, 7, 8, 9, 10, 11, 13, 15, 17, 19, 21, 24]}
{"event": "split_lite_step", "task_id": 9, "batch": 8080, "projected": 19, "collected": 25, "mean_removed_ratio": 0.03520589049807504, "strict_current_topk": false, "project_active_experts": [0, 2, 3, 4, 6, 7, 8, 9, 10, 11, 13, 15, 17, 19, 21, 24]}
{"event": "split_lite_step", "task_id": 9, "batch": 8100, "projected": 19, "collected": 25, "mean_removed_ratio": 0.04235563932084724, "strict_current_topk": false, "project_active_experts": [0, 2, 3, 4, 6, 7, 8, 9, 10, 11, 13, 15, 17, 19, 21, 24]}
{"event": "split_lite_step", "task_id": 9, "batch": 8120, "projected": 19, "collected": 25, "mean_removed_ratio": 0.036455750882037376, "strict_current_topk": false, "project_active_experts": [0, 2, 3, 4, 6, 7, 8, 9, 10, 11, 13, 15, 17, 19, 21, 24]}
{"event": "split_lite_step", "task_id": 9, "batch": 8140, "projected": 19, "collected": 25, "mean_removed_ratio": 0.04859208840092546, "strict_current_topk": false, "project_active_experts": [0, 2, 3, 4, 6, 7, 8, 9, 10, 11, 13, 15, 17, 19, 21, 24]}
{"event": "split_lite_step", "task_id": 9, "batch": 8160, "projected": 19, "collected": 25, "mean_removed_ratio": 0.05663889293607913, "strict_current_topk": false, "project_active_experts": [0, 2, 3, 4, 6, 7, 8, 9, 10, 11, 13, 15, 17, 19, 21, 24]}
{"event": "split_lite_step", "task_id": 9, "batch": 8180, "projected": 19, "collected": 25, "mean_removed_ratio": 0.03820236497803738, "strict_current_topk": false, "project_active_experts": [0, 2, 3, 4, 6, 7, 8, 9, 10, 11, 13, 15, 17, 19, 21, 24]}
{"event": "split_lite_task_finish", "task_id": 9, "rank": 4, "alpha": 0.2, "interval": 20, "buffer_size": 24, "expert_threshold": 0.03, "active_topk": 16, "strict_current_topk": false, "active_experts": [0, 2, 3, 4, 6, 7, 8, 9, 10, 11, 13, 15, 17, 19, 21, 24], "usage": {"vector": [0.04692519083619118, 0.034394197165966034, 0.06033971160650253, 0.045949406921863556, 0.05272764340043068, 0.030192585662007332, 0.04767060652375221, 0.040775127708911896, 0.037702322006225586, 0.03932119160890579, 0.04085603728890419, 0.043152209371328354, 0.03705734759569168, 0.046185173094272614, 0.033737704157829285, 0.0445256307721138, 0.03438851982355118, 0.04333901032805443, 0.029205117374658585, 0.0380605086684227, 0.02415231056511402, 0.04468059912323952, 0.032159898430109024, 0.0336138941347599, 0.038888055831193924], "top3": [2, 4, 6], "top5": [2, 4, 6, 0, 13], "top3_mass": 0.16073796153068542, "top5_mass": 0.2538483142852783, "entropy": 3.2001075744628906, "max_entropy": 3.2188758248682006}, "basis_sizes": {"e_pv": {"0": 4, "2": 4, "3": 4, "4": 4, "6": 4, "7": 4, "8": 4, "9": 4, "10": 4, "11": 4, "13": 4, "15": 4, "17": 4, "19": 4, "21": 4, "24": 4}}, "stats": {"project_calls": 410, "projected_vectors": 6513, "collected_vectors": 10250, "skipped_steps": 7780}, "diagnostics": {"expert_usage_mode": "cumulative", "previous_selected_jaccard": 1.0, "cp_overlap": null}}
