{"event": "split_lite_step", "task_id": 0, "batch": 0, "projected": 0, "collected": 25, "mean_removed_ratio": 0.0, "strict_current_topk": false, "project_active_experts": null}
{"event": "split_lite_step", "task_id": 0, "batch": 20, "projected": 0, "collected": 25, "mean_removed_ratio": 0.0, "strict_current_topk": false, "project_active_experts": null}
{"event": "split_lite_step", "task_id": 0, "batch": 40, "projected": 0, "collected": 25, "mean_removed_ratio": 0.0, "strict_current_topk": false, "project_active_experts": null}
{"event": "split_lite_step", "task_id": 0, "batch": 60, "projected": 0, "collected": 25, "mean_removed_ratio": 0.0, "strict_current_topk": false, "project_active_experts": null}
{"event": "split_lite_step", "task_id": 0, "batch": 80, "projected": 0, "collected": 25, "mean_removed_ratio": 0.0, "strict_current_topk": false, "project_active_experts": null}
{"event": "split_lite_step", "task_id": 0, "batch": 100, "projected": 0, "collected": 25, "mean_removed_ratio": 0.0, "strict_current_topk": false, "project_active_experts": null}
{"event": "split_lite_step", "task_id": 0, "batch": 120, "projected": 0, "collected": 25, "mean_removed_ratio": 0.0, "strict_current_topk": false, "project_active_experts": null}
{"event": "split_lite_step", "task_id": 0, "batch": 140, "projected": 0, "collected": 25, "mean_removed_ratio": 0.0, "strict_current_topk": false, "project_active_experts": null}
{"event": "split_lite_step", "task_id": 0, "batch": 160, "projected": 0, "collected": 25, "mean_removed_ratio": 0.0, "strict_current_topk": false, "project_active_experts": null}
{"event": "split_lite_step", "task_id": 0, "batch": 180, "projected": 0, "collected": 25, "mean_removed_ratio": 0.0, "strict_current_topk": false, "project_active_experts": null}
{"event": "split_lite_step", "task_id": 0, "batch": 200, "projected": 0, "collected": 25, "mean_removed_ratio": 0.0, "strict_current_topk": false, "project_active_experts": null}
{"event": "split_lite_step", "task_id": 0, "batch": 220, "projected": 0, "collected": 25, "mean_removed_ratio": 0.0, "strict_current_topk": false, "project_active_experts": null}
{"event": "split_lite_step", "task_id": 0, "batch": 240, "projected": 0, "collected": 25, "mean_removed_ratio": 0.0, "strict_current_topk": false, "project_active_experts": null}
{"event": "split_lite_step", "task_id": 0, "batch": 260, "projected": 0, "collected": 25, "mean_removed_ratio": 0.0, "strict_current_topk": false, "project_active_experts": null}
{"event": "split_lite_step", "task_id": 0, "batch": 280, "projected": 0, "collected": 25, "mean_removed_ratio": 0.0, "strict_current_topk": false, "project_active_experts": null}
{"event": "split_lite_step", "task_id": 0, "batch": 300, "projected": 0, "collected": 25, "mean_removed_ratio": 0.0, "strict_current_topk": false, "project_active_experts": null}
{"event": "split_lite_step", "task_id": 0, "batch": 320, "projected": 0, "collected": 25, "mean_removed_ratio": 0.0, "strict_current_topk": false, "project_active_experts": null}
{"event": "split_lite_step", "task_id": 0, "batch": 340, "projected": 0, "collected": 25, "mean_removed_ratio": 0.0, "strict_current_topk": false, "project_active_experts": null}
{"event": "split_lite_step", "task_id": 0, "batch": 360, "projected": 0, "collected": 25, "mean_removed_ratio": 0.0, "strict_current_topk": false, "project_active_experts": null}
{"event": "split_lite_step", "task_id": 0, "batch": 380, "projected": 0, "collected": 25, "mean_removed_ratio": 0.0, "strict_current_topk": false, "project_active_experts": null}
{"event": "split_lite_step", "task_id": 0, "batch": 400, "projected": 0, "collected": 25, "mean_removed_ratio": 0.0, "strict_current_topk": false, "project_active_experts": null}
{"event": "split_lite_step", "task_id": 0, "batch": 420, "projected": 0, "collected": 25, "mean_removed_ratio": 0.0, "strict_current_topk": false, "project_active_experts": null}
{"event": "split_lite_step", "task_id": 0, "batch": 440, "projected": 0, "collected": 25, "mean_removed_ratio": 0.0, "strict_current_topk": false, "project_active_experts": null}
{"event": "split_lite_step", "task_id": 0, "batch": 460, "projected": 0, "collected": 25, "mean_removed_ratio": 0.0, "strict_current_topk": false, "project_active_experts": null}
{"event": "split_lite_step", "task_id": 0, "batch": 480, "projected": 0, "collected": 25, "mean_removed_ratio": 0.0, "strict_current_topk": false, "project_active_experts": null}
{"event": "split_lite_step", "task_id": 0, "batch": 500, "projected": 0, "collected": 25, "mean_removed_ratio": 0.0, "strict_current_topk": false, "project_active_experts": null}
{"event": "split_lite_step", "task_id": 0, "batch": 520, "projected": 0, "collected": 25, "mean_removed_ratio": 0.0, "strict_current_topk": false, "project_active_experts": null}
{"event": "split_lite_step", "task_id": 0, "batch": 540, "projected": 0, "collected": 25, "mean_removed_ratio": 0.0, "strict_current_topk": false, "project_active_experts": null}
{"event": "split_lite_step", "task_id": 0, "batch": 560, "projected": 0, "collected": 25, "mean_removed_ratio": 0.0, "strict_current_topk": false, "project_active_experts": null}
{"event": "split_lite_step", "task_id": 0, "batch": 580, "projected": 0, "collected": 25, "mean_removed_ratio": 0.0, "strict_current_topk": false, "project_active_experts": null}
{"event": "split_lite_step", "task_id": 0, "batch": 600, "projected": 0, "collected": 25, "mean_removed_ratio": 0.0, "strict_current_topk": false, "project_active_experts": null}
{"event": "split_lite_step", "task_id": 0, "batch": 620, "projected": 0, "collected": 25, "mean_removed_ratio": 0.0, "strict_current_topk": false, "project_active_experts": null}
{"event": "split_lite_step", "task_id": 0, "batch": 640, "projected": 0, "collected": 25, "mean_removed_ratio": 0.0, "strict_current_topk": false, "project_active_experts": null}
{"event": "split_lite_step", "task_id": 0, "batch": 660, "projected": 0, "collected": 25, "mean_removed_ratio": 0.0, "strict_current_topk": false, "project_active_experts": null}
{"event": "split_lite_step", "task_id": 0, "batch": 680, "projected": 0, "collected": 25, "mean_removed_ratio": 0.0, "strict_current_topk": false, "project_active_experts": null}
{"event": "split_lite_step", "task_id": 0, "batch": 700, "projected": 0, "collected": 25, "mean_removed_ratio": 0.0, "strict_current_topk": false, "project_active_experts": null}
{"event": "split_lite_step", "task_id": 0, "batch": 720, "projected": 0, "collected": 25, "mean_removed_ratio": 0.0, "strict_current_topk": false, "project_active_experts": null}
{"event": "split_lite_step", "task_id": 0, "batch": 740, "projected": 0, "collected": 25, "mean_removed_ratio": 0.0, "strict_current_topk": false, "project_active_experts": null}
{"event": "split_lite_step", "task_id": 0, "batch": 760, "projected": 0, "collected": 25, "mean_removed_ratio": 0.0, "strict_current_topk": false, "project_active_experts": null}
{"event": "split_lite_step", "task_id": 0, "batch": 780, "projected": 0, "collected": 25, "mean_removed_ratio": 0.0, "strict_current_topk": false, "project_active_experts": null}
{"event": "split_lite_step", "task_id": 0, "batch": 800, "projected": 0, "collected": 25, "mean_removed_ratio": 0.0, "strict_current_topk": false, "project_active_experts": null}
{"event": "split_lite_step", "task_id": 0, "batch": 820, "projected": 0, "collected": 25, "mean_removed_ratio": 0.0, "strict_current_topk": false, "project_active_experts": null}
{"event": "split_lite_step", "task_id": 0, "batch": 840, "projected": 0, "collected": 25, "mean_removed_ratio": 0.0, "strict_current_topk": false, "project_active_experts": null}
{"event": "split_lite_step", "task_id": 0, "batch": 860, "projected": 0, "collected": 25, "mean_removed_ratio": 0.0, "strict_current_topk": false, "project_active_experts": null}
{"event": "split_lite_step", "task_id": 0, "batch": 880, "projected": 0, "collected": 25, "mean_removed_ratio": 0.0, "strict_current_topk": false, "project_active_experts": null}
{"event": "split_lite_step", "task_id": 0, "batch": 900, "projected": 0, "collected": 25, "mean_removed_ratio": 0.0, "strict_current_topk": false, "project_active_experts": null}
{"event": "split_lite_step", "task_id": 0, "batch": 920, "projected": 0, "collected": 25, "mean_removed_ratio": 0.0, "strict_current_topk": false, "project_active_experts": null}
{"event": "split_lite_step", "task_id": 0, "batch": 940, "projected": 0, "collected": 25, "mean_removed_ratio": 0.0, "strict_current_topk": false, "project_active_experts": null}
{"event": "split_lite_step", "task_id": 0, "batch": 960, "projected": 0, "collected": 25, "mean_removed_ratio": 0.0, "strict_current_topk": false, "project_active_experts": null}
{"event": "split_lite_step", "task_id": 0, "batch": 980, "projected": 0, "collected": 25, "mean_removed_ratio": 0.0, "strict_current_topk": false, "project_active_experts": null}
{"event": "split_lite_step", "task_id": 0, "batch": 1000, "projected": 0, "collected": 25, "mean_removed_ratio": 0.0, "strict_current_topk": false, "project_active_experts": null}
{"event": "split_lite_step", "task_id": 0, "batch": 1020, "projected": 0, "collected": 25, "mean_removed_ratio": 0.0, "strict_current_topk": false, "project_active_experts": null}
{"event": "split_lite_step", "task_id": 0, "batch": 1040, "projected": 0, "collected": 25, "mean_removed_ratio": 0.0, "strict_current_topk": false, "project_active_experts": null}
{"event": "split_lite_step", "task_id": 0, "batch": 1060, "projected": 0, "collected": 25, "mean_removed_ratio": 0.0, "strict_current_topk": false, "project_active_experts": null}
{"event": "split_lite_step", "task_id": 0, "batch": 1080, "projected": 0, "collected": 25, "mean_removed_ratio": 0.0, "strict_current_topk": false, "project_active_experts": null}
{"event": "split_lite_step", "task_id": 0, "batch": 1100, "projected": 0, "collected": 25, "mean_removed_ratio": 0.0, "strict_current_topk": false, "project_active_experts": null}
{"event": "split_lite_step", "task_id": 0, "batch": 1120, "projected": 0, "collected": 25, "mean_removed_ratio": 0.0, "strict_current_topk": false, "project_active_experts": null}
{"event": "split_lite_step", "task_id": 0, "batch": 1140, "projected": 0, "collected": 25, "mean_removed_ratio": 0.0, "strict_current_topk": false, "project_active_experts": null}
{"event": "split_lite_step", "task_id": 0, "batch": 1160, "projected": 0, "collected": 25, "mean_removed_ratio": 0.0, "strict_current_topk": false, "project_active_experts": null}
{"event": "split_lite_task_finish", "task_id": 0, "rank": 8, "alpha": 0.2, "interval": 20, "buffer_size": 24, "expert_threshold": 0.03, "active_topk": 16, "strict_current_topk": false, "active_experts": [0, 2, 3, 4, 6, 8, 9, 10, 13, 14, 15, 18, 19, 21, 22, 24], "usage": {"vector": [0.10501107573509216, 0.0, 0.07651545852422714, 0.07106666266918182, 0.038238994777202606, 0.0, 0.06977754086256027, 0.0, 0.0374145545065403, 0.046790678054094315, 0.046355973929166794, 0.0, 0.0, 0.06443367153406143, 0.04900166764855385, 0.10771673172712326, 0.0, 0.0, 0.0374145545065403, 0.07428198307752609, 0.0, 0.0374145545065403, 0.06949273496866226, 0.0, 0.06907302141189575], "top3": [15, 0, 2], "top5": [15, 0, 2, 19, 3], "top3_mass": 0.28924328088760376, "top5_mass": 0.4345919191837311, "entropy": 2.713798999786377, "max_entropy": 3.2188758248682006}, "basis_sizes": {"e_pv": {"0": 8, "2": 8, "3": 8, "4": 8, "6": 8, "8": 8, "9": 8, "10": 8, "13": 8, "14": 8, "15": 8, "18": 8, "19": 8, "21": 8, "22": 8, "24": 8}}, "stats": {"project_calls": 59, "projected_vectors": 0, "collected_vectors": 1475, "skipped_steps": 1111}, "diagnostics": {"expert_usage_mode": "old_union", "previous_selected_jaccard": 0.0, "cp_overlap": null}}
{"event": "split_lite_step", "task_id": 1, "batch": 1180, "projected": 16, "collected": 25, "mean_removed_ratio": 0.11621428932994604, "strict_current_topk": false, "project_active_experts": [0, 2, 3, 4, 6, 8, 9, 10, 13, 14, 15, 18, 19, 21, 22, 24]}
{"event": "split_lite_step", "task_id": 1, "batch": 1200, "projected": 16, "collected": 25, "mean_removed_ratio": 0.114392492454499, "strict_current_topk": false, "project_active_experts": [0, 2, 3, 4, 6, 8, 9, 10, 13, 14, 15, 18, 19, 21, 22, 24]}
{"event": "split_lite_step", "task_id": 1, "batch": 1220, "projected": 16, "collected": 25, "mean_removed_ratio": 0.11354082287289202, "strict_current_topk": false, "project_active_experts": [0, 2, 3, 4, 6, 8, 9, 10, 13, 14, 15, 18, 19, 21, 22, 24]}
{"event": "split_lite_step", "task_id": 1, "batch": 1240, "projected": 16, "collected": 25, "mean_removed_ratio": 0.1155550261028111, "strict_current_topk": false, "project_active_experts": [0, 2, 3, 4, 6, 8, 9, 10, 13, 14, 15, 18, 19, 21, 22, 24]}
{"event": "split_lite_step", "task_id": 1, "batch": 1260, "projected": 16, "collected": 25, "mean_removed_ratio": 0.06135705066844821, "strict_current_topk": false, "project_active_experts": [0, 2, 3, 4, 6, 8, 9, 10, 13, 14, 15, 18, 19, 21, 22, 24]}
{"event": "split_lite_step", "task_id": 1, "batch": 1280, "projected": 16, "collected": 25, "mean_removed_ratio": 0.044174524140544236, "strict_current_topk": false, "project_active_experts": [0, 2, 3, 4, 6, 8, 9, 10, 13, 14, 15, 18, 19, 21, 22, 24]}
{"event": "split_lite_step", "task_id": 1, "batch": 1300, "projected": 16, "collected": 25, "mean_removed_ratio": 0.061107659712433815, "strict_current_topk": false, "project_active_experts": [0, 2, 3, 4, 6, 8, 9, 10, 13, 14, 15, 18, 19, 21, 22, 24]}
{"event": "split_lite_step", "task_id": 1, "batch": 1320, "projected": 16, "collected": 25, "mean_removed_ratio": 0.0606861017877236, "strict_current_topk": false, "project_active_experts": [0, 2, 3, 4, 6, 8, 9, 10, 13, 14, 15, 18, 19, 21, 22, 24]}
{"event": "split_lite_step", "task_id": 1, "batch": 1340, "projected": 16, "collected": 25, "mean_removed_ratio": 0.07772246340755373, "strict_current_topk": false, "project_active_experts": [0, 2, 3, 4, 6, 8, 9, 10, 13, 14, 15, 18, 19, 21, 22, 24]}
{"event": "split_lite_step", "task_id": 1, "batch": 1360, "projected": 16, "collected": 25, "mean_removed_ratio": 0.05987461400218308, "strict_current_topk": false, "project_active_experts": [0, 2, 3, 4, 6, 8, 9, 10, 13, 14, 15, 18, 19, 21, 22, 24]}
{"event": "split_lite_step", "task_id": 1, "batch": 1380, "projected": 16, "collected": 25, "mean_removed_ratio": 0.04400221636751667, "strict_current_topk": false, "project_active_experts": [0, 2, 3, 4, 6, 8, 9, 10, 13, 14, 15, 18, 19, 21, 22, 24]}
{"event": "split_lite_step", "task_id": 1, "batch": 1400, "projected": 16, "collected": 25, "mean_removed_ratio": 0.03860311402240768, "strict_current_topk": false, "project_active_experts": [0, 2, 3, 4, 6, 8, 9, 10, 13, 14, 15, 18, 19, 21, 22, 24]}
{"event": "split_lite_step", "task_id": 1, "batch": 1420, "projected": 16, "collected": 25, "mean_removed_ratio": 0.05024579050950706, "strict_current_topk": false, "project_active_experts": [0, 2, 3, 4, 6, 8, 9, 10, 13, 14, 15, 18, 19, 21, 22, 24]}
{"event": "split_lite_step", "task_id": 1, "batch": 1440, "projected": 16, "collected": 25, "mean_removed_ratio": 0.05480455420911312, "strict_current_topk": false, "project_active_experts": [0, 2, 3, 4, 6, 8, 9, 10, 13, 14, 15, 18, 19, 21, 22, 24]}
{"event": "split_lite_step", "task_id": 1, "batch": 1460, "projected": 16, "collected": 25, "mean_removed_ratio": 0.03679154327255674, "strict_current_topk": false, "project_active_experts": [0, 2, 3, 4, 6, 8, 9, 10, 13, 14, 15, 18, 19, 21, 22, 24]}
{"event": "split_lite_step", "task_id": 1, "batch": 1480, "projected": 16, "collected": 25, "mean_removed_ratio": 0.056555774121079594, "strict_current_topk": false, "project_active_experts": [0, 2, 3, 4, 6, 8, 9, 10, 13, 14, 15, 18, 19, 21, 22, 24]}
{"event": "split_lite_step", "task_id": 1, "batch": 1500, "projected": 16, "collected": 25, "mean_removed_ratio": 0.042361593194073066, "strict_current_topk": false, "project_active_experts": [0, 2, 3, 4, 6, 8, 9, 10, 13, 14, 15, 18, 19, 21, 22, 24]}
{"event": "split_lite_step", "task_id": 1, "batch": 1520, "projected": 16, "collected": 25, "mean_removed_ratio": 0.04602813918609172, "strict_current_topk": false, "project_active_experts": [0, 2, 3, 4, 6, 8, 9, 10, 13, 14, 15, 18, 19, 21, 22, 24]}
{"event": "split_lite_step", "task_id": 1, "batch": 1540, "projected": 16, "collected": 25, "mean_removed_ratio": 0.04244436015142128, "strict_current_topk": false, "project_active_experts": [0, 2, 3, 4, 6, 8, 9, 10, 13, 14, 15, 18, 19, 21, 22, 24]}
{"event": "split_lite_step", "task_id": 1, "batch": 1560, "projected": 16, "collected": 25, "mean_removed_ratio": 0.04471670917700976, "strict_current_topk": false, "project_active_experts": [0, 2, 3, 4, 6, 8, 9, 10, 13, 14, 15, 18, 19, 21, 22, 24]}
{"event": "split_lite_step", "task_id": 1, "batch": 1580, "projected": 16, "collected": 25, "mean_removed_ratio": 0.03680294950027019, "strict_current_topk": false, "project_active_experts": [0, 2, 3, 4, 6, 8, 9, 10, 13, 14, 15, 18, 19, 21, 22, 24]}
{"event": "split_lite_step", "task_id": 1, "batch": 1600, "projected": 16, "collected": 25, "mean_removed_ratio": 0.029589369660243392, "strict_current_topk": false, "project_active_experts": [0, 2, 3, 4, 6, 8, 9, 10, 13, 14, 15, 18, 19, 21, 22, 24]}
{"event": "split_lite_step", "task_id": 1, "batch": 1620, "projected": 16, "collected": 25, "mean_removed_ratio": 0.03822634101379663, "strict_current_topk": false, "project_active_experts": [0, 2, 3, 4, 6, 8, 9, 10, 13, 14, 15, 18, 19, 21, 22, 24]}
{"event": "split_lite_step", "task_id": 1, "batch": 1640, "projected": 16, "collected": 25, "mean_removed_ratio": 0.05203130003064871, "strict_current_topk": false, "project_active_experts": [0, 2, 3, 4, 6, 8, 9, 10, 13, 14, 15, 18, 19, 21, 22, 24]}
{"event": "split_lite_step", "task_id": 1, "batch": 1660, "projected": 16, "collected": 25, "mean_removed_ratio": 0.042499681760091335, "strict_current_topk": false, "project_active_experts": [0, 2, 3, 4, 6, 8, 9, 10, 13, 14, 15, 18, 19, 21, 22, 24]}
{"event": "split_lite_step", "task_id": 1, "batch": 1680, "projected": 16, "collected": 25, "mean_removed_ratio": 0.04294970468617976, "strict_current_topk": false, "project_active_experts": [0, 2, 3, 4, 6, 8, 9, 10, 13, 14, 15, 18, 19, 21, 22, 24]}
{"event": "split_lite_step", "task_id": 1, "batch": 1700, "projected": 16, "collected": 25, "mean_removed_ratio": 0.059067109832540154, "strict_current_topk": false, "project_active_experts": [0, 2, 3, 4, 6, 8, 9, 10, 13, 14, 15, 18, 19, 21, 22, 24]}
{"event": "split_lite_step", "task_id": 1, "batch": 1720, "projected": 16, "collected": 25, "mean_removed_ratio": 0.042609820142388344, "strict_current_topk": false, "project_active_experts": [0, 2, 3, 4, 6, 8, 9, 10, 13, 14, 15, 18, 19, 21, 22, 24]}
{"event": "split_lite_step", "task_id": 1, "batch": 1740, "projected": 16, "collected": 25, "mean_removed_ratio": 0.03955384582513943, "strict_current_topk": false, "project_active_experts": [0, 2, 3, 4, 6, 8, 9, 10, 13, 14, 15, 18, 19, 21, 22, 24]}
{"event": "split_lite_step", "task_id": 1, "batch": 1760, "projected": 16, "collected": 25, "mean_removed_ratio": 0.03165039943996817, "strict_current_topk": false, "project_active_experts": [0, 2, 3, 4, 6, 8, 9, 10, 13, 14, 15, 18, 19, 21, 22, 24]}
{"event": "split_lite_step", "task_id": 1, "batch": 1780, "projected": 16, "collected": 25, "mean_removed_ratio": 0.04214005218818784, "strict_current_topk": false, "project_active_experts": [0, 2, 3, 4, 6, 8, 9, 10, 13, 14, 15, 18, 19, 21, 22, 24]}
{"event": "split_lite_step", "task_id": 1, "batch": 1800, "projected": 16, "collected": 25, "mean_removed_ratio": 0.04919459603843279, "strict_current_topk": false, "project_active_experts": [0, 2, 3, 4, 6, 8, 9, 10, 13, 14, 15, 18, 19, 21, 22, 24]}
{"event": "split_lite_step", "task_id": 1, "batch": 1820, "projected": 16, "collected": 25, "mean_removed_ratio": 0.052145002875477076, "strict_current_topk": false, "project_active_experts": [0, 2, 3, 4, 6, 8, 9, 10, 13, 14, 15, 18, 19, 21, 22, 24]}
{"event": "split_lite_step", "task_id": 1, "batch": 1840, "projected": 16, "collected": 25, "mean_removed_ratio": 0.05170086107682437, "strict_current_topk": false, "project_active_experts": [0, 2, 3, 4, 6, 8, 9, 10, 13, 14, 15, 18, 19, 21, 22, 24]}
{"event": "split_lite_step", "task_id": 1, "batch": 1860, "projected": 16, "collected": 25, "mean_removed_ratio": 0.03333660011412576, "strict_current_topk": false, "project_active_experts": [0, 2, 3, 4, 6, 8, 9, 10, 13, 14, 15, 18, 19, 21, 22, 24]}
{"event": "split_lite_step", "task_id": 1, "batch": 1880, "projected": 16, "collected": 25, "mean_removed_ratio": 0.03576191223692149, "strict_current_topk": false, "project_active_experts": [0, 2, 3, 4, 6, 8, 9, 10, 13, 14, 15, 18, 19, 21, 22, 24]}
{"event": "split_lite_step", "task_id": 1, "batch": 1900, "projected": 16, "collected": 25, "mean_removed_ratio": 0.03534406278049573, "strict_current_topk": false, "project_active_experts": [0, 2, 3, 4, 6, 8, 9, 10, 13, 14, 15, 18, 19, 21, 22, 24]}
{"event": "split_lite_step", "task_id": 1, "batch": 1920, "projected": 16, "collected": 25, "mean_removed_ratio": 0.03681094903731719, "strict_current_topk": false, "project_active_experts": [0, 2, 3, 4, 6, 8, 9, 10, 13, 14, 15, 18, 19, 21, 22, 24]}
{"event": "split_lite_step", "task_id": 1, "batch": 1940, "projected": 16, "collected": 25, "mean_removed_ratio": 0.04243630706332624, "strict_current_topk": false, "project_active_experts": [0, 2, 3, 4, 6, 8, 9, 10, 13, 14, 15, 18, 19, 21, 22, 24]}
{"event": "split_lite_task_finish", "task_id": 1, "rank": 8, "alpha": 0.2, "interval": 20, "buffer_size": 24, "expert_threshold": 0.03, "active_topk": 16, "strict_current_topk": false, "active_experts": [0, 2, 3, 4, 6, 9, 10, 13, 14, 15, 16, 19, 20, 21, 22, 24], "usage": {"vector": [0.11059942841529846, 0.0, 0.0907054916024208, 0.07427220791578293, 0.0405738539993763, 0.0, 0.07361594587564468, 0.0, 0.01904689520597458, 0.05760617181658745, 0.023598765954375267, 0.01904689520597458, 0.0, 0.054282885044813156, 0.043992526829242706, 0.11197680979967117, 0.019836699590086937, 0.0, 0.01904689520597458, 0.056885041296482086, 0.01904689520597458, 0.03809379041194916, 0.07345950603485107, 0.0, 0.054313406348228455], "top3": [15, 0, 2], "top5": [15, 0, 2, 3, 6], "top3_mass": 0.31328171491622925, "top5_mass": 0.46116986870765686, "entropy": 2.7870960235595703, "max_entropy": 3.2188758248682006}, "basis_sizes": {"e_pv": {"0": 8, "2": 8, "3": 8, "4": 8, "6": 8, "9": 8, "10": 8, "13": 8, "14": 8, "15": 8, "16": 8, "19": 8, "20": 8, "21": 8, "22": 8, "24": 8}}, "stats": {"project_calls": 98, "projected_vectors": 624, "collected_vectors": 2450, "skipped_steps": 1852}, "diagnostics": {"expert_usage_mode": "old_union", "previous_selected_jaccard": 0.7777777777777778, "cp_overlap": null}}
{"event": "split_lite_step", "task_id": 2, "batch": 1960, "projected": 18, "collected": 25, "mean_removed_ratio": 0.07416763467093308, "strict_current_topk": false, "project_active_experts": [0, 2, 3, 4, 6, 9, 10, 13, 14, 15, 16, 19, 20, 21, 22, 24]}
{"event": "split_lite_step", "task_id": 2, "batch": 1980, "projected": 18, "collected": 25, "mean_removed_ratio": 0.07516031536377138, "strict_current_topk": false, "project_active_experts": [0, 2, 3, 4, 6, 9, 10, 13, 14, 15, 16, 19, 20, 21, 22, 24]}
{"event": "split_lite_step", "task_id": 2, "batch": 2000, "projected": 18, "collected": 25, "mean_removed_ratio": 0.07578215003013611, "strict_current_topk": false, "project_active_experts": [0, 2, 3, 4, 6, 9, 10, 13, 14, 15, 16, 19, 20, 21, 22, 24]}
{"event": "split_lite_step", "task_id": 2, "batch": 2020, "projected": 18, "collected": 25, "mean_removed_ratio": 0.05499685255603658, "strict_current_topk": false, "project_active_experts": [0, 2, 3, 4, 6, 9, 10, 13, 14, 15, 16, 19, 20, 21, 22, 24]}
{"event": "split_lite_step", "task_id": 2, "batch": 2040, "projected": 18, "collected": 25, "mean_removed_ratio": 0.06865191542439991, "strict_current_topk": false, "project_active_experts": [0, 2, 3, 4, 6, 9, 10, 13, 14, 15, 16, 19, 20, 21, 22, 24]}
{"event": "split_lite_step", "task_id": 2, "batch": 2060, "projected": 18, "collected": 25, "mean_removed_ratio": 0.08435732850597964, "strict_current_topk": false, "project_active_experts": [0, 2, 3, 4, 6, 9, 10, 13, 14, 15, 16, 19, 20, 21, 22, 24]}
{"event": "split_lite_step", "task_id": 2, "batch": 2080, "projected": 18, "collected": 25, "mean_removed_ratio": 0.05087807784891791, "strict_current_topk": false, "project_active_experts": [0, 2, 3, 4, 6, 9, 10, 13, 14, 15, 16, 19, 20, 21, 22, 24]}
{"event": "split_lite_step", "task_id": 2, "batch": 2100, "projected": 18, "collected": 25, "mean_removed_ratio": 0.062149703295694456, "strict_current_topk": false, "project_active_experts": [0, 2, 3, 4, 6, 9, 10, 13, 14, 15, 16, 19, 20, 21, 22, 24]}
{"event": "split_lite_step", "task_id": 2, "batch": 2120, "projected": 18, "collected": 25, "mean_removed_ratio": 0.060194807334078684, "strict_current_topk": false, "project_active_experts": [0, 2, 3, 4, 6, 9, 10, 13, 14, 15, 16, 19, 20, 21, 22, 24]}
{"event": "split_lite_step", "task_id": 2, "batch": 2140, "projected": 18, "collected": 25, "mean_removed_ratio": 0.07803464525689681, "strict_current_topk": false, "project_active_experts": [0, 2, 3, 4, 6, 9, 10, 13, 14, 15, 16, 19, 20, 21, 22, 24]}
{"event": "split_lite_step", "task_id": 2, "batch": 2160, "projected": 18, "collected": 25, "mean_removed_ratio": 0.04714748884240786, "strict_current_topk": false, "project_active_experts": [0, 2, 3, 4, 6, 9, 10, 13, 14, 15, 16, 19, 20, 21, 22, 24]}
{"event": "split_lite_step", "task_id": 2, "batch": 2180, "projected": 18, "collected": 25, "mean_removed_ratio": 0.06424602741996448, "strict_current_topk": false, "project_active_experts": [0, 2, 3, 4, 6, 9, 10, 13, 14, 15, 16, 19, 20, 21, 22, 24]}
{"event": "split_lite_step", "task_id": 2, "batch": 2200, "projected": 18, "collected": 25, "mean_removed_ratio": 0.06029366391400496, "strict_current_topk": false, "project_active_experts": [0, 2, 3, 4, 6, 9, 10, 13, 14, 15, 16, 19, 20, 21, 22, 24]}
{"event": "split_lite_step", "task_id": 2, "batch": 2220, "projected": 18, "collected": 25, "mean_removed_ratio": 0.050738403780592814, "strict_current_topk": false, "project_active_experts": [0, 2, 3, 4, 6, 9, 10, 13, 14, 15, 16, 19, 20, 21, 22, 24]}
{"event": "split_lite_step", "task_id": 2, "batch": 2240, "projected": 18, "collected": 25, "mean_removed_ratio": 0.057556638597614236, "strict_current_topk": false, "project_active_experts": [0, 2, 3, 4, 6, 9, 10, 13, 14, 15, 16, 19, 20, 21, 22, 24]}
{"event": "split_lite_step", "task_id": 2, "batch": 2260, "projected": 18, "collected": 25, "mean_removed_ratio": 0.0649440007077323, "strict_current_topk": false, "project_active_experts": [0, 2, 3, 4, 6, 9, 10, 13, 14, 15, 16, 19, 20, 21, 22, 24]}
{"event": "split_lite_step", "task_id": 2, "batch": 2280, "projected": 18, "collected": 25, "mean_removed_ratio": 0.05038175969902012, "strict_current_topk": false, "project_active_experts": [0, 2, 3, 4, 6, 9, 10, 13, 14, 15, 16, 19, 20, 21, 22, 24]}
{"event": "split_lite_step", "task_id": 2, "batch": 2300, "projected": 18, "collected": 25, "mean_removed_ratio": 0.0691436335651411, "strict_current_topk": false, "project_active_experts": [0, 2, 3, 4, 6, 9, 10, 13, 14, 15, 16, 19, 20, 21, 22, 24]}
{"event": "split_lite_step", "task_id": 2, "batch": 2320, "projected": 18, "collected": 25, "mean_removed_ratio": 0.04444331179062525, "strict_current_topk": false, "project_active_experts": [0, 2, 3, 4, 6, 9, 10, 13, 14, 15, 16, 19, 20, 21, 22, 24]}
{"event": "split_lite_step", "task_id": 2, "batch": 2340, "projected": 18, "collected": 25, "mean_removed_ratio": 0.060680632582969136, "strict_current_topk": false, "project_active_experts": [0, 2, 3, 4, 6, 9, 10, 13, 14, 15, 16, 19, 20, 21, 22, 24]}
{"event": "split_lite_step", "task_id": 2, "batch": 2360, "projected": 18, "collected": 25, "mean_removed_ratio": 0.05407126992940903, "strict_current_topk": false, "project_active_experts": [0, 2, 3, 4, 6, 9, 10, 13, 14, 15, 16, 19, 20, 21, 22, 24]}
{"event": "split_lite_step", "task_id": 2, "batch": 2380, "projected": 18, "collected": 25, "mean_removed_ratio": 0.06988780190133387, "strict_current_topk": false, "project_active_experts": [0, 2, 3, 4, 6, 9, 10, 13, 14, 15, 16, 19, 20, 21, 22, 24]}
{"event": "split_lite_step", "task_id": 2, "batch": 2400, "projected": 18, "collected": 25, "mean_removed_ratio": 0.06328380397624439, "strict_current_topk": false, "project_active_experts": [0, 2, 3, 4, 6, 9, 10, 13, 14, 15, 16, 19, 20, 21, 22, 24]}
{"event": "split_lite_step", "task_id": 2, "batch": 2420, "projected": 18, "collected": 25, "mean_removed_ratio": 0.04577972708890835, "strict_current_topk": false, "project_active_experts": [0, 2, 3, 4, 6, 9, 10, 13, 14, 15, 16, 19, 20, 21, 22, 24]}
{"event": "split_lite_step", "task_id": 2, "batch": 2440, "projected": 18, "collected": 25, "mean_removed_ratio": 0.062168744599653616, "strict_current_topk": false, "project_active_experts": [0, 2, 3, 4, 6, 9, 10, 13, 14, 15, 16, 19, 20, 21, 22, 24]}
{"event": "split_lite_step", "task_id": 2, "batch": 2460, "projected": 18, "collected": 25, "mean_removed_ratio": 0.06307897551192178, "strict_current_topk": false, "project_active_experts": [0, 2, 3, 4, 6, 9, 10, 13, 14, 15, 16, 19, 20, 21, 22, 24]}
{"event": "split_lite_step", "task_id": 2, "batch": 2480, "projected": 18, "collected": 25, "mean_removed_ratio": 0.0765884541389015, "strict_current_topk": false, "project_active_experts": [0, 2, 3, 4, 6, 9, 10, 13, 14, 15, 16, 19, 20, 21, 22, 24]}
{"event": "split_lite_step", "task_id": 2, "batch": 2500, "projected": 18, "collected": 25, "mean_removed_ratio": 0.05028836222158538, "strict_current_topk": false, "project_active_experts": [0, 2, 3, 4, 6, 9, 10, 13, 14, 15, 16, 19, 20, 21, 22, 24]}
{"event": "split_lite_step", "task_id": 2, "batch": 2520, "projected": 18, "collected": 25, "mean_removed_ratio": 0.055056150485244065, "strict_current_topk": false, "project_active_experts": [0, 2, 3, 4, 6, 9, 10, 13, 14, 15, 16, 19, 20, 21, 22, 24]}
{"event": "split_lite_step", "task_id": 2, "batch": 2540, "projected": 18, "collected": 25, "mean_removed_ratio": 0.05521940522723728, "strict_current_topk": false, "project_active_experts": [0, 2, 3, 4, 6, 9, 10, 13, 14, 15, 16, 19, 20, 21, 22, 24]}
{"event": "split_lite_step", "task_id": 2, "batch": 2560, "projected": 18, "collected": 25, "mean_removed_ratio": 0.056648386642336845, "strict_current_topk": false, "project_active_experts": [0, 2, 3, 4, 6, 9, 10, 13, 14, 15, 16, 19, 20, 21, 22, 24]}
{"event": "split_lite_step", "task_id": 2, "batch": 2580, "projected": 18, "collected": 25, "mean_removed_ratio": 0.045917749094466366, "strict_current_topk": false, "project_active_experts": [0, 2, 3, 4, 6, 9, 10, 13, 14, 15, 16, 19, 20, 21, 22, 24]}
{"event": "split_lite_step", "task_id": 2, "batch": 2600, "projected": 18, "collected": 25, "mean_removed_ratio": 0.062440181564953595, "strict_current_topk": false, "project_active_experts": [0, 2, 3, 4, 6, 9, 10, 13, 14, 15, 16, 19, 20, 21, 22, 24]}
{"event": "split_lite_step", "task_id": 2, "batch": 2620, "projected": 18, "collected": 25, "mean_removed_ratio": 0.06693836787922515, "strict_current_topk": false, "project_active_experts": [0, 2, 3, 4, 6, 9, 10, 13, 14, 15, 16, 19, 20, 21, 22, 24]}
{"event": "split_lite_step", "task_id": 2, "batch": 2640, "projected": 18, "collected": 25, "mean_removed_ratio": 0.07421447026232879, "strict_current_topk": false, "project_active_experts": [0, 2, 3, 4, 6, 9, 10, 13, 14, 15, 16, 19, 20, 21, 22, 24]}
{"event": "split_lite_step", "task_id": 2, "batch": 2660, "projected": 18, "collected": 25, "mean_removed_ratio": 0.05991758737299177, "strict_current_topk": false, "project_active_experts": [0, 2, 3, 4, 6, 9, 10, 13, 14, 15, 16, 19, 20, 21, 22, 24]}
{"event": "split_lite_step", "task_id": 2, "batch": 2680, "projected": 18, "collected": 25, "mean_removed_ratio": 0.05594077809817261, "strict_current_topk": false, "project_active_experts": [0, 2, 3, 4, 6, 9, 10, 13, 14, 15, 16, 19, 20, 21, 22, 24]}
{"event": "split_lite_step", "task_id": 2, "batch": 2700, "projected": 18, "collected": 25, "mean_removed_ratio": 0.05711233305434386, "strict_current_topk": false, "project_active_experts": [0, 2, 3, 4, 6, 9, 10, 13, 14, 15, 16, 19, 20, 21, 22, 24]}
{"event": "split_lite_step", "task_id": 2, "batch": 2720, "projected": 18, "collected": 25, "mean_removed_ratio": 0.0692372399692734, "strict_current_topk": false, "project_active_experts": [0, 2, 3, 4, 6, 9, 10, 13, 14, 15, 16, 19, 20, 21, 22, 24]}
{"event": "split_lite_task_finish", "task_id": 2, "rank": 8, "alpha": 0.2, "interval": 20, "buffer_size": 24, "expert_threshold": 0.03, "active_topk": 16, "strict_current_topk": false, "active_experts": [0, 2, 3, 4, 6, 8, 9, 10, 13, 14, 15, 16, 19, 21, 22, 24], "usage": {"vector": [0.11173207312822342, 0.0, 0.08581129461526871, 0.0748472511768341, 0.03975926712155342, 0.0, 0.07431862503290176, 0.012778674252331257, 0.030327750369906425, 0.06355281174182892, 0.0398736372590065, 0.025374362245202065, 0.0, 0.03615795820951462, 0.04201357811689377, 0.11264955997467041, 0.025902992114424706, 0.0, 0.012687181122601032, 0.05085038021206856, 0.012687181122601032, 0.050202298909425735, 0.0489315465092659, 0.0, 0.04954150319099426], "top3": [15, 0, 2], "top5": [15, 0, 2, 3, 6], "top3_mass": 0.31019291281700134, "top5_mass": 0.4593587815761566, "entropy": 2.8324086666107178, "max_entropy": 3.2188758248682006}, "basis_sizes": {"e_pv": {"0": 8, "2": 8, "3": 8, "4": 8, "6": 8, "8": 8, "9": 8, "10": 8, "13": 8, "14": 8, "15": 8, "16": 8, "19": 8, "21": 8, "22": 8, "24": 8}}, "stats": {"project_calls": 137, "projected_vectors": 1326, "collected_vectors": 3425, "skipped_steps": 2593}, "diagnostics": {"expert_usage_mode": "old_union", "previous_selected_jaccard": 0.8823529411764706, "cp_overlap": null}}
{"event": "split_lite_step", "task_id": 3, "batch": 2740, "projected": 18, "collected": 25, "mean_removed_ratio": 0.05911035297645463, "strict_current_topk": false, "project_active_experts": [0, 2, 3, 4, 6, 8, 9, 10, 13, 14, 15, 16, 19, 21, 22, 24]}
{"event": "split_lite_step", "task_id": 3, "batch": 2760, "projected": 18, "collected": 25, "mean_removed_ratio": 0.073404166330066, "strict_current_topk": false, "project_active_experts": [0, 2, 3, 4, 6, 8, 9, 10, 13, 14, 15, 16, 19, 21, 22, 24]}
{"event": "split_lite_step", "task_id": 3, "batch": 2780, "projected": 18, "collected": 25, "mean_removed_ratio": 0.0716185120658742, "strict_current_topk": false, "project_active_experts": [0, 2, 3, 4, 6, 8, 9, 10, 13, 14, 15, 16, 19, 21, 22, 24]}
{"event": "split_lite_step", "task_id": 3, "batch": 2800, "projected": 18, "collected": 25, "mean_removed_ratio": 0.05585206589765019, "strict_current_topk": false, "project_active_experts": [0, 2, 3, 4, 6, 8, 9, 10, 13, 14, 15, 16, 19, 21, 22, 24]}
{"event": "split_lite_step", "task_id": 3, "batch": 2820, "projected": 18, "collected": 25, "mean_removed_ratio": 0.06851554868949784, "strict_current_topk": false, "project_active_experts": [0, 2, 3, 4, 6, 8, 9, 10, 13, 14, 15, 16, 19, 21, 22, 24]}
{"event": "split_lite_step", "task_id": 3, "batch": 2840, "projected": 18, "collected": 25, "mean_removed_ratio": 0.07784171423150434, "strict_current_topk": false, "project_active_experts": [0, 2, 3, 4, 6, 8, 9, 10, 13, 14, 15, 16, 19, 21, 22, 24]}
{"event": "split_lite_step", "task_id": 3, "batch": 2860, "projected": 18, "collected": 25, "mean_removed_ratio": 0.054159368905756206, "strict_current_topk": false, "project_active_experts": [0, 2, 3, 4, 6, 8, 9, 10, 13, 14, 15, 16, 19, 21, 22, 24]}
{"event": "split_lite_step", "task_id": 3, "batch": 2880, "projected": 18, "collected": 25, "mean_removed_ratio": 0.06545448075566027, "strict_current_topk": false, "project_active_experts": [0, 2, 3, 4, 6, 8, 9, 10, 13, 14, 15, 16, 19, 21, 22, 24]}
{"event": "split_lite_step", "task_id": 3, "batch": 2900, "projected": 18, "collected": 25, "mean_removed_ratio": 0.047122297498087086, "strict_current_topk": false, "project_active_experts": [0, 2, 3, 4, 6, 8, 9, 10, 13, 14, 15, 16, 19, 21, 22, 24]}
{"event": "split_lite_step", "task_id": 3, "batch": 2920, "projected": 18, "collected": 25, "mean_removed_ratio": 0.07746899107264148, "strict_current_topk": false, "project_active_experts": [0, 2, 3, 4, 6, 8, 9, 10, 13, 14, 15, 16, 19, 21, 22, 24]}
{"event": "split_lite_step", "task_id": 3, "batch": 2940, "projected": 18, "collected": 25, "mean_removed_ratio": 0.06329783528215355, "strict_current_topk": false, "project_active_experts": [0, 2, 3, 4, 6, 8, 9, 10, 13, 14, 15, 16, 19, 21, 22, 24]}
{"event": "split_lite_step", "task_id": 3, "batch": 2960, "projected": 18, "collected": 25, "mean_removed_ratio": 0.08699812429646651, "strict_current_topk": false, "project_active_experts": [0, 2, 3, 4, 6, 8, 9, 10, 13, 14, 15, 16, 19, 21, 22, 24]}
{"event": "split_lite_step", "task_id": 3, "batch": 2980, "projected": 18, "collected": 25, "mean_removed_ratio": 0.043868051583154336, "strict_current_topk": false, "project_active_experts": [0, 2, 3, 4, 6, 8, 9, 10, 13, 14, 15, 16, 19, 21, 22, 24]}
{"event": "split_lite_step", "task_id": 3, "batch": 3000, "projected": 18, "collected": 25, "mean_removed_ratio": 0.06975825596600771, "strict_current_topk": false, "project_active_experts": [0, 2, 3, 4, 6, 8, 9, 10, 13, 14, 15, 16, 19, 21, 22, 24]}
{"event": "split_lite_step", "task_id": 3, "batch": 3020, "projected": 18, "collected": 25, "mean_removed_ratio": 0.07085791778647238, "strict_current_topk": false, "project_active_experts": [0, 2, 3, 4, 6, 8, 9, 10, 13, 14, 15, 16, 19, 21, 22, 24]}
{"event": "split_lite_step", "task_id": 3, "batch": 3040, "projected": 18, "collected": 25, "mean_removed_ratio": 0.08040613049848212, "strict_current_topk": false, "project_active_experts": [0, 2, 3, 4, 6, 8, 9, 10, 13, 14, 15, 16, 19, 21, 22, 24]}
{"event": "split_lite_step", "task_id": 3, "batch": 3060, "projected": 18, "collected": 25, "mean_removed_ratio": 0.06406267401244906, "strict_current_topk": false, "project_active_experts": [0, 2, 3, 4, 6, 8, 9, 10, 13, 14, 15, 16, 19, 21, 22, 24]}
{"event": "split_lite_step", "task_id": 3, "batch": 3080, "projected": 18, "collected": 25, "mean_removed_ratio": 0.06388151035126713, "strict_current_topk": false, "project_active_experts": [0, 2, 3, 4, 6, 8, 9, 10, 13, 14, 15, 16, 19, 21, 22, 24]}
{"event": "split_lite_step", "task_id": 3, "batch": 3100, "projected": 18, "collected": 25, "mean_removed_ratio": 0.0693691598975824, "strict_current_topk": false, "project_active_experts": [0, 2, 3, 4, 6, 8, 9, 10, 13, 14, 15, 16, 19, 21, 22, 24]}
{"event": "split_lite_step", "task_id": 3, "batch": 3120, "projected": 18, "collected": 25, "mean_removed_ratio": 0.06552394655429655, "strict_current_topk": false, "project_active_experts": [0, 2, 3, 4, 6, 8, 9, 10, 13, 14, 15, 16, 19, 21, 22, 24]}
{"event": "split_lite_step", "task_id": 3, "batch": 3140, "projected": 18, "collected": 25, "mean_removed_ratio": 0.0925445601137148, "strict_current_topk": false, "project_active_experts": [0, 2, 3, 4, 6, 8, 9, 10, 13, 14, 15, 16, 19, 21, 22, 24]}
{"event": "split_lite_step", "task_id": 3, "batch": 3160, "projected": 18, "collected": 25, "mean_removed_ratio": 0.060983173031773835, "strict_current_topk": false, "project_active_experts": [0, 2, 3, 4, 6, 8, 9, 10, 13, 14, 15, 16, 19, 21, 22, 24]}
{"event": "split_lite_step", "task_id": 3, "batch": 3180, "projected": 18, "collected": 25, "mean_removed_ratio": 0.05063606082047853, "strict_current_topk": false, "project_active_experts": [0, 2, 3, 4, 6, 8, 9, 10, 13, 14, 15, 16, 19, 21, 22, 24]}
{"event": "split_lite_step", "task_id": 3, "batch": 3200, "projected": 18, "collected": 25, "mean_removed_ratio": 0.05108489504911833, "strict_current_topk": false, "project_active_experts": [0, 2, 3, 4, 6, 8, 9, 10, 13, 14, 15, 16, 19, 21, 22, 24]}
{"event": "split_lite_step", "task_id": 3, "batch": 3220, "projected": 18, "collected": 25, "mean_removed_ratio": 0.05801687700053056, "strict_current_topk": false, "project_active_experts": [0, 2, 3, 4, 6, 8, 9, 10, 13, 14, 15, 16, 19, 21, 22, 24]}
{"event": "split_lite_step", "task_id": 3, "batch": 3240, "projected": 18, "collected": 25, "mean_removed_ratio": 0.04706671471811003, "strict_current_topk": false, "project_active_experts": [0, 2, 3, 4, 6, 8, 9, 10, 13, 14, 15, 16, 19, 21, 22, 24]}
{"event": "split_lite_step", "task_id": 3, "batch": 3260, "projected": 18, "collected": 25, "mean_removed_ratio": 0.07110443990677595, "strict_current_topk": false, "project_active_experts": [0, 2, 3, 4, 6, 8, 9, 10, 13, 14, 15, 16, 19, 21, 22, 24]}
{"event": "split_lite_step", "task_id": 3, "batch": 3280, "projected": 18, "collected": 25, "mean_removed_ratio": 0.07278260122984648, "strict_current_topk": false, "project_active_experts": [0, 2, 3, 4, 6, 8, 9, 10, 13, 14, 15, 16, 19, 21, 22, 24]}
{"event": "split_lite_step", "task_id": 3, "batch": 3300, "projected": 18, "collected": 25, "mean_removed_ratio": 0.06418289213130872, "strict_current_topk": false, "project_active_experts": [0, 2, 3, 4, 6, 8, 9, 10, 13, 14, 15, 16, 19, 21, 22, 24]}
{"event": "split_lite_step", "task_id": 3, "batch": 3320, "projected": 18, "collected": 25, "mean_removed_ratio": 0.07432308337754673, "strict_current_topk": false, "project_active_experts": [0, 2, 3, 4, 6, 8, 9, 10, 13, 14, 15, 16, 19, 21, 22, 24]}
{"event": "split_lite_step", "task_id": 3, "batch": 3340, "projected": 18, "collected": 25, "mean_removed_ratio": 0.04676441434356901, "strict_current_topk": false, "project_active_experts": [0, 2, 3, 4, 6, 8, 9, 10, 13, 14, 15, 16, 19, 21, 22, 24]}
{"event": "split_lite_step", "task_id": 3, "batch": 3360, "projected": 18, "collected": 25, "mean_removed_ratio": 0.06285459279186195, "strict_current_topk": false, "project_active_experts": [0, 2, 3, 4, 6, 8, 9, 10, 13, 14, 15, 16, 19, 21, 22, 24]}
{"event": "split_lite_step", "task_id": 3, "batch": 3380, "projected": 18, "collected": 25, "mean_removed_ratio": 0.06250121309939358, "strict_current_topk": false, "project_active_experts": [0, 2, 3, 4, 6, 8, 9, 10, 13, 14, 15, 16, 19, 21, 22, 24]}
{"event": "split_lite_step", "task_id": 3, "batch": 3400, "projected": 18, "collected": 25, "mean_removed_ratio": 0.06136893144705229, "strict_current_topk": false, "project_active_experts": [0, 2, 3, 4, 6, 8, 9, 10, 13, 14, 15, 16, 19, 21, 22, 24]}
{"event": "split_lite_step", "task_id": 3, "batch": 3420, "projected": 18, "collected": 25, "mean_removed_ratio": 0.047423477129389845, "strict_current_topk": false, "project_active_experts": [0, 2, 3, 4, 6, 8, 9, 10, 13, 14, 15, 16, 19, 21, 22, 24]}
{"event": "split_lite_step", "task_id": 3, "batch": 3440, "projected": 18, "collected": 25, "mean_removed_ratio": 0.04433003978596793, "strict_current_topk": false, "project_active_experts": [0, 2, 3, 4, 6, 8, 9, 10, 13, 14, 15, 16, 19, 21, 22, 24]}
{"event": "split_lite_step", "task_id": 3, "batch": 3460, "projected": 18, "collected": 25, "mean_removed_ratio": 0.07134281574851936, "strict_current_topk": false, "project_active_experts": [0, 2, 3, 4, 6, 8, 9, 10, 13, 14, 15, 16, 19, 21, 22, 24]}
{"event": "split_lite_step", "task_id": 3, "batch": 3480, "projected": 18, "collected": 25, "mean_removed_ratio": 0.0484334006646855, "strict_current_topk": false, "project_active_experts": [0, 2, 3, 4, 6, 8, 9, 10, 13, 14, 15, 16, 19, 21, 22, 24]}
{"event": "split_lite_step", "task_id": 3, "batch": 3500, "projected": 18, "collected": 25, "mean_removed_ratio": 0.07541016106390291, "strict_current_topk": false, "project_active_experts": [0, 2, 3, 4, 6, 8, 9, 10, 13, 14, 15, 16, 19, 21, 22, 24]}
{"event": "split_lite_task_finish", "task_id": 3, "rank": 8, "alpha": 0.2, "interval": 20, "buffer_size": 24, "expert_threshold": 0.03, "active_topk": 16, "strict_current_topk": false, "active_experts": [0, 2, 3, 4, 6, 8, 9, 10, 11, 13, 14, 15, 19, 21, 22, 24], "usage": {"vector": [0.11110252887010574, 0.0, 0.09165643155574799, 0.07433288544416428, 0.03961982950568199, 0.0, 0.07394079864025116, 0.018873047083616257, 0.04527118429541588, 0.0659557580947876, 0.03984037786722183, 0.028230400756001472, 0.0, 0.026818500831723213, 0.0405755415558815, 0.11177737265825272, 0.019212353974580765, 0.017191588878631592, 0.009410133585333824, 0.047684039920568466, 0.018820269033312798, 0.04664915055036545, 0.036292724311351776, 0.0, 0.036745134741067886], "top3": [15, 0, 2], "top5": [15, 0, 2, 3, 6], "top3_mass": 0.31453633308410645, "top5_mass": 0.46281003952026367, "entropy": 2.866636276245117, "max_entropy": 3.2188758248682006}, "basis_sizes": {"e_pv": {"0": 8, "2": 8, "3": 8, "4": 8, "6": 8, "8": 8, "9": 8, "10": 8, "11": 8, "13": 8, "14": 8, "15": 8, "19": 8, "21": 8, "22": 8, "24": 8}}, "stats": {"project_calls": 176, "projected_vectors": 2028, "collected_vectors": 4400, "skipped_steps": 3334}, "diagnostics": {"expert_usage_mode": "old_union", "previous_selected_jaccard": 0.8823529411764706, "cp_overlap": null}}
{"event": "split_lite_step", "task_id": 4, "batch": 3520, "projected": 19, "collected": 25, "mean_removed_ratio": 0.07509579244805009, "strict_current_topk": false, "project_active_experts": [0, 2, 3, 4, 6, 8, 9, 10, 11, 13, 14, 15, 19, 21, 22, 24]}
{"event": "split_lite_step", "task_id": 4, "batch": 3540, "projected": 19, "collected": 25, "mean_removed_ratio": 0.07872272243625239, "strict_current_topk": false, "project_active_experts": [0, 2, 3, 4, 6, 8, 9, 10, 11, 13, 14, 15, 19, 21, 22, 24]}
{"event": "split_lite_step", "task_id": 4, "batch": 3560, "projected": 19, "collected": 25, "mean_removed_ratio": 0.07367823978787974, "strict_current_topk": false, "project_active_experts": [0, 2, 3, 4, 6, 8, 9, 10, 11, 13, 14, 15, 19, 21, 22, 24]}
{"event": "split_lite_step", "task_id": 4, "batch": 3580, "projected": 19, "collected": 25, "mean_removed_ratio": 0.07723449268623402, "strict_current_topk": false, "project_active_experts": [0, 2, 3, 4, 6, 8, 9, 10, 11, 13, 14, 15, 19, 21, 22, 24]}
{"event": "split_lite_step", "task_id": 4, "batch": 3600, "projected": 19, "collected": 25, "mean_removed_ratio": 0.0774129425224505, "strict_current_topk": false, "project_active_experts": [0, 2, 3, 4, 6, 8, 9, 10, 11, 13, 14, 15, 19, 21, 22, 24]}
{"event": "split_lite_step", "task_id": 4, "batch": 3620, "projected": 19, "collected": 25, "mean_removed_ratio": 0.058622963236350766, "strict_current_topk": false, "project_active_experts": [0, 2, 3, 4, 6, 8, 9, 10, 11, 13, 14, 15, 19, 21, 22, 24]}
{"event": "split_lite_step", "task_id": 4, "batch": 3640, "projected": 19, "collected": 25, "mean_removed_ratio": 0.04445661991638573, "strict_current_topk": false, "project_active_experts": [0, 2, 3, 4, 6, 8, 9, 10, 11, 13, 14, 15, 19, 21, 22, 24]}
{"event": "split_lite_step", "task_id": 4, "batch": 3660, "projected": 19, "collected": 25, "mean_removed_ratio": 0.06345037449347346, "strict_current_topk": false, "project_active_experts": [0, 2, 3, 4, 6, 8, 9, 10, 11, 13, 14, 15, 19, 21, 22, 24]}
{"event": "split_lite_step", "task_id": 4, "batch": 3680, "projected": 19, "collected": 25, "mean_removed_ratio": 0.08836327365746624, "strict_current_topk": false, "project_active_experts": [0, 2, 3, 4, 6, 8, 9, 10, 11, 13, 14, 15, 19, 21, 22, 24]}
{"event": "split_lite_step", "task_id": 4, "batch": 3700, "projected": 19, "collected": 25, "mean_removed_ratio": 0.07258680188342144, "strict_current_topk": false, "project_active_experts": [0, 2, 3, 4, 6, 8, 9, 10, 11, 13, 14, 15, 19, 21, 22, 24]}
{"event": "split_lite_step", "task_id": 4, "batch": 3720, "projected": 19, "collected": 25, "mean_removed_ratio": 0.0605195906797522, "strict_current_topk": false, "project_active_experts": [0, 2, 3, 4, 6, 8, 9, 10, 11, 13, 14, 15, 19, 21, 22, 24]}
{"event": "split_lite_step", "task_id": 4, "batch": 3740, "projected": 19, "collected": 25, "mean_removed_ratio": 0.05382808150821611, "strict_current_topk": false, "project_active_experts": [0, 2, 3, 4, 6, 8, 9, 10, 11, 13, 14, 15, 19, 21, 22, 24]}
{"event": "split_lite_step", "task_id": 4, "batch": 3760, "projected": 19, "collected": 25, "mean_removed_ratio": 0.06560395334504153, "strict_current_topk": false, "project_active_experts": [0, 2, 3, 4, 6, 8, 9, 10, 11, 13, 14, 15, 19, 21, 22, 24]}
{"event": "split_lite_step", "task_id": 4, "batch": 3780, "projected": 19, "collected": 25, "mean_removed_ratio": 0.05411277182008091, "strict_current_topk": false, "project_active_experts": [0, 2, 3, 4, 6, 8, 9, 10, 11, 13, 14, 15, 19, 21, 22, 24]}
{"event": "split_lite_step", "task_id": 4, "batch": 3800, "projected": 19, "collected": 25, "mean_removed_ratio": 0.054750500540984307, "strict_current_topk": false, "project_active_experts": [0, 2, 3, 4, 6, 8, 9, 10, 11, 13, 14, 15, 19, 21, 22, 24]}
{"event": "split_lite_step", "task_id": 4, "batch": 3820, "projected": 19, "collected": 25, "mean_removed_ratio": 0.054152261269719976, "strict_current_topk": false, "project_active_experts": [0, 2, 3, 4, 6, 8, 9, 10, 11, 13, 14, 15, 19, 21, 22, 24]}
{"event": "split_lite_step", "task_id": 4, "batch": 3840, "projected": 19, "collected": 25, "mean_removed_ratio": 0.07036606183177546, "strict_current_topk": false, "project_active_experts": [0, 2, 3, 4, 6, 8, 9, 10, 11, 13, 14, 15, 19, 21, 22, 24]}
{"event": "split_lite_step", "task_id": 4, "batch": 3860, "projected": 19, "collected": 25, "mean_removed_ratio": 0.0481543638988545, "strict_current_topk": false, "project_active_experts": [0, 2, 3, 4, 6, 8, 9, 10, 11, 13, 14, 15, 19, 21, 22, 24]}
{"event": "split_lite_step", "task_id": 4, "batch": 3880, "projected": 19, "collected": 25, "mean_removed_ratio": 0.0591901134895651, "strict_current_topk": false, "project_active_experts": [0, 2, 3, 4, 6, 8, 9, 10, 11, 13, 14, 15, 19, 21, 22, 24]}
{"event": "split_lite_step", "task_id": 4, "batch": 3900, "projected": 19, "collected": 25, "mean_removed_ratio": 0.03972340311462942, "strict_current_topk": false, "project_active_experts": [0, 2, 3, 4, 6, 8, 9, 10, 11, 13, 14, 15, 19, 21, 22, 24]}
{"event": "split_lite_step", "task_id": 4, "batch": 3920, "projected": 19, "collected": 25, "mean_removed_ratio": 0.05696585593058875, "strict_current_topk": false, "project_active_experts": [0, 2, 3, 4, 6, 8, 9, 10, 11, 13, 14, 15, 19, 21, 22, 24]}
{"event": "split_lite_step", "task_id": 4, "batch": 3940, "projected": 19, "collected": 25, "mean_removed_ratio": 0.040302099218886146, "strict_current_topk": false, "project_active_experts": [0, 2, 3, 4, 6, 8, 9, 10, 11, 13, 14, 15, 19, 21, 22, 24]}
{"event": "split_lite_step", "task_id": 4, "batch": 3960, "projected": 19, "collected": 25, "mean_removed_ratio": 0.03796756037167812, "strict_current_topk": false, "project_active_experts": [0, 2, 3, 4, 6, 8, 9, 10, 11, 13, 14, 15, 19, 21, 22, 24]}
{"event": "split_lite_step", "task_id": 4, "batch": 3980, "projected": 19, "collected": 25, "mean_removed_ratio": 0.04512587297511728, "strict_current_topk": false, "project_active_experts": [0, 2, 3, 4, 6, 8, 9, 10, 11, 13, 14, 15, 19, 21, 22, 24]}
{"event": "split_lite_step", "task_id": 4, "batch": 4000, "projected": 19, "collected": 25, "mean_removed_ratio": 0.08468405382805749, "strict_current_topk": false, "project_active_experts": [0, 2, 3, 4, 6, 8, 9, 10, 11, 13, 14, 15, 19, 21, 22, 24]}
{"event": "split_lite_step", "task_id": 4, "batch": 4020, "projected": 19, "collected": 25, "mean_removed_ratio": 0.042874862537964395, "strict_current_topk": false, "project_active_experts": [0, 2, 3, 4, 6, 8, 9, 10, 11, 13, 14, 15, 19, 21, 22, 24]}
{"event": "split_lite_step", "task_id": 4, "batch": 4040, "projected": 19, "collected": 25, "mean_removed_ratio": 0.05049250402340764, "strict_current_topk": false, "project_active_experts": [0, 2, 3, 4, 6, 8, 9, 10, 11, 13, 14, 15, 19, 21, 22, 24]}
{"event": "split_lite_step", "task_id": 4, "batch": 4060, "projected": 19, "collected": 25, "mean_removed_ratio": 0.030780505143890257, "strict_current_topk": false, "project_active_experts": [0, 2, 3, 4, 6, 8, 9, 10, 11, 13, 14, 15, 19, 21, 22, 24]}
{"event": "split_lite_step", "task_id": 4, "batch": 4080, "projected": 19, "collected": 25, "mean_removed_ratio": 0.0517403603972573, "strict_current_topk": false, "project_active_experts": [0, 2, 3, 4, 6, 8, 9, 10, 11, 13, 14, 15, 19, 21, 22, 24]}
{"event": "split_lite_step", "task_id": 4, "batch": 4100, "projected": 19, "collected": 25, "mean_removed_ratio": 0.0379744210329495, "strict_current_topk": false, "project_active_experts": [0, 2, 3, 4, 6, 8, 9, 10, 11, 13, 14, 15, 19, 21, 22, 24]}
{"event": "split_lite_step", "task_id": 4, "batch": 4120, "projected": 19, "collected": 25, "mean_removed_ratio": 0.0506275930490933, "strict_current_topk": false, "project_active_experts": [0, 2, 3, 4, 6, 8, 9, 10, 11, 13, 14, 15, 19, 21, 22, 24]}
{"event": "split_lite_step", "task_id": 4, "batch": 4140, "projected": 19, "collected": 25, "mean_removed_ratio": 0.05094410233983868, "strict_current_topk": false, "project_active_experts": [0, 2, 3, 4, 6, 8, 9, 10, 11, 13, 14, 15, 19, 21, 22, 24]}
{"event": "split_lite_step", "task_id": 4, "batch": 4160, "projected": 19, "collected": 25, "mean_removed_ratio": 0.05797544955030868, "strict_current_topk": false, "project_active_experts": [0, 2, 3, 4, 6, 8, 9, 10, 11, 13, 14, 15, 19, 21, 22, 24]}
{"event": "split_lite_step", "task_id": 4, "batch": 4180, "projected": 19, "collected": 25, "mean_removed_ratio": 0.05145656047879081, "strict_current_topk": false, "project_active_experts": [0, 2, 3, 4, 6, 8, 9, 10, 11, 13, 14, 15, 19, 21, 22, 24]}
{"event": "split_lite_step", "task_id": 4, "batch": 4200, "projected": 19, "collected": 25, "mean_removed_ratio": 0.06646845587774326, "strict_current_topk": false, "project_active_experts": [0, 2, 3, 4, 6, 8, 9, 10, 11, 13, 14, 15, 19, 21, 22, 24]}
{"event": "split_lite_step", "task_id": 4, "batch": 4220, "projected": 19, "collected": 25, "mean_removed_ratio": 0.04716642696018282, "strict_current_topk": false, "project_active_experts": [0, 2, 3, 4, 6, 8, 9, 10, 11, 13, 14, 15, 19, 21, 22, 24]}
{"event": "split_lite_step", "task_id": 4, "batch": 4240, "projected": 19, "collected": 25, "mean_removed_ratio": 0.04791033307188436, "strict_current_topk": false, "project_active_experts": [0, 2, 3, 4, 6, 8, 9, 10, 11, 13, 14, 15, 19, 21, 22, 24]}
{"event": "split_lite_step", "task_id": 4, "batch": 4260, "projected": 19, "collected": 25, "mean_removed_ratio": 0.048275763806151714, "strict_current_topk": false, "project_active_experts": [0, 2, 3, 4, 6, 8, 9, 10, 11, 13, 14, 15, 19, 21, 22, 24]}
{"event": "split_lite_step", "task_id": 4, "batch": 4280, "projected": 19, "collected": 25, "mean_removed_ratio": 0.05149852053115243, "strict_current_topk": false, "project_active_experts": [0, 2, 3, 4, 6, 8, 9, 10, 11, 13, 14, 15, 19, 21, 22, 24]}
{"event": "split_lite_task_finish", "task_id": 4, "rank": 8, "alpha": 0.2, "interval": 20, "buffer_size": 24, "expert_threshold": 0.03, "active_topk": 16, "strict_current_topk": false, "active_experts": [0, 2, 3, 4, 6, 7, 8, 9, 10, 11, 14, 15, 19, 21, 22, 24], "usage": {"vector": [0.1107666864991188, 0.0, 0.09477558732032776, 0.07399869710206985, 0.04758695885539055, 0.0, 0.07366626709699631, 0.023752298206090927, 0.04742223769426346, 0.06548428535461426, 0.04065234214067459, 0.030959447845816612, 0.012831511907279491, 0.021303994581103325, 0.03970745950937271, 0.10955975204706192, 0.015261847525835037, 0.013656598515808582, 0.007475190795958042, 0.04613594338297844, 0.022452527657151222, 0.04453069716691971, 0.028830094262957573, 0.0, 0.02918947860598564], "top3": [0, 15, 2], "top5": [0, 15, 2, 3, 6], "top3_mass": 0.3151020407676697, "top5_mass": 0.46276697516441345, "entropy": 2.884899854660034, "max_entropy": 3.2188758248682006}, "basis_sizes": {"e_pv": {"0": 8, "2": 8, "3": 8, "4": 8, "6": 8, "7": 8, "8": 8, "9": 8, "10": 8, "11": 8, "14": 8, "15": 8, "19": 8, "21": 8, "22": 8, "24": 8}}, "stats": {"project_calls": 215, "projected_vectors": 2769, "collected_vectors": 5375, "skipped_steps": 4075}, "diagnostics": {"expert_usage_mode": "old_union", "previous_selected_jaccard": 0.8823529411764706, "cp_overlap": null}}
{"event": "split_lite_step", "task_id": 5, "batch": 4300, "projected": 20, "collected": 25, "mean_removed_ratio": 0.08350294660776854, "strict_current_topk": false, "project_active_experts": [0, 2, 3, 4, 6, 7, 8, 9, 10, 11, 14, 15, 19, 21, 22, 24]}
{"event": "split_lite_step", "task_id": 5, "batch": 4320, "projected": 20, "collected": 25, "mean_removed_ratio": 0.07076714131981135, "strict_current_topk": false, "project_active_experts": [0, 2, 3, 4, 6, 7, 8, 9, 10, 11, 14, 15, 19, 21, 22, 24]}
{"event": "split_lite_step", "task_id": 5, "batch": 4340, "projected": 20, "collected": 25, "mean_removed_ratio": 0.08958951719105243, "strict_current_topk": false, "project_active_experts": [0, 2, 3, 4, 6, 7, 8, 9, 10, 11, 14, 15, 19, 21, 22, 24]}
{"event": "split_lite_step", "task_id": 5, "batch": 4360, "projected": 20, "collected": 25, "mean_removed_ratio": 0.07598229851573705, "strict_current_topk": false, "project_active_experts": [0, 2, 3, 4, 6, 7, 8, 9, 10, 11, 14, 15, 19, 21, 22, 24]}
{"event": "split_lite_step", "task_id": 5, "batch": 4380, "projected": 20, "collected": 25, "mean_removed_ratio": 0.07486983444541692, "strict_current_topk": false, "project_active_experts": [0, 2, 3, 4, 6, 7, 8, 9, 10, 11, 14, 15, 19, 21, 22, 24]}
{"event": "split_lite_step", "task_id": 5, "batch": 4400, "projected": 20, "collected": 25, "mean_removed_ratio": 0.053169144317507744, "strict_current_topk": false, "project_active_experts": [0, 2, 3, 4, 6, 7, 8, 9, 10, 11, 14, 15, 19, 21, 22, 24]}
{"event": "split_lite_step", "task_id": 5, "batch": 4420, "projected": 20, "collected": 25, "mean_removed_ratio": 0.04400111273862421, "strict_current_topk": false, "project_active_experts": [0, 2, 3, 4, 6, 7, 8, 9, 10, 11, 14, 15, 19, 21, 22, 24]}
{"event": "split_lite_step", "task_id": 5, "batch": 4440, "projected": 20, "collected": 25, "mean_removed_ratio": 0.06604318879544735, "strict_current_topk": false, "project_active_experts": [0, 2, 3, 4, 6, 7, 8, 9, 10, 11, 14, 15, 19, 21, 22, 24]}
{"event": "split_lite_step", "task_id": 5, "batch": 4460, "projected": 20, "collected": 25, "mean_removed_ratio": 0.057926888950169085, "strict_current_topk": false, "project_active_experts": [0, 2, 3, 4, 6, 7, 8, 9, 10, 11, 14, 15, 19, 21, 22, 24]}
{"event": "split_lite_step", "task_id": 5, "batch": 4480, "projected": 20, "collected": 25, "mean_removed_ratio": 0.04821675568819046, "strict_current_topk": false, "project_active_experts": [0, 2, 3, 4, 6, 7, 8, 9, 10, 11, 14, 15, 19, 21, 22, 24]}
{"event": "split_lite_step", "task_id": 5, "batch": 4500, "projected": 20, "collected": 25, "mean_removed_ratio": 0.05550581896677613, "strict_current_topk": false, "project_active_experts": [0, 2, 3, 4, 6, 7, 8, 9, 10, 11, 14, 15, 19, 21, 22, 24]}
{"event": "split_lite_step", "task_id": 5, "batch": 4520, "projected": 20, "collected": 25, "mean_removed_ratio": 0.05800437135621905, "strict_current_topk": false, "project_active_experts": [0, 2, 3, 4, 6, 7, 8, 9, 10, 11, 14, 15, 19, 21, 22, 24]}
{"event": "split_lite_step", "task_id": 5, "batch": 4540, "projected": 20, "collected": 25, "mean_removed_ratio": 0.06339306682348252, "strict_current_topk": false, "project_active_experts": [0, 2, 3, 4, 6, 7, 8, 9, 10, 11, 14, 15, 19, 21, 22, 24]}
{"event": "split_lite_step", "task_id": 5, "batch": 4560, "projected": 20, "collected": 25, "mean_removed_ratio": 0.05589935947209597, "strict_current_topk": false, "project_active_experts": [0, 2, 3, 4, 6, 7, 8, 9, 10, 11, 14, 15, 19, 21, 22, 24]}
{"event": "split_lite_step", "task_id": 5, "batch": 4580, "projected": 20, "collected": 25, "mean_removed_ratio": 0.055272573791444304, "strict_current_topk": false, "project_active_experts": [0, 2, 3, 4, 6, 7, 8, 9, 10, 11, 14, 15, 19, 21, 22, 24]}
{"event": "split_lite_step", "task_id": 5, "batch": 4600, "projected": 20, "collected": 25, "mean_removed_ratio": 0.05061354655772447, "strict_current_topk": false, "project_active_experts": [0, 2, 3, 4, 6, 7, 8, 9, 10, 11, 14, 15, 19, 21, 22, 24]}
{"event": "split_lite_step", "task_id": 5, "batch": 4620, "projected": 20, "collected": 25, "mean_removed_ratio": 0.06120026111602783, "strict_current_topk": false, "project_active_experts": [0, 2, 3, 4, 6, 7, 8, 9, 10, 11, 14, 15, 19, 21, 22, 24]}
{"event": "split_lite_step", "task_id": 5, "batch": 4640, "projected": 20, "collected": 25, "mean_removed_ratio": 0.06589030176401138, "strict_current_topk": false, "project_active_experts": [0, 2, 3, 4, 6, 7, 8, 9, 10, 11, 14, 15, 19, 21, 22, 24]}
{"event": "split_lite_step", "task_id": 5, "batch": 4660, "projected": 20, "collected": 25, "mean_removed_ratio": 0.06390752512961625, "strict_current_topk": false, "project_active_experts": [0, 2, 3, 4, 6, 7, 8, 9, 10, 11, 14, 15, 19, 21, 22, 24]}
{"event": "split_lite_step", "task_id": 5, "batch": 4680, "projected": 20, "collected": 25, "mean_removed_ratio": 0.055541584454476836, "strict_current_topk": false, "project_active_experts": [0, 2, 3, 4, 6, 7, 8, 9, 10, 11, 14, 15, 19, 21, 22, 24]}
{"event": "split_lite_step", "task_id": 5, "batch": 4700, "projected": 20, "collected": 25, "mean_removed_ratio": 0.05904353465884924, "strict_current_topk": false, "project_active_experts": [0, 2, 3, 4, 6, 7, 8, 9, 10, 11, 14, 15, 19, 21, 22, 24]}
{"event": "split_lite_step", "task_id": 5, "batch": 4720, "projected": 20, "collected": 25, "mean_removed_ratio": 0.04657263197004795, "strict_current_topk": false, "project_active_experts": [0, 2, 3, 4, 6, 7, 8, 9, 10, 11, 14, 15, 19, 21, 22, 24]}
{"event": "split_lite_step", "task_id": 5, "batch": 4740, "projected": 20, "collected": 25, "mean_removed_ratio": 0.049640664178878066, "strict_current_topk": false, "project_active_experts": [0, 2, 3, 4, 6, 7, 8, 9, 10, 11, 14, 15, 19, 21, 22, 24]}
{"event": "split_lite_step", "task_id": 5, "batch": 4760, "projected": 20, "collected": 25, "mean_removed_ratio": 0.052543238084763286, "strict_current_topk": false, "project_active_experts": [0, 2, 3, 4, 6, 7, 8, 9, 10, 11, 14, 15, 19, 21, 22, 24]}
{"event": "split_lite_step", "task_id": 5, "batch": 4780, "projected": 20, "collected": 25, "mean_removed_ratio": 0.054771088622510435, "strict_current_topk": false, "project_active_experts": [0, 2, 3, 4, 6, 7, 8, 9, 10, 11, 14, 15, 19, 21, 22, 24]}
{"event": "split_lite_step", "task_id": 5, "batch": 4800, "projected": 20, "collected": 25, "mean_removed_ratio": 0.04849696448072791, "strict_current_topk": false, "project_active_experts": [0, 2, 3, 4, 6, 7, 8, 9, 10, 11, 14, 15, 19, 21, 22, 24]}
{"event": "split_lite_step", "task_id": 5, "batch": 4820, "projected": 20, "collected": 25, "mean_removed_ratio": 0.06066002398729324, "strict_current_topk": false, "project_active_experts": [0, 2, 3, 4, 6, 7, 8, 9, 10, 11, 14, 15, 19, 21, 22, 24]}
{"event": "split_lite_step", "task_id": 5, "batch": 4840, "projected": 20, "collected": 25, "mean_removed_ratio": 0.057074750773608685, "strict_current_topk": false, "project_active_experts": [0, 2, 3, 4, 6, 7, 8, 9, 10, 11, 14, 15, 19, 21, 22, 24]}
{"event": "split_lite_step", "task_id": 5, "batch": 4860, "projected": 20, "collected": 25, "mean_removed_ratio": 0.05090869851410389, "strict_current_topk": false, "project_active_experts": [0, 2, 3, 4, 6, 7, 8, 9, 10, 11, 14, 15, 19, 21, 22, 24]}
{"event": "split_lite_step", "task_id": 5, "batch": 4880, "projected": 20, "collected": 25, "mean_removed_ratio": 0.051828324981033805, "strict_current_topk": false, "project_active_experts": [0, 2, 3, 4, 6, 7, 8, 9, 10, 11, 14, 15, 19, 21, 22, 24]}
{"event": "split_lite_step", "task_id": 5, "batch": 4900, "projected": 20, "collected": 25, "mean_removed_ratio": 0.0544842267408967, "strict_current_topk": false, "project_active_experts": [0, 2, 3, 4, 6, 7, 8, 9, 10, 11, 14, 15, 19, 21, 22, 24]}
{"event": "split_lite_step", "task_id": 5, "batch": 4920, "projected": 20, "collected": 25, "mean_removed_ratio": 0.05698935408145189, "strict_current_topk": false, "project_active_experts": [0, 2, 3, 4, 6, 7, 8, 9, 10, 11, 14, 15, 19, 21, 22, 24]}
{"event": "split_lite_step", "task_id": 5, "batch": 4940, "projected": 20, "collected": 25, "mean_removed_ratio": 0.05443090591579676, "strict_current_topk": false, "project_active_experts": [0, 2, 3, 4, 6, 7, 8, 9, 10, 11, 14, 15, 19, 21, 22, 24]}
{"event": "split_lite_step", "task_id": 5, "batch": 4960, "projected": 20, "collected": 25, "mean_removed_ratio": 0.06689983196556568, "strict_current_topk": false, "project_active_experts": [0, 2, 3, 4, 6, 7, 8, 9, 10, 11, 14, 15, 19, 21, 22, 24]}
{"event": "split_lite_step", "task_id": 5, "batch": 4980, "projected": 20, "collected": 25, "mean_removed_ratio": 0.06237080805003643, "strict_current_topk": false, "project_active_experts": [0, 2, 3, 4, 6, 7, 8, 9, 10, 11, 14, 15, 19, 21, 22, 24]}
{"event": "split_lite_step", "task_id": 5, "batch": 5000, "projected": 20, "collected": 25, "mean_removed_ratio": 0.06464492678642272, "strict_current_topk": false, "project_active_experts": [0, 2, 3, 4, 6, 7, 8, 9, 10, 11, 14, 15, 19, 21, 22, 24]}
{"event": "split_lite_step", "task_id": 5, "batch": 5020, "projected": 20, "collected": 25, "mean_removed_ratio": 0.05603898884728551, "strict_current_topk": false, "project_active_experts": [0, 2, 3, 4, 6, 7, 8, 9, 10, 11, 14, 15, 19, 21, 22, 24]}
{"event": "split_lite_step", "task_id": 5, "batch": 5040, "projected": 20, "collected": 25, "mean_removed_ratio": 0.06387637052685022, "strict_current_topk": false, "project_active_experts": [0, 2, 3, 4, 6, 7, 8, 9, 10, 11, 14, 15, 19, 21, 22, 24]}
{"event": "split_lite_step", "task_id": 5, "batch": 5060, "projected": 20, "collected": 25, "mean_removed_ratio": 0.06303802402690054, "strict_current_topk": false, "project_active_experts": [0, 2, 3, 4, 6, 7, 8, 9, 10, 11, 14, 15, 19, 21, 22, 24]}
{"event": "split_lite_task_finish", "task_id": 5, "rank": 8, "alpha": 0.2, "interval": 20, "buffer_size": 24, "expert_threshold": 0.03, "active_topk": 16, "strict_current_topk": false, "active_experts": [0, 2, 3, 4, 6, 7, 8, 9, 10, 11, 14, 15, 19, 20, 21, 24], "usage": {"vector": [0.1104804053902626, 0.0, 0.09696411341428757, 0.07331369072198868, 0.04808459430932999, 0.0, 0.0735049769282341, 0.025902310386300087, 0.0487615242600441, 0.06597300618886948, 0.04421800374984741, 0.03343427553772926, 0.017033865675330162, 0.01767105422914028, 0.03913665562868118, 0.10917002707719803, 0.012659265659749508, 0.011327758431434631, 0.006200456991791725, 0.05007688328623772, 0.02482418529689312, 0.04313739389181137, 0.02391374111175537, 0.0, 0.024211838841438293], "top3": [0, 15, 2], "top5": [0, 15, 2, 6, 3], "top3_mass": 0.3166145384311676, "top5_mass": 0.46343323588371277, "entropy": 2.8753559589385986, "max_entropy": 3.2188758248682006}, "basis_sizes": {"e_pv": {"0": 8, "2": 8, "3": 8, "4": 8, "6": 8, "7": 8, "8": 8, "9": 8, "10": 8, "11": 8, "14": 8, "15": 8, "19": 8, "20": 8, "21": 8, "24": 8}}, "stats": {"project_calls": 254, "projected_vectors": 3549, "collected_vectors": 6350, "skipped_steps": 4816}, "diagnostics": {"expert_usage_mode": "old_union", "previous_selected_jaccard": 0.8823529411764706, "cp_overlap": null}}
{"event": "split_lite_step", "task_id": 6, "batch": 5080, "projected": 20, "collected": 25, "mean_removed_ratio": 0.07289703749120235, "strict_current_topk": false, "project_active_experts": [0, 2, 3, 4, 6, 7, 8, 9, 10, 11, 14, 15, 19, 20, 21, 24]}
{"event": "split_lite_step", "task_id": 6, "batch": 5100, "projected": 20, "collected": 25, "mean_removed_ratio": 0.04494661334902048, "strict_current_topk": false, "project_active_experts": [0, 2, 3, 4, 6, 7, 8, 9, 10, 11, 14, 15, 19, 20, 21, 24]}
{"event": "split_lite_step", "task_id": 6, "batch": 5120, "projected": 20, "collected": 25, "mean_removed_ratio": 0.06704537849873304, "strict_current_topk": false, "project_active_experts": [0, 2, 3, 4, 6, 7, 8, 9, 10, 11, 14, 15, 19, 20, 21, 24]}
{"event": "split_lite_step", "task_id": 6, "batch": 5140, "projected": 20, "collected": 25, "mean_removed_ratio": 0.06029823087155819, "strict_current_topk": false, "project_active_experts": [0, 2, 3, 4, 6, 7, 8, 9, 10, 11, 14, 15, 19, 20, 21, 24]}
{"event": "split_lite_step", "task_id": 6, "batch": 5160, "projected": 20, "collected": 25, "mean_removed_ratio": 0.0603526359423995, "strict_current_topk": false, "project_active_experts": [0, 2, 3, 4, 6, 7, 8, 9, 10, 11, 14, 15, 19, 20, 21, 24]}
{"event": "split_lite_step", "task_id": 6, "batch": 5180, "projected": 20, "collected": 25, "mean_removed_ratio": 0.05189122809097171, "strict_current_topk": false, "project_active_experts": [0, 2, 3, 4, 6, 7, 8, 9, 10, 11, 14, 15, 19, 20, 21, 24]}
{"event": "split_lite_step", "task_id": 6, "batch": 5200, "projected": 20, "collected": 25, "mean_removed_ratio": 0.04636518526822329, "strict_current_topk": false, "project_active_experts": [0, 2, 3, 4, 6, 7, 8, 9, 10, 11, 14, 15, 19, 20, 21, 24]}
{"event": "split_lite_step", "task_id": 6, "batch": 5220, "projected": 20, "collected": 25, "mean_removed_ratio": 0.05383023684844375, "strict_current_topk": false, "project_active_experts": [0, 2, 3, 4, 6, 7, 8, 9, 10, 11, 14, 15, 19, 20, 21, 24]}
{"event": "split_lite_step", "task_id": 6, "batch": 5240, "projected": 20, "collected": 25, "mean_removed_ratio": 0.053520907368510964, "strict_current_topk": false, "project_active_experts": [0, 2, 3, 4, 6, 7, 8, 9, 10, 11, 14, 15, 19, 20, 21, 24]}
{"event": "split_lite_step", "task_id": 6, "batch": 5260, "projected": 20, "collected": 25, "mean_removed_ratio": 0.06458061076700687, "strict_current_topk": false, "project_active_experts": [0, 2, 3, 4, 6, 7, 8, 9, 10, 11, 14, 15, 19, 20, 21, 24]}
{"event": "split_lite_step", "task_id": 6, "batch": 5280, "projected": 20, "collected": 25, "mean_removed_ratio": 0.05941897537559271, "strict_current_topk": false, "project_active_experts": [0, 2, 3, 4, 6, 7, 8, 9, 10, 11, 14, 15, 19, 20, 21, 24]}
{"event": "split_lite_step", "task_id": 6, "batch": 5300, "projected": 20, "collected": 25, "mean_removed_ratio": 0.05310813533142209, "strict_current_topk": false, "project_active_experts": [0, 2, 3, 4, 6, 7, 8, 9, 10, 11, 14, 15, 19, 20, 21, 24]}
{"event": "split_lite_step", "task_id": 6, "batch": 5320, "projected": 20, "collected": 25, "mean_removed_ratio": 0.06747622117400169, "strict_current_topk": false, "project_active_experts": [0, 2, 3, 4, 6, 7, 8, 9, 10, 11, 14, 15, 19, 20, 21, 24]}
{"event": "split_lite_step", "task_id": 6, "batch": 5340, "projected": 20, "collected": 25, "mean_removed_ratio": 0.06546073742210864, "strict_current_topk": false, "project_active_experts": [0, 2, 3, 4, 6, 7, 8, 9, 10, 11, 14, 15, 19, 20, 21, 24]}
{"event": "split_lite_step", "task_id": 6, "batch": 5360, "projected": 20, "collected": 25, "mean_removed_ratio": 0.058397235721349715, "strict_current_topk": false, "project_active_experts": [0, 2, 3, 4, 6, 7, 8, 9, 10, 11, 14, 15, 19, 20, 21, 24]}
{"event": "split_lite_step", "task_id": 6, "batch": 5380, "projected": 20, "collected": 25, "mean_removed_ratio": 0.0578182402998209, "strict_current_topk": false, "project_active_experts": [0, 2, 3, 4, 6, 7, 8, 9, 10, 11, 14, 15, 19, 20, 21, 24]}
{"event": "split_lite_step", "task_id": 6, "batch": 5400, "projected": 20, "collected": 25, "mean_removed_ratio": 0.04807405825704336, "strict_current_topk": false, "project_active_experts": [0, 2, 3, 4, 6, 7, 8, 9, 10, 11, 14, 15, 19, 20, 21, 24]}
{"event": "split_lite_step", "task_id": 6, "batch": 5420, "projected": 20, "collected": 25, "mean_removed_ratio": 0.056216335576027635, "strict_current_topk": false, "project_active_experts": [0, 2, 3, 4, 6, 7, 8, 9, 10, 11, 14, 15, 19, 20, 21, 24]}
{"event": "split_lite_step", "task_id": 6, "batch": 5440, "projected": 20, "collected": 25, "mean_removed_ratio": 0.053635612782090905, "strict_current_topk": false, "project_active_experts": [0, 2, 3, 4, 6, 7, 8, 9, 10, 11, 14, 15, 19, 20, 21, 24]}
{"event": "split_lite_step", "task_id": 6, "batch": 5460, "projected": 20, "collected": 25, "mean_removed_ratio": 0.05952741475775838, "strict_current_topk": false, "project_active_experts": [0, 2, 3, 4, 6, 7, 8, 9, 10, 11, 14, 15, 19, 20, 21, 24]}
{"event": "split_lite_step", "task_id": 6, "batch": 5480, "projected": 20, "collected": 25, "mean_removed_ratio": 0.04519561799243092, "strict_current_topk": false, "project_active_experts": [0, 2, 3, 4, 6, 7, 8, 9, 10, 11, 14, 15, 19, 20, 21, 24]}
{"event": "split_lite_step", "task_id": 6, "batch": 5500, "projected": 20, "collected": 25, "mean_removed_ratio": 0.05253501329571009, "strict_current_topk": false, "project_active_experts": [0, 2, 3, 4, 6, 7, 8, 9, 10, 11, 14, 15, 19, 20, 21, 24]}
{"event": "split_lite_step", "task_id": 6, "batch": 5520, "projected": 20, "collected": 25, "mean_removed_ratio": 0.043947240058332684, "strict_current_topk": false, "project_active_experts": [0, 2, 3, 4, 6, 7, 8, 9, 10, 11, 14, 15, 19, 20, 21, 24]}
{"event": "split_lite_step", "task_id": 6, "batch": 5540, "projected": 20, "collected": 25, "mean_removed_ratio": 0.05580550702288747, "strict_current_topk": false, "project_active_experts": [0, 2, 3, 4, 6, 7, 8, 9, 10, 11, 14, 15, 19, 20, 21, 24]}
{"event": "split_lite_step", "task_id": 6, "batch": 5560, "projected": 20, "collected": 25, "mean_removed_ratio": 0.053037825133651496, "strict_current_topk": false, "project_active_experts": [0, 2, 3, 4, 6, 7, 8, 9, 10, 11, 14, 15, 19, 20, 21, 24]}
{"event": "split_lite_step", "task_id": 6, "batch": 5580, "projected": 20, "collected": 25, "mean_removed_ratio": 0.050300516188144684, "strict_current_topk": false, "project_active_experts": [0, 2, 3, 4, 6, 7, 8, 9, 10, 11, 14, 15, 19, 20, 21, 24]}
{"event": "split_lite_step", "task_id": 6, "batch": 5600, "projected": 20, "collected": 25, "mean_removed_ratio": 0.0704660015180707, "strict_current_topk": false, "project_active_experts": [0, 2, 3, 4, 6, 7, 8, 9, 10, 11, 14, 15, 19, 20, 21, 24]}
{"event": "split_lite_step", "task_id": 6, "batch": 5620, "projected": 20, "collected": 25, "mean_removed_ratio": 0.06398639734834433, "strict_current_topk": false, "project_active_experts": [0, 2, 3, 4, 6, 7, 8, 9, 10, 11, 14, 15, 19, 20, 21, 24]}
{"event": "split_lite_step", "task_id": 6, "batch": 5640, "projected": 20, "collected": 25, "mean_removed_ratio": 0.04891253961250186, "strict_current_topk": false, "project_active_experts": [0, 2, 3, 4, 6, 7, 8, 9, 10, 11, 14, 15, 19, 20, 21, 24]}
{"event": "split_lite_step", "task_id": 6, "batch": 5660, "projected": 20, "collected": 25, "mean_removed_ratio": 0.047908530570566654, "strict_current_topk": false, "project_active_experts": [0, 2, 3, 4, 6, 7, 8, 9, 10, 11, 14, 15, 19, 20, 21, 24]}
{"event": "split_lite_step", "task_id": 6, "batch": 5680, "projected": 20, "collected": 25, "mean_removed_ratio": 0.06084039881825447, "strict_current_topk": false, "project_active_experts": [0, 2, 3, 4, 6, 7, 8, 9, 10, 11, 14, 15, 19, 20, 21, 24]}
{"event": "split_lite_step", "task_id": 6, "batch": 5700, "projected": 20, "collected": 25, "mean_removed_ratio": 0.04969820501282811, "strict_current_topk": false, "project_active_experts": [0, 2, 3, 4, 6, 7, 8, 9, 10, 11, 14, 15, 19, 20, 21, 24]}
{"event": "split_lite_step", "task_id": 6, "batch": 5720, "projected": 20, "collected": 25, "mean_removed_ratio": 0.05996642019599676, "strict_current_topk": false, "project_active_experts": [0, 2, 3, 4, 6, 7, 8, 9, 10, 11, 14, 15, 19, 20, 21, 24]}
{"event": "split_lite_step", "task_id": 6, "batch": 5740, "projected": 20, "collected": 25, "mean_removed_ratio": 0.056319015473127364, "strict_current_topk": false, "project_active_experts": [0, 2, 3, 4, 6, 7, 8, 9, 10, 11, 14, 15, 19, 20, 21, 24]}
{"event": "split_lite_step", "task_id": 6, "batch": 5760, "projected": 20, "collected": 25, "mean_removed_ratio": 0.04496762380003929, "strict_current_topk": false, "project_active_experts": [0, 2, 3, 4, 6, 7, 8, 9, 10, 11, 14, 15, 19, 20, 21, 24]}
{"event": "split_lite_step", "task_id": 6, "batch": 5780, "projected": 20, "collected": 25, "mean_removed_ratio": 0.052216934598982336, "strict_current_topk": false, "project_active_experts": [0, 2, 3, 4, 6, 7, 8, 9, 10, 11, 14, 15, 19, 20, 21, 24]}
{"event": "split_lite_step", "task_id": 6, "batch": 5800, "projected": 20, "collected": 25, "mean_removed_ratio": 0.053341662883758544, "strict_current_topk": false, "project_active_experts": [0, 2, 3, 4, 6, 7, 8, 9, 10, 11, 14, 15, 19, 20, 21, 24]}
{"event": "split_lite_step", "task_id": 6, "batch": 5820, "projected": 20, "collected": 25, "mean_removed_ratio": 0.06347706373780966, "strict_current_topk": false, "project_active_experts": [0, 2, 3, 4, 6, 7, 8, 9, 10, 11, 14, 15, 19, 20, 21, 24]}
{"event": "split_lite_step", "task_id": 6, "batch": 5840, "projected": 20, "collected": 25, "mean_removed_ratio": 0.05073539959266782, "strict_current_topk": false, "project_active_experts": [0, 2, 3, 4, 6, 7, 8, 9, 10, 11, 14, 15, 19, 20, 21, 24]}
{"event": "split_lite_task_finish", "task_id": 6, "rank": 8, "alpha": 0.2, "interval": 20, "buffer_size": 24, "expert_threshold": 0.03, "active_topk": 16, "strict_current_topk": false, "active_experts": [0, 2, 3, 4, 6, 7, 8, 9, 10, 11, 12, 14, 15, 19, 20, 21], "usage": {"vector": [0.11019274592399597, 0.0, 0.10254871845245361, 0.07111702114343643, 0.046806685626506805, 0.0, 0.07324908673763275, 0.0280242171138525, 0.050749558955430984, 0.06677233427762985, 0.043241240084171295, 0.0338309220969677, 0.02492631785571575, 0.015083438716828823, 0.038698289543390274, 0.10659443587064743, 0.010805538855493069, 0.009669007733464241, 0.005292509216815233, 0.052731070667505264, 0.02648162841796875, 0.04210682958364487, 0.020411992445588112, 0.0, 0.020666440948843956], "top3": [0, 15, 2], "top5": [0, 15, 2, 6, 3], "top3_mass": 0.3193359076976776, "top5_mass": 0.4637020230293274, "entropy": 2.8674941062927246, "max_entropy": 3.2188758248682006}, "basis_sizes": {"e_pv": {"0": 8, "2": 8, "3": 8, "4": 8, "6": 8, "7": 8, "8": 8, "9": 8, "10": 8, "11": 8, "12": 8, "14": 8, "15": 8, "19": 8, "20": 8, "21": 8}}, "stats": {"project_calls": 293, "projected_vectors": 4329, "collected_vectors": 7325, "skipped_steps": 5557}, "diagnostics": {"expert_usage_mode": "old_union", "previous_selected_jaccard": 0.8823529411764706, "cp_overlap": null}}
{"event": "split_lite_step", "task_id": 7, "batch": 5860, "projected": 21, "collected": 25, "mean_removed_ratio": 0.05616164571117787, "strict_current_topk": false, "project_active_experts": [0, 2, 3, 4, 6, 7, 8, 9, 10, 11, 12, 14, 15, 19, 20, 21]}
{"event": "split_lite_step", "task_id": 7, "batch": 5880, "projected": 21, "collected": 25, "mean_removed_ratio": 0.05168050288089684, "strict_current_topk": false, "project_active_experts": [0, 2, 3, 4, 6, 7, 8, 9, 10, 11, 12, 14, 15, 19, 20, 21]}
{"event": "split_lite_step", "task_id": 7, "batch": 5900, "projected": 21, "collected": 25, "mean_removed_ratio": 0.05386318851794515, "strict_current_topk": false, "project_active_experts": [0, 2, 3, 4, 6, 7, 8, 9, 10, 11, 12, 14, 15, 19, 20, 21]}
{"event": "split_lite_step", "task_id": 7, "batch": 5920, "projected": 21, "collected": 25, "mean_removed_ratio": 0.0666814519181138, "strict_current_topk": false, "project_active_experts": [0, 2, 3, 4, 6, 7, 8, 9, 10, 11, 12, 14, 15, 19, 20, 21]}
{"event": "split_lite_step", "task_id": 7, "batch": 5940, "projected": 21, "collected": 25, "mean_removed_ratio": 0.06705895057391553, "strict_current_topk": false, "project_active_experts": [0, 2, 3, 4, 6, 7, 8, 9, 10, 11, 12, 14, 15, 19, 20, 21]}
{"event": "split_lite_step", "task_id": 7, "batch": 5960, "projected": 21, "collected": 25, "mean_removed_ratio": 0.05847854930020514, "strict_current_topk": false, "project_active_experts": [0, 2, 3, 4, 6, 7, 8, 9, 10, 11, 12, 14, 15, 19, 20, 21]}
{"event": "split_lite_step", "task_id": 7, "batch": 5980, "projected": 21, "collected": 25, "mean_removed_ratio": 0.07255991441862923, "strict_current_topk": false, "project_active_experts": [0, 2, 3, 4, 6, 7, 8, 9, 10, 11, 12, 14, 15, 19, 20, 21]}
{"event": "split_lite_step", "task_id": 7, "batch": 6000, "projected": 21, "collected": 25, "mean_removed_ratio": 0.058116860332943145, "strict_current_topk": false, "project_active_experts": [0, 2, 3, 4, 6, 7, 8, 9, 10, 11, 12, 14, 15, 19, 20, 21]}
{"event": "split_lite_step", "task_id": 7, "batch": 6020, "projected": 21, "collected": 25, "mean_removed_ratio": 0.05935754697947275, "strict_current_topk": false, "project_active_experts": [0, 2, 3, 4, 6, 7, 8, 9, 10, 11, 12, 14, 15, 19, 20, 21]}
{"event": "split_lite_step", "task_id": 7, "batch": 6040, "projected": 21, "collected": 25, "mean_removed_ratio": 0.05117958269658543, "strict_current_topk": false, "project_active_experts": [0, 2, 3, 4, 6, 7, 8, 9, 10, 11, 12, 14, 15, 19, 20, 21]}
{"event": "split_lite_step", "task_id": 7, "batch": 6060, "projected": 21, "collected": 25, "mean_removed_ratio": 0.06037143555780252, "strict_current_topk": false, "project_active_experts": [0, 2, 3, 4, 6, 7, 8, 9, 10, 11, 12, 14, 15, 19, 20, 21]}
{"event": "split_lite_step", "task_id": 7, "batch": 6080, "projected": 21, "collected": 25, "mean_removed_ratio": 0.06024184317461082, "strict_current_topk": false, "project_active_experts": [0, 2, 3, 4, 6, 7, 8, 9, 10, 11, 12, 14, 15, 19, 20, 21]}
{"event": "split_lite_step", "task_id": 7, "batch": 6100, "projected": 21, "collected": 25, "mean_removed_ratio": 0.05211682138698442, "strict_current_topk": false, "project_active_experts": [0, 2, 3, 4, 6, 7, 8, 9, 10, 11, 12, 14, 15, 19, 20, 21]}
{"event": "split_lite_step", "task_id": 7, "batch": 6120, "projected": 21, "collected": 25, "mean_removed_ratio": 0.06215761885756538, "strict_current_topk": false, "project_active_experts": [0, 2, 3, 4, 6, 7, 8, 9, 10, 11, 12, 14, 15, 19, 20, 21]}
{"event": "split_lite_step", "task_id": 7, "batch": 6140, "projected": 21, "collected": 25, "mean_removed_ratio": 0.0518251114657947, "strict_current_topk": false, "project_active_experts": [0, 2, 3, 4, 6, 7, 8, 9, 10, 11, 12, 14, 15, 19, 20, 21]}
{"event": "split_lite_step", "task_id": 7, "batch": 6160, "projected": 21, "collected": 25, "mean_removed_ratio": 0.05776879874368509, "strict_current_topk": false, "project_active_experts": [0, 2, 3, 4, 6, 7, 8, 9, 10, 11, 12, 14, 15, 19, 20, 21]}
{"event": "split_lite_step", "task_id": 7, "batch": 6180, "projected": 21, "collected": 25, "mean_removed_ratio": 0.05970019634280886, "strict_current_topk": false, "project_active_experts": [0, 2, 3, 4, 6, 7, 8, 9, 10, 11, 12, 14, 15, 19, 20, 21]}
{"event": "split_lite_step", "task_id": 7, "batch": 6200, "projected": 21, "collected": 25, "mean_removed_ratio": 0.05381417717962038, "strict_current_topk": false, "project_active_experts": [0, 2, 3, 4, 6, 7, 8, 9, 10, 11, 12, 14, 15, 19, 20, 21]}
{"event": "split_lite_step", "task_id": 7, "batch": 6220, "projected": 21, "collected": 25, "mean_removed_ratio": 0.05211108594778038, "strict_current_topk": false, "project_active_experts": [0, 2, 3, 4, 6, 7, 8, 9, 10, 11, 12, 14, 15, 19, 20, 21]}
{"event": "split_lite_step", "task_id": 7, "batch": 6240, "projected": 21, "collected": 25, "mean_removed_ratio": 0.05353368623625664, "strict_current_topk": false, "project_active_experts": [0, 2, 3, 4, 6, 7, 8, 9, 10, 11, 12, 14, 15, 19, 20, 21]}
{"event": "split_lite_step", "task_id": 7, "batch": 6260, "projected": 21, "collected": 25, "mean_removed_ratio": 0.05717832533021768, "strict_current_topk": false, "project_active_experts": [0, 2, 3, 4, 6, 7, 8, 9, 10, 11, 12, 14, 15, 19, 20, 21]}
{"event": "split_lite_step", "task_id": 7, "batch": 6280, "projected": 21, "collected": 25, "mean_removed_ratio": 0.05885882285379228, "strict_current_topk": false, "project_active_experts": [0, 2, 3, 4, 6, 7, 8, 9, 10, 11, 12, 14, 15, 19, 20, 21]}
{"event": "split_lite_step", "task_id": 7, "batch": 6300, "projected": 21, "collected": 25, "mean_removed_ratio": 0.06537889706946555, "strict_current_topk": false, "project_active_experts": [0, 2, 3, 4, 6, 7, 8, 9, 10, 11, 12, 14, 15, 19, 20, 21]}
{"event": "split_lite_step", "task_id": 7, "batch": 6320, "projected": 21, "collected": 25, "mean_removed_ratio": 0.06051649472543171, "strict_current_topk": false, "project_active_experts": [0, 2, 3, 4, 6, 7, 8, 9, 10, 11, 12, 14, 15, 19, 20, 21]}
{"event": "split_lite_step", "task_id": 7, "batch": 6340, "projected": 21, "collected": 25, "mean_removed_ratio": 0.060923656360024496, "strict_current_topk": false, "project_active_experts": [0, 2, 3, 4, 6, 7, 8, 9, 10, 11, 12, 14, 15, 19, 20, 21]}
{"event": "split_lite_step", "task_id": 7, "batch": 6360, "projected": 21, "collected": 25, "mean_removed_ratio": 0.056830256999958126, "strict_current_topk": false, "project_active_experts": [0, 2, 3, 4, 6, 7, 8, 9, 10, 11, 12, 14, 15, 19, 20, 21]}
{"event": "split_lite_step", "task_id": 7, "batch": 6380, "projected": 21, "collected": 25, "mean_removed_ratio": 0.052286156586238315, "strict_current_topk": false, "project_active_experts": [0, 2, 3, 4, 6, 7, 8, 9, 10, 11, 12, 14, 15, 19, 20, 21]}
{"event": "split_lite_step", "task_id": 7, "batch": 6400, "projected": 21, "collected": 25, "mean_removed_ratio": 0.05295122184214138, "strict_current_topk": false, "project_active_experts": [0, 2, 3, 4, 6, 7, 8, 9, 10, 11, 12, 14, 15, 19, 20, 21]}
{"event": "split_lite_step", "task_id": 7, "batch": 6420, "projected": 21, "collected": 25, "mean_removed_ratio": 0.06059419913660912, "strict_current_topk": false, "project_active_experts": [0, 2, 3, 4, 6, 7, 8, 9, 10, 11, 12, 14, 15, 19, 20, 21]}
{"event": "split_lite_step", "task_id": 7, "batch": 6440, "projected": 21, "collected": 25, "mean_removed_ratio": 0.04818086516821668, "strict_current_topk": false, "project_active_experts": [0, 2, 3, 4, 6, 7, 8, 9, 10, 11, 12, 14, 15, 19, 20, 21]}
{"event": "split_lite_step", "task_id": 7, "batch": 6460, "projected": 21, "collected": 25, "mean_removed_ratio": 0.064623316661233, "strict_current_topk": false, "project_active_experts": [0, 2, 3, 4, 6, 7, 8, 9, 10, 11, 12, 14, 15, 19, 20, 21]}
{"event": "split_lite_step", "task_id": 7, "batch": 6480, "projected": 21, "collected": 25, "mean_removed_ratio": 0.0684783494188672, "strict_current_topk": false, "project_active_experts": [0, 2, 3, 4, 6, 7, 8, 9, 10, 11, 12, 14, 15, 19, 20, 21]}
{"event": "split_lite_step", "task_id": 7, "batch": 6500, "projected": 21, "collected": 25, "mean_removed_ratio": 0.06692489041458993, "strict_current_topk": false, "project_active_experts": [0, 2, 3, 4, 6, 7, 8, 9, 10, 11, 12, 14, 15, 19, 20, 21]}
{"event": "split_lite_step", "task_id": 7, "batch": 6520, "projected": 21, "collected": 25, "mean_removed_ratio": 0.06939558542910076, "strict_current_topk": false, "project_active_experts": [0, 2, 3, 4, 6, 7, 8, 9, 10, 11, 12, 14, 15, 19, 20, 21]}
{"event": "split_lite_step", "task_id": 7, "batch": 6540, "projected": 21, "collected": 25, "mean_removed_ratio": 0.05507954955101013, "strict_current_topk": false, "project_active_experts": [0, 2, 3, 4, 6, 7, 8, 9, 10, 11, 12, 14, 15, 19, 20, 21]}
{"event": "split_lite_step", "task_id": 7, "batch": 6560, "projected": 21, "collected": 25, "mean_removed_ratio": 0.053948541482289634, "strict_current_topk": false, "project_active_experts": [0, 2, 3, 4, 6, 7, 8, 9, 10, 11, 12, 14, 15, 19, 20, 21]}
{"event": "split_lite_step", "task_id": 7, "batch": 6580, "projected": 21, "collected": 25, "mean_removed_ratio": 0.049981468135402315, "strict_current_topk": false, "project_active_experts": [0, 2, 3, 4, 6, 7, 8, 9, 10, 11, 12, 14, 15, 19, 20, 21]}
{"event": "split_lite_step", "task_id": 7, "batch": 6600, "projected": 21, "collected": 25, "mean_removed_ratio": 0.05657812074891159, "strict_current_topk": false, "project_active_experts": [0, 2, 3, 4, 6, 7, 8, 9, 10, 11, 12, 14, 15, 19, 20, 21]}
{"event": "split_lite_step", "task_id": 7, "batch": 6620, "projected": 21, "collected": 25, "mean_removed_ratio": 0.07600426620670728, "strict_current_topk": false, "project_active_experts": [0, 2, 3, 4, 6, 7, 8, 9, 10, 11, 12, 14, 15, 19, 20, 21]}
{"event": "split_lite_task_finish", "task_id": 7, "rank": 8, "alpha": 0.2, "interval": 20, "buffer_size": 24, "expert_threshold": 0.03, "active_topk": 16, "strict_current_topk": false, "active_experts": [0, 2, 3, 4, 6, 7, 8, 9, 10, 11, 12, 14, 15, 19, 20, 21], "usage": {"vector": [0.10963238775730133, 0.0, 0.10633083432912827, 0.07029962539672852, 0.04967625066637993, 0.0, 0.07283409684896469, 0.024370230734348297, 0.048780106008052826, 0.06726083904504776, 0.042212966829538345, 0.0340222530066967, 0.03016015514731407, 0.017719196155667305, 0.038268812000751495, 0.10582837462425232, 0.009396640583872795, 0.00840829685330391, 0.004602436441928148, 0.05562383309006691, 0.027631212025880814, 0.04121909290552139, 0.017750540748238564, 0.0, 0.017971811816096306], "top3": [0, 2, 15], "top5": [0, 2, 15, 6, 3], "top3_mass": 0.3217915892601013, "top5_mass": 0.4649253189563751, "entropy": 2.858795642852783, "max_entropy": 3.2188758248682006}, "basis_sizes": {"e_pv": {"0": 8, "2": 8, "3": 8, "4": 8, "6": 8, "7": 8, "8": 8, "9": 8, "10": 8, "11": 8, "12": 8, "14": 8, "15": 8, "19": 8, "20": 8, "21": 8}}, "stats": {"project_calls": 332, "projected_vectors": 5148, "collected_vectors": 8300, "skipped_steps": 6298}, "diagnostics": {"expert_usage_mode": "old_union", "previous_selected_jaccard": 1.0, "cp_overlap": null}}
{"event": "split_lite_step", "task_id": 8, "batch": 6640, "projected": 21, "collected": 25, "mean_removed_ratio": 0.0792323136258693, "strict_current_topk": false, "project_active_experts": [0, 2, 3, 4, 6, 7, 8, 9, 10, 11, 12, 14, 15, 19, 20, 21]}
{"event": "split_lite_step", "task_id": 8, "batch": 6660, "projected": 21, "collected": 25, "mean_removed_ratio": 0.06898771935985201, "strict_current_topk": false, "project_active_experts": [0, 2, 3, 4, 6, 7, 8, 9, 10, 11, 12, 14, 15, 19, 20, 21]}
{"event": "split_lite_step", "task_id": 8, "batch": 6680, "projected": 21, "collected": 25, "mean_removed_ratio": 0.05549336650541851, "strict_current_topk": false, "project_active_experts": [0, 2, 3, 4, 6, 7, 8, 9, 10, 11, 12, 14, 15, 19, 20, 21]}
{"event": "split_lite_step", "task_id": 8, "batch": 6700, "projected": 21, "collected": 25, "mean_removed_ratio": 0.06533493580562728, "strict_current_topk": false, "project_active_experts": [0, 2, 3, 4, 6, 7, 8, 9, 10, 11, 12, 14, 15, 19, 20, 21]}
{"event": "split_lite_step", "task_id": 8, "batch": 6720, "projected": 21, "collected": 25, "mean_removed_ratio": 0.0712318200440634, "strict_current_topk": false, "project_active_experts": [0, 2, 3, 4, 6, 7, 8, 9, 10, 11, 12, 14, 15, 19, 20, 21]}
{"event": "split_lite_step", "task_id": 8, "batch": 6740, "projected": 21, "collected": 25, "mean_removed_ratio": 0.06135631405881473, "strict_current_topk": false, "project_active_experts": [0, 2, 3, 4, 6, 7, 8, 9, 10, 11, 12, 14, 15, 19, 20, 21]}
{"event": "split_lite_step", "task_id": 8, "batch": 6760, "projected": 21, "collected": 25, "mean_removed_ratio": 0.0668366833456925, "strict_current_topk": false, "project_active_experts": [0, 2, 3, 4, 6, 7, 8, 9, 10, 11, 12, 14, 15, 19, 20, 21]}
{"event": "split_lite_step", "task_id": 8, "batch": 6780, "projected": 21, "collected": 25, "mean_removed_ratio": 0.05829523769872529, "strict_current_topk": false, "project_active_experts": [0, 2, 3, 4, 6, 7, 8, 9, 10, 11, 12, 14, 15, 19, 20, 21]}
{"event": "split_lite_step", "task_id": 8, "batch": 6800, "projected": 21, "collected": 25, "mean_removed_ratio": 0.06761387132463001, "strict_current_topk": false, "project_active_experts": [0, 2, 3, 4, 6, 7, 8, 9, 10, 11, 12, 14, 15, 19, 20, 21]}
{"event": "split_lite_step", "task_id": 8, "batch": 6820, "projected": 21, "collected": 25, "mean_removed_ratio": 0.05723830241532553, "strict_current_topk": false, "project_active_experts": [0, 2, 3, 4, 6, 7, 8, 9, 10, 11, 12, 14, 15, 19, 20, 21]}
{"event": "split_lite_step", "task_id": 8, "batch": 6840, "projected": 21, "collected": 25, "mean_removed_ratio": 0.06335816576722123, "strict_current_topk": false, "project_active_experts": [0, 2, 3, 4, 6, 7, 8, 9, 10, 11, 12, 14, 15, 19, 20, 21]}
{"event": "split_lite_step", "task_id": 8, "batch": 6860, "projected": 21, "collected": 25, "mean_removed_ratio": 0.04817254796978973, "strict_current_topk": false, "project_active_experts": [0, 2, 3, 4, 6, 7, 8, 9, 10, 11, 12, 14, 15, 19, 20, 21]}
{"event": "split_lite_step", "task_id": 8, "batch": 6880, "projected": 21, "collected": 25, "mean_removed_ratio": 0.04750048697349571, "strict_current_topk": false, "project_active_experts": [0, 2, 3, 4, 6, 7, 8, 9, 10, 11, 12, 14, 15, 19, 20, 21]}
{"event": "split_lite_step", "task_id": 8, "batch": 6900, "projected": 21, "collected": 25, "mean_removed_ratio": 0.05989920968810717, "strict_current_topk": false, "project_active_experts": [0, 2, 3, 4, 6, 7, 8, 9, 10, 11, 12, 14, 15, 19, 20, 21]}
{"event": "split_lite_step", "task_id": 8, "batch": 6920, "projected": 21, "collected": 25, "mean_removed_ratio": 0.06639273775120576, "strict_current_topk": false, "project_active_experts": [0, 2, 3, 4, 6, 7, 8, 9, 10, 11, 12, 14, 15, 19, 20, 21]}
{"event": "split_lite_step", "task_id": 8, "batch": 6940, "projected": 21, "collected": 25, "mean_removed_ratio": 0.05855404904910496, "strict_current_topk": false, "project_active_experts": [0, 2, 3, 4, 6, 7, 8, 9, 10, 11, 12, 14, 15, 19, 20, 21]}
{"event": "split_lite_step", "task_id": 8, "batch": 6960, "projected": 21, "collected": 25, "mean_removed_ratio": 0.06144646422139236, "strict_current_topk": false, "project_active_experts": [0, 2, 3, 4, 6, 7, 8, 9, 10, 11, 12, 14, 15, 19, 20, 21]}
{"event": "split_lite_step", "task_id": 8, "batch": 6980, "projected": 21, "collected": 25, "mean_removed_ratio": 0.07760938523071152, "strict_current_topk": false, "project_active_experts": [0, 2, 3, 4, 6, 7, 8, 9, 10, 11, 12, 14, 15, 19, 20, 21]}
{"event": "split_lite_step", "task_id": 8, "batch": 7000, "projected": 21, "collected": 25, "mean_removed_ratio": 0.05870318022512254, "strict_current_topk": false, "project_active_experts": [0, 2, 3, 4, 6, 7, 8, 9, 10, 11, 12, 14, 15, 19, 20, 21]}
{"event": "split_lite_step", "task_id": 8, "batch": 7020, "projected": 21, "collected": 25, "mean_removed_ratio": 0.04926664701529911, "strict_current_topk": false, "project_active_experts": [0, 2, 3, 4, 6, 7, 8, 9, 10, 11, 12, 14, 15, 19, 20, 21]}
{"event": "split_lite_step", "task_id": 8, "batch": 7040, "projected": 21, "collected": 25, "mean_removed_ratio": 0.06648472705412478, "strict_current_topk": false, "project_active_experts": [0, 2, 3, 4, 6, 7, 8, 9, 10, 11, 12, 14, 15, 19, 20, 21]}
{"event": "split_lite_step", "task_id": 8, "batch": 7060, "projected": 21, "collected": 25, "mean_removed_ratio": 0.0733981134281272, "strict_current_topk": false, "project_active_experts": [0, 2, 3, 4, 6, 7, 8, 9, 10, 11, 12, 14, 15, 19, 20, 21]}
{"event": "split_lite_step", "task_id": 8, "batch": 7080, "projected": 21, "collected": 25, "mean_removed_ratio": 0.066733242500396, "strict_current_topk": false, "project_active_experts": [0, 2, 3, 4, 6, 7, 8, 9, 10, 11, 12, 14, 15, 19, 20, 21]}
{"event": "split_lite_step", "task_id": 8, "batch": 7100, "projected": 21, "collected": 25, "mean_removed_ratio": 0.06957876859676271, "strict_current_topk": false, "project_active_experts": [0, 2, 3, 4, 6, 7, 8, 9, 10, 11, 12, 14, 15, 19, 20, 21]}
{"event": "split_lite_step", "task_id": 8, "batch": 7120, "projected": 21, "collected": 25, "mean_removed_ratio": 0.057864511474257425, "strict_current_topk": false, "project_active_experts": [0, 2, 3, 4, 6, 7, 8, 9, 10, 11, 12, 14, 15, 19, 20, 21]}
{"event": "split_lite_step", "task_id": 8, "batch": 7140, "projected": 21, "collected": 25, "mean_removed_ratio": 0.0666837188459578, "strict_current_topk": false, "project_active_experts": [0, 2, 3, 4, 6, 7, 8, 9, 10, 11, 12, 14, 15, 19, 20, 21]}
{"event": "split_lite_step", "task_id": 8, "batch": 7160, "projected": 21, "collected": 25, "mean_removed_ratio": 0.050049924336019014, "strict_current_topk": false, "project_active_experts": [0, 2, 3, 4, 6, 7, 8, 9, 10, 11, 12, 14, 15, 19, 20, 21]}
{"event": "split_lite_step", "task_id": 8, "batch": 7180, "projected": 21, "collected": 25, "mean_removed_ratio": 0.06708294170952979, "strict_current_topk": false, "project_active_experts": [0, 2, 3, 4, 6, 7, 8, 9, 10, 11, 12, 14, 15, 19, 20, 21]}
{"event": "split_lite_step", "task_id": 8, "batch": 7200, "projected": 21, "collected": 25, "mean_removed_ratio": 0.06447763013697806, "strict_current_topk": false, "project_active_experts": [0, 2, 3, 4, 6, 7, 8, 9, 10, 11, 12, 14, 15, 19, 20, 21]}
{"event": "split_lite_step", "task_id": 8, "batch": 7220, "projected": 21, "collected": 25, "mean_removed_ratio": 0.05737212814745449, "strict_current_topk": false, "project_active_experts": [0, 2, 3, 4, 6, 7, 8, 9, 10, 11, 12, 14, 15, 19, 20, 21]}
{"event": "split_lite_step", "task_id": 8, "batch": 7240, "projected": 21, "collected": 25, "mean_removed_ratio": 0.07509675001104672, "strict_current_topk": false, "project_active_experts": [0, 2, 3, 4, 6, 7, 8, 9, 10, 11, 12, 14, 15, 19, 20, 21]}
{"event": "split_lite_step", "task_id": 8, "batch": 7260, "projected": 21, "collected": 25, "mean_removed_ratio": 0.05916013142892292, "strict_current_topk": false, "project_active_experts": [0, 2, 3, 4, 6, 7, 8, 9, 10, 11, 12, 14, 15, 19, 20, 21]}
{"event": "split_lite_step", "task_id": 8, "batch": 7280, "projected": 21, "collected": 25, "mean_removed_ratio": 0.06531317354667754, "strict_current_topk": false, "project_active_experts": [0, 2, 3, 4, 6, 7, 8, 9, 10, 11, 12, 14, 15, 19, 20, 21]}
{"event": "split_lite_step", "task_id": 8, "batch": 7300, "projected": 21, "collected": 25, "mean_removed_ratio": 0.05435944047002565, "strict_current_topk": false, "project_active_experts": [0, 2, 3, 4, 6, 7, 8, 9, 10, 11, 12, 14, 15, 19, 20, 21]}
{"event": "split_lite_step", "task_id": 8, "batch": 7320, "projected": 21, "collected": 25, "mean_removed_ratio": 0.04713082801373232, "strict_current_topk": false, "project_active_experts": [0, 2, 3, 4, 6, 7, 8, 9, 10, 11, 12, 14, 15, 19, 20, 21]}
{"event": "split_lite_step", "task_id": 8, "batch": 7340, "projected": 21, "collected": 25, "mean_removed_ratio": 0.05579014388578279, "strict_current_topk": false, "project_active_experts": [0, 2, 3, 4, 6, 7, 8, 9, 10, 11, 12, 14, 15, 19, 20, 21]}
{"event": "split_lite_step", "task_id": 8, "batch": 7360, "projected": 21, "collected": 25, "mean_removed_ratio": 0.061815098637626284, "strict_current_topk": false, "project_active_experts": [0, 2, 3, 4, 6, 7, 8, 9, 10, 11, 12, 14, 15, 19, 20, 21]}
{"event": "split_lite_step", "task_id": 8, "batch": 7380, "projected": 21, "collected": 25, "mean_removed_ratio": 0.06712654126541955, "strict_current_topk": false, "project_active_experts": [0, 2, 3, 4, 6, 7, 8, 9, 10, 11, 12, 14, 15, 19, 20, 21]}
{"event": "split_lite_step", "task_id": 8, "batch": 7400, "projected": 21, "collected": 25, "mean_removed_ratio": 0.05610527488447371, "strict_current_topk": false, "project_active_experts": [0, 2, 3, 4, 6, 7, 8, 9, 10, 11, 12, 14, 15, 19, 20, 21]}
{"event": "split_lite_task_finish", "task_id": 8, "rank": 8, "alpha": 0.2, "interval": 20, "buffer_size": 24, "expert_threshold": 0.03, "active_topk": 16, "strict_current_topk": false, "active_experts": [0, 2, 3, 4, 6, 7, 8, 9, 10, 11, 12, 14, 15, 19, 20, 21], "usage": {"vector": [0.10989198088645935, 0.0, 0.1110500916838646, 0.07021158933639526, 0.05117698758840561, 0.0, 0.07302603125572205, 0.025792868807911873, 0.04753274843096733, 0.06769344955682755, 0.04351094365119934, 0.0343855656683445, 0.030988376587629318, 0.019871793687343597, 0.03816605731844902, 0.10334547609090805, 0.008365343324840069, 0.007485472597181797, 0.004097311291843653, 0.05621490627527237, 0.024598639458417892, 0.04079253971576691, 0.01580238901078701, 0.0, 0.01599937491118908], "top3": [2, 0, 15], "top5": [2, 0, 15, 6, 3], "top3_mass": 0.3242875635623932, "top5_mass": 0.4675251841545105, "entropy": 2.8492391109466553, "max_entropy": 3.2188758248682006}, "basis_sizes": {"e_pv": {"0": 8, "2": 8, "3": 8, "4": 8, "6": 8, "7": 8, "8": 8, "9": 8, "10": 8, "11": 8, "12": 8, "14": 8, "15": 8, "19": 8, "20": 8, "21": 8}}, "stats": {"project_calls": 371, "projected_vectors": 5967, "collected_vectors": 9275, "skipped_steps": 7039}, "diagnostics": {"expert_usage_mode": "old_union", "previous_selected_jaccard": 1.0, "cp_overlap": null}}
{"event": "split_lite_step", "task_id": 9, "batch": 7420, "projected": 21, "collected": 25, "mean_removed_ratio": 0.05867822823070344, "strict_current_topk": false, "project_active_experts": [0, 2, 3, 4, 6, 7, 8, 9, 10, 11, 12, 14, 15, 19, 20, 21]}
{"event": "split_lite_step", "task_id": 9, "batch": 7440, "projected": 21, "collected": 25, "mean_removed_ratio": 0.06656213867522422, "strict_current_topk": false, "project_active_experts": [0, 2, 3, 4, 6, 7, 8, 9, 10, 11, 12, 14, 15, 19, 20, 21]}
{"event": "split_lite_step", "task_id": 9, "batch": 7460, "projected": 21, "collected": 25, "mean_removed_ratio": 0.055304900964810735, "strict_current_topk": false, "project_active_experts": [0, 2, 3, 4, 6, 7, 8, 9, 10, 11, 12, 14, 15, 19, 20, 21]}
{"event": "split_lite_step", "task_id": 9, "batch": 7480, "projected": 21, "collected": 25, "mean_removed_ratio": 0.060863959115175975, "strict_current_topk": false, "project_active_experts": [0, 2, 3, 4, 6, 7, 8, 9, 10, 11, 12, 14, 15, 19, 20, 21]}
{"event": "split_lite_step", "task_id": 9, "batch": 7500, "projected": 21, "collected": 25, "mean_removed_ratio": 0.07105842223834424, "strict_current_topk": false, "project_active_experts": [0, 2, 3, 4, 6, 7, 8, 9, 10, 11, 12, 14, 15, 19, 20, 21]}
{"event": "split_lite_step", "task_id": 9, "batch": 7520, "projected": 21, "collected": 25, "mean_removed_ratio": 0.05785983428359032, "strict_current_topk": false, "project_active_experts": [0, 2, 3, 4, 6, 7, 8, 9, 10, 11, 12, 14, 15, 19, 20, 21]}
{"event": "split_lite_step", "task_id": 9, "batch": 7540, "projected": 21, "collected": 25, "mean_removed_ratio": 0.05749549787668955, "strict_current_topk": false, "project_active_experts": [0, 2, 3, 4, 6, 7, 8, 9, 10, 11, 12, 14, 15, 19, 20, 21]}
{"event": "split_lite_step", "task_id": 9, "batch": 7560, "projected": 21, "collected": 25, "mean_removed_ratio": 0.05247064573424203, "strict_current_topk": false, "project_active_experts": [0, 2, 3, 4, 6, 7, 8, 9, 10, 11, 12, 14, 15, 19, 20, 21]}
{"event": "split_lite_step", "task_id": 9, "batch": 7580, "projected": 21, "collected": 25, "mean_removed_ratio": 0.05497038461977527, "strict_current_topk": false, "project_active_experts": [0, 2, 3, 4, 6, 7, 8, 9, 10, 11, 12, 14, 15, 19, 20, 21]}
{"event": "split_lite_step", "task_id": 9, "batch": 7600, "projected": 21, "collected": 25, "mean_removed_ratio": 0.059163937611239295, "strict_current_topk": false, "project_active_experts": [0, 2, 3, 4, 6, 7, 8, 9, 10, 11, 12, 14, 15, 19, 20, 21]}
{"event": "split_lite_step", "task_id": 9, "batch": 7620, "projected": 21, "collected": 25, "mean_removed_ratio": 0.05238787164645536, "strict_current_topk": false, "project_active_experts": [0, 2, 3, 4, 6, 7, 8, 9, 10, 11, 12, 14, 15, 19, 20, 21]}
{"event": "split_lite_step", "task_id": 9, "batch": 7640, "projected": 21, "collected": 25, "mean_removed_ratio": 0.08793544804766065, "strict_current_topk": false, "project_active_experts": [0, 2, 3, 4, 6, 7, 8, 9, 10, 11, 12, 14, 15, 19, 20, 21]}
{"event": "split_lite_step", "task_id": 9, "batch": 7660, "projected": 21, "collected": 25, "mean_removed_ratio": 0.058330945315815154, "strict_current_topk": false, "project_active_experts": [0, 2, 3, 4, 6, 7, 8, 9, 10, 11, 12, 14, 15, 19, 20, 21]}
{"event": "split_lite_step", "task_id": 9, "batch": 7680, "projected": 21, "collected": 25, "mean_removed_ratio": 0.06225421554630711, "strict_current_topk": false, "project_active_experts": [0, 2, 3, 4, 6, 7, 8, 9, 10, 11, 12, 14, 15, 19, 20, 21]}
{"event": "split_lite_step", "task_id": 9, "batch": 7700, "projected": 21, "collected": 25, "mean_removed_ratio": 0.06210457648904551, "strict_current_topk": false, "project_active_experts": [0, 2, 3, 4, 6, 7, 8, 9, 10, 11, 12, 14, 15, 19, 20, 21]}
{"event": "split_lite_step", "task_id": 9, "batch": 7720, "projected": 21, "collected": 25, "mean_removed_ratio": 0.048513926033462794, "strict_current_topk": false, "project_active_experts": [0, 2, 3, 4, 6, 7, 8, 9, 10, 11, 12, 14, 15, 19, 20, 21]}
{"event": "split_lite_step", "task_id": 9, "batch": 7740, "projected": 21, "collected": 25, "mean_removed_ratio": 0.062147079301731925, "strict_current_topk": false, "project_active_experts": [0, 2, 3, 4, 6, 7, 8, 9, 10, 11, 12, 14, 15, 19, 20, 21]}
{"event": "split_lite_step", "task_id": 9, "batch": 7760, "projected": 21, "collected": 25, "mean_removed_ratio": 0.06591527651818026, "strict_current_topk": false, "project_active_experts": [0, 2, 3, 4, 6, 7, 8, 9, 10, 11, 12, 14, 15, 19, 20, 21]}
{"event": "split_lite_step", "task_id": 9, "batch": 7780, "projected": 21, "collected": 25, "mean_removed_ratio": 0.04993268607982567, "strict_current_topk": false, "project_active_experts": [0, 2, 3, 4, 6, 7, 8, 9, 10, 11, 12, 14, 15, 19, 20, 21]}
{"event": "split_lite_step", "task_id": 9, "batch": 7800, "projected": 21, "collected": 25, "mean_removed_ratio": 0.05605553853369895, "strict_current_topk": false, "project_active_experts": [0, 2, 3, 4, 6, 7, 8, 9, 10, 11, 12, 14, 15, 19, 20, 21]}
{"event": "split_lite_step", "task_id": 9, "batch": 7820, "projected": 21, "collected": 25, "mean_removed_ratio": 0.05672640238134634, "strict_current_topk": false, "project_active_experts": [0, 2, 3, 4, 6, 7, 8, 9, 10, 11, 12, 14, 15, 19, 20, 21]}
{"event": "split_lite_step", "task_id": 9, "batch": 7840, "projected": 21, "collected": 25, "mean_removed_ratio": 0.041956438638624693, "strict_current_topk": false, "project_active_experts": [0, 2, 3, 4, 6, 7, 8, 9, 10, 11, 12, 14, 15, 19, 20, 21]}
{"event": "split_lite_step", "task_id": 9, "batch": 7860, "projected": 21, "collected": 25, "mean_removed_ratio": 0.0752277383137317, "strict_current_topk": false, "project_active_experts": [0, 2, 3, 4, 6, 7, 8, 9, 10, 11, 12, 14, 15, 19, 20, 21]}
{"event": "split_lite_step", "task_id": 9, "batch": 7880, "projected": 21, "collected": 25, "mean_removed_ratio": 0.05771867726885137, "strict_current_topk": false, "project_active_experts": [0, 2, 3, 4, 6, 7, 8, 9, 10, 11, 12, 14, 15, 19, 20, 21]}
{"event": "split_lite_step", "task_id": 9, "batch": 7900, "projected": 21, "collected": 25, "mean_removed_ratio": 0.05027886657487778, "strict_current_topk": false, "project_active_experts": [0, 2, 3, 4, 6, 7, 8, 9, 10, 11, 12, 14, 15, 19, 20, 21]}
{"event": "split_lite_step", "task_id": 9, "batch": 7920, "projected": 21, "collected": 25, "mean_removed_ratio": 0.05910542758092994, "strict_current_topk": false, "project_active_experts": [0, 2, 3, 4, 6, 7, 8, 9, 10, 11, 12, 14, 15, 19, 20, 21]}
{"event": "split_lite_step", "task_id": 9, "batch": 7940, "projected": 21, "collected": 25, "mean_removed_ratio": 0.052226889168932325, "strict_current_topk": false, "project_active_experts": [0, 2, 3, 4, 6, 7, 8, 9, 10, 11, 12, 14, 15, 19, 20, 21]}
{"event": "split_lite_step", "task_id": 9, "batch": 7960, "projected": 21, "collected": 25, "mean_removed_ratio": 0.0604136178181285, "strict_current_topk": false, "project_active_experts": [0, 2, 3, 4, 6, 7, 8, 9, 10, 11, 12, 14, 15, 19, 20, 21]}
{"event": "split_lite_step", "task_id": 9, "batch": 7980, "projected": 21, "collected": 25, "mean_removed_ratio": 0.05795257024112202, "strict_current_topk": false, "project_active_experts": [0, 2, 3, 4, 6, 7, 8, 9, 10, 11, 12, 14, 15, 19, 20, 21]}
{"event": "split_lite_step", "task_id": 9, "batch": 8000, "projected": 21, "collected": 25, "mean_removed_ratio": 0.060638977480786185, "strict_current_topk": false, "project_active_experts": [0, 2, 3, 4, 6, 7, 8, 9, 10, 11, 12, 14, 15, 19, 20, 21]}
{"event": "split_lite_step", "task_id": 9, "batch": 8020, "projected": 21, "collected": 25, "mean_removed_ratio": 0.08902488746458576, "strict_current_topk": false, "project_active_experts": [0, 2, 3, 4, 6, 7, 8, 9, 10, 11, 12, 14, 15, 19, 20, 21]}
{"event": "split_lite_step", "task_id": 9, "batch": 8040, "projected": 21, "collected": 25, "mean_removed_ratio": 0.05050604497747762, "strict_current_topk": false, "project_active_experts": [0, 2, 3, 4, 6, 7, 8, 9, 10, 11, 12, 14, 15, 19, 20, 21]}
{"event": "split_lite_step", "task_id": 9, "batch": 8060, "projected": 21, "collected": 25, "mean_removed_ratio": 0.05787770858123189, "strict_current_topk": false, "project_active_experts": [0, 2, 3, 4, 6, 7, 8, 9, 10, 11, 12, 14, 15, 19, 20, 21]}
{"event": "split_lite_step", "task_id": 9, "batch": 8080, "projected": 21, "collected": 25, "mean_removed_ratio": 0.0413816844423612, "strict_current_topk": false, "project_active_experts": [0, 2, 3, 4, 6, 7, 8, 9, 10, 11, 12, 14, 15, 19, 20, 21]}
{"event": "split_lite_step", "task_id": 9, "batch": 8100, "projected": 21, "collected": 25, "mean_removed_ratio": 0.06421731226146221, "strict_current_topk": false, "project_active_experts": [0, 2, 3, 4, 6, 7, 8, 9, 10, 11, 12, 14, 15, 19, 20, 21]}
{"event": "split_lite_step", "task_id": 9, "batch": 8120, "projected": 21, "collected": 25, "mean_removed_ratio": 0.05501191770391805, "strict_current_topk": false, "project_active_experts": [0, 2, 3, 4, 6, 7, 8, 9, 10, 11, 12, 14, 15, 19, 20, 21]}
{"event": "split_lite_step", "task_id": 9, "batch": 8140, "projected": 21, "collected": 25, "mean_removed_ratio": 0.06521373419534593, "strict_current_topk": false, "project_active_experts": [0, 2, 3, 4, 6, 7, 8, 9, 10, 11, 12, 14, 15, 19, 20, 21]}
{"event": "split_lite_step", "task_id": 9, "batch": 8160, "projected": 21, "collected": 25, "mean_removed_ratio": 0.06581527234188148, "strict_current_topk": false, "project_active_experts": [0, 2, 3, 4, 6, 7, 8, 9, 10, 11, 12, 14, 15, 19, 20, 21]}
{"event": "split_lite_step", "task_id": 9, "batch": 8180, "projected": 21, "collected": 25, "mean_removed_ratio": 0.04516965177442346, "strict_current_topk": false, "project_active_experts": [0, 2, 3, 4, 6, 7, 8, 9, 10, 11, 12, 14, 15, 19, 20, 21]}
{"event": "split_lite_task_finish", "task_id": 9, "rank": 8, "alpha": 0.2, "interval": 20, "buffer_size": 24, "expert_threshold": 0.03, "active_topk": 16, "strict_current_topk": false, "active_experts": [0, 2, 3, 4, 6, 7, 8, 9, 10, 11, 12, 14, 15, 19, 20, 21], "usage": {"vector": [0.11051686853170395, 0.0, 0.11526897549629211, 0.06930764019489288, 0.055192358791828156, 0.0, 0.07021930068731308, 0.027036037296056747, 0.046700771898031235, 0.06721777468919754, 0.043241918087005615, 0.034808240830898285, 0.03420540690422058, 0.021680353209376335, 0.038238875567913055, 0.09862211346626282, 0.007566556800156832, 0.0067707025445997715, 0.003706068731844425, 0.05808178707957268, 0.025955842807888985, 0.03689735755324364, 0.014293456450104713, 0.0, 0.014471632428467274], "top3": [2, 0, 15], "top5": [2, 0, 15, 6, 3], "top3_mass": 0.3244079649448395, "top5_mass": 0.46393489837646484, "entropy": 2.845876693725586, "max_entropy": 3.2188758248682006}, "basis_sizes": {"e_pv": {"0": 8, "2": 8, "3": 8, "4": 8, "6": 8, "7": 8, "8": 8, "9": 8, "10": 8, "11": 8, "12": 8, "14": 8, "15": 8, "19": 8, "20": 8, "21": 8}}, "stats": {"project_calls": 410, "projected_vectors": 6786, "collected_vectors": 10250, "skipped_steps": 7780}, "diagnostics": {"expert_usage_mode": "old_union", "previous_selected_jaccard": 1.0, "cp_overlap": null}}
